source,sequence,index,camera,red_mean,green_mean,blue_mean,luma_mean,luma_std,luma_p05,luma_p50,luma_p95,black_clip_fraction,white_clip_fraction,saturation_mean,laplacian_variance,tenengrad_mean,edge_density,fft_high_frequency_ratio,feature_knn_cosine,feature_percentile,state_knn_rms,state_percentile,matched_episode,matched_frame
reference,episode_000034,0,0,0.3847139775753021,0.33741647005081177,0.30867448449134827,0.3453967571258545,0.25604942440986633,0.011749019846320152,0.2892133593559265,0.7158353328704834,0.0264469068877551,0.0,0.35488417744636536,956.4411319028037,11268.078882334185,0.06819993622448979,0.02584417536854744,,,,,,
reference,episode_000034,0,1,0.39626505970954895,0.34710589051246643,0.3071814179420471,0.3546745777130127,0.2368461787700653,0.013720001094043255,0.3527953028678894,0.6982609629631042,0.01735889668367347,0.0,0.36842969059944153,1083.8288969113794,13634.019650829081,0.07818478954081633,0.02926354669034481,,,,,,
reference,episode_000034,1,0,0.3845701813697815,0.3374561667442322,0.3088341951370239,0.34540611505508423,0.25613152980804443,0.011218824423849583,0.28920236229896545,0.7164062261581421,0.02889827806122449,0.0,0.3551930785179138,953.9479802869251,11274.265704719388,0.06736288265306123,0.02582441456615925,,,,,,
reference,episode_000034,1,1,0.396282434463501,0.3470936119556427,0.30734363198280334,0.3546811640262604,0.2368156760931015,0.013720001094043255,0.3525749146938324,0.6978588700294495,0.017020089285714284,0.0,0.3676518499851227,1084.432665343485,13624.616948341836,0.07686941964285714,0.02926078997552395,,,,,,
reference,episode_000034,2,0,0.3846326172351837,0.33726415038108826,0.30865323543548584,0.34526899456977844,0.25605103373527527,0.011218824423849583,0.28921806812286377,0.7161027193069458,0.026646205357142856,0.0,0.357168972492218,957.9693744282879,11263.941007653062,0.06786112882653061,0.025827087461948395,,,,,,
reference,episode_000034,2,1,0.39625513553619385,0.3470025658607483,0.3072590231895447,0.35460418462753296,0.23682717978954315,0.013720001094043255,0.3527953028678894,0.6984637379646301,0.017458545918367346,0.0,0.36761021614074707,1079.431923428956,13639.05580357143,0.07808514030612244,0.029270153492689133,,,,,,
reference,episode_000034,3,0,0.3845268487930298,0.33733636140823364,0.308625191450119,0.34529614448547363,0.2560354769229889,0.011672156862914562,0.2889506220817566,0.7158353328704834,0.024932238520408163,0.0,0.35635095834732056,956.4389112568655,11263.337213010203,0.06782126913265306,0.025829074904322624,,,,,,
reference,episode_000034,3,1,0.39636361598968506,0.3470345437526703,0.30716490745544434,0.3546433448791504,0.23679381608963013,0.013720001094043255,0.35252782702445984,0.6992635130882263,0.018694196428571428,0.0,0.3681311309337616,1082.7851687554069,13614.291414221938,0.07700892857142858,0.0292364414781332,,,,,,
reference,episode_000034,4,0,0.38443124294281006,0.33722028136253357,0.3086429238319397,0.34519410133361816,0.25600406527519226,0.011445490643382072,0.28874433040618896,0.7158741354942322,0.02521125637755102,0.0,0.3559819757938385,954.3883342877967,11285.611367984693,0.06953523596938775,0.025880856439471245,,,,,,
reference,episode_000034,4,1,0.396340936422348,0.3471328616142273,0.3072293996810913,0.35471343994140625,0.23686164617538452,0.013720001094043255,0.3525905907154083,0.6998298168182373,0.019292091836734693,0.0,0.36782190203666687,1077.071914283597,13643.341757015307,0.0774673150510204,0.029272018000483513,,,,,,
reference,episode_000034,5,0,0.3844729959964752,0.33734017610549927,0.30871960520744324,0.34529420733451843,0.2560131847858429,0.011218824423849583,0.28865179419517517,0.7161027193069458,0.027463329081632654,0.0,0.35524022579193115,964.3465059114367,11291.563536352041,0.06923628826530612,0.025902744382619858,,,,,,
reference,episode_000034,5,1,0.396429181098938,0.34710437059402466,0.30733808875083923,0.35471975803375244,0.23679815232753754,0.013720001094043255,0.35252782702445984,0.6996057033538818,0.019072863520408163,0.0,0.36685827374458313,1083.5660502959272,13623.32278380102,0.07854352678571429,0.029247118160128593,,,,,,
reference,episode_000034,6,0,0.38457298278808594,0.3372766971588135,0.3086874485015869,0.34526774287223816,0.25603726506233215,0.011218824423849583,0.28853845596313477,0.7158353328704834,0.026745854591836735,0.0,0.3555520474910736,962.2166164955066,11283.936503507653,0.06961495535714286,0.025912025943398476,,,,,,
reference,episode_000034,6,1,0.39654532074928284,0.34713214635849,0.3075244128704071,0.3547777533531189,0.23682251572608948,0.013720001094043255,0.3527953028678894,0.6978588700294495,0.017737563775510203,0.0,0.3684626519680023,1080.7141768909503,13627.160076530612,0.076171875,0.029218235984444618,,,,,,
reference,episode_000034,7,0,0.38470038771629333,0.33733728528022766,0.3087005913257599,0.3453390896320343,0.2560439109802246,0.011218824423849583,0.2886565029621124,0.7161027193069458,0.027144451530612245,0.0,0.3546161353588104,956.325586980703,11263.998923788266,0.06818000637755102,0.02584771439433098,,,,,,
reference,episode_000034,7,1,0.3965851068496704,0.347155898809433,0.3075069189071655,0.3548019230365753,0.23684583604335785,0.013720001094043255,0.353069007396698,0.6998298168182373,0.017857142857142856,0.0,0.36792120337486267,1088.6923637580792,13614.513950892857,0.07661033163265306,0.0292026586830616,,,,,,
reference,episode_000034,8,0,0.38464707136154175,0.3374345302581787,0.3086243271827698,0.3453918397426605,0.2560828626155853,0.011218824423849583,0.2889506220817566,0.7161027193069458,0.027383609693877552,0.0,0.35600724816322327,959.9965112659148,11276.990513392857,0.0677016900510204,0.02586759254336357,,,,,,
reference,episode_000034,8,1,0.39656856656074524,0.3471868336200714,0.307448148727417,0.3548162877559662,0.23677998781204224,0.013720001094043255,0.3527953028678894,0.6998298168182373,0.018355389030612245,0.0,0.36748024821281433,1081.6847658487022,13615.273078762755,0.07712850765306123,0.029189640656113625,,,,,,
reference,episode_000034,9,0,0.38452184200286865,0.33748486638069153,0.3088037669658661,0.34541410207748413,0.2560639977455139,0.011749019846320152,0.28865179419517517,0.7161027193069458,0.0274234693877551,0.0,0.3543311059474945,965.1485186365932,11291.330317283164,0.0684390943877551,0.025912541896104813,,,,,,
reference,episode_000034,9,1,0.3963955044746399,0.3471877872943878,0.30736303329467773,0.3547740578651428,0.23679140210151672,0.013720001094043255,0.3527953028678894,0.6998298168182373,0.018036511479591837,0.0,0.3683456480503082,1081.0066597047621,13607.35279815051,0.07946029974489796,0.029180338606238365,,,,,,
reference,episode_000034,10,0,0.38465601205825806,0.3373946249485016,0.30878984928131104,0.3453771770000458,0.2560499310493469,0.011218824423849583,0.2894650995731354,0.7161027193069458,0.0274234693877551,0.0,0.35594305396080017,955.5820803846831,11275.181680484693,0.06760204081632654,0.025860775262117386,,,,,,
reference,episode_000034,10,1,0.39650166034698486,0.3471522033214569,0.3073417842388153,0.3547695577144623,0.23674480617046356,0.013720001094043255,0.35252782702445984,0.6998298168182373,0.01638233418367347,1.992984693877551e-05,0.3687855899333954,1080.7263474275746,13584.750757334185,0.07635124362244898,0.0291404128074646,,,,,,
reference,episode_000034,11,0,0.384787917137146,0.3373500406742096,0.3086985945701599,0.3453666865825653,0.25605371594429016,0.011749019846320152,0.28879451751708984,0.7161027193069458,0.0284000318877551,0.0,0.35523876547813416,957.7799752361324,11279.72767857143,0.06696428571428571,0.025871213525533676,,,,,,
reference,episode_000034,11,1,0.3964437246322632,0.3472761809825897,0.30752503871917725,0.3548591732978821,0.2367224097251892,0.013720001094043255,0.3525749146938324,0.6998298168182373,0.01815609056122449,0.0,0.3684536814689636,1081.3194554176791,13552.901068239797,0.0771484375,0.029069356620311737,,,,,,
reference,episode_000034,12,0,0.38465967774391174,0.3373965322971344,0.3089100420475006,0.3453879952430725,0.2560472786426544,0.011218824423849583,0.28895294666290283,0.7160870432853699,0.027224170918367346,0.0,0.35505998134613037,957.1687579220505,11276.086734693878,0.0680404974489796,0.02585114724934101,,,,,,
reference,episode_000034,12,1,0.3967146575450897,0.34735575318336487,0.307643324136734,0.3549822270870209,0.23676595091819763,0.013720001094043255,0.35309410095214844,0.6998298168182373,0.0174984056122449,0.0,0.3674379587173462,1069.7383590310576,13519.189453125,0.07623166454081633,0.028933804482221603,,,,,,
reference,episode_000034,13,0,0.3846363425254822,0.3374195992946625,0.3088838756084442,0.3453976511955261,0.2560960054397583,0.011749019846320152,0.2889576554298401,0.7158353328704834,0.026745854591836735,0.0,0.3539770543575287,952.0609576484651,11269.430604272959,0.06861846301020408,0.02582334540784359,,,,,,
reference,episode_000034,13,1,0.3967527747154236,0.3475751578807831,0.30770793557167053,0.355151891708374,0.23679107427597046,0.013720001094043255,0.3530988097190857,0.6998298168182373,0.01805644132653061,0.0,0.3667457699775696,1080.0746658143278,13504.765066964286,0.07728794642857142,0.028934739530086517,,,,,,
reference,episode_000034,14,0,0.384830117225647,0.337569922208786,0.30893513560295105,0.34554994106292725,0.25608178973197937,0.011218824423849583,0.28920236229896545,0.7161027193069458,0.027463329081632654,0.0,0.35550397634506226,952.2740060535385,11253.908561862245,0.06810028698979592,0.02578323893249035,,,,,,
reference,episode_000034,14,1,0.39709383249282837,0.34768152236938477,0.3079553246498108,0.3553183376789093,0.2368718534708023,0.013720001094043255,0.3530988097190857,0.7001333832740784,0.0185546875,0.0,0.3667987883090973,1083.6383819881949,13534.232860331633,0.07567362882653061,0.028991973027586937,,,,,,
reference,episode_000034,15,0,0.38484928011894226,0.33770471811294556,0.309009313583374,0.3456558287143707,0.2561790347099304,0.011218824423849583,0.28921806812286377,0.7161027193069458,0.026785714285714284,0.0,0.35435986518859863,949.1372831011751,11273.409239477041,0.06821986607142858,0.025798972696065903,,,,,,
reference,episode_000034,15,1,0.3971697688102722,0.3477986752986908,0.3079985976219177,0.35542142391204834,0.23687663674354553,0.013720001094043255,0.3530988097190857,0.7009317874908447,0.0176578443877551,0.0,0.3670971393585205,1076.9660626673194,13522.152981505102,0.07653061224489796,0.028946397826075554,,,,,,
reference,episode_000034,16,0,0.38503244519233704,0.33772993087768555,0.30911239981651306,0.3457202911376953,0.25619935989379883,0.011218824423849583,0.28921806812286377,0.7161027193069458,0.02662627551020408,0.0,0.3557908236980438,953.5168396494182,11273.02734375,0.06788105867346939,0.025799034163355827,,,,,,
reference,episode_000034,16,1,0.3973384499549866,0.3479350805282593,0.30798155069351196,0.3555535674095154,0.23695948719978333,0.013720001094043255,0.3530988097190857,0.7004417181015015,0.017578125,0.0,0.3671799600124359,1069.2324195168308,13512.484454719388,0.07770647321428571,0.028874797746539116,,,,,,
reference,episode_000034,17,0,0.3849993348121643,0.33788156509399414,0.3092959225177765,0.345834881067276,0.2562207877635956,0.011218824423849583,0.2892792224884033,0.7161027193069458,0.02672592474489796,0.0,0.35353076457977295,951.9003295898438,11251.614556760203,0.0682796556122449,0.025761350989341736,,,,,,
reference,episode_000034,17,1,0.39760398864746094,0.3481425940990448,0.3082442879676819,0.355777382850647,0.23701591789722443,0.013720001094043255,0.35333096981048584,0.7003490328788757,0.01700015943877551,0.0,0.3671938478946686,1070.63411650326,13500.966637436224,0.07744738520408163,0.028829867020249367,,,,,,
reference,episode_000034,18,0,0.3851848542690277,0.3379107415676117,0.3091906011104584,0.34588760137557983,0.2561790943145752,0.011218824423849583,0.28919294476509094,0.7161027193069458,0.026566485969387755,0.0,0.3550168573856354,955.874521982367,11246.459382971938,0.06845902423469388,0.025733785703778267,,,,,,
reference,episode_000034,18,1,0.39781734347343445,0.3483893871307373,0.3085916340351105,0.3560243844985962,0.23713107407093048,0.013720001094043255,0.3540513813495636,0.7009670734405518,0.01805644132653061,0.0,0.36813685297966003,1083.377573791021,13514.855827487245,0.07850366709183673,0.02880563586950302,,,,,,
reference,episode_000034,19,0,0.3852652609348297,0.3379557430744171,0.3093997538089752,0.34595197439193726,0.256219744682312,0.011729803867638111,0.2898690104484558,0.7161027193069458,0.02668606505102041,0.0,0.354080468416214,953.8862484396125,11267.360530931122,0.0684390943877551,0.02575707994401455,,,,,,
reference,episode_000034,19,1,0.39812949299812317,0.34878307580947876,0.3088206648826599,0.35638880729675293,0.2372792810201645,0.013720001094043255,0.3544784486293793,0.7009670734405518,0.018136160714285716,0.0,0.3676968812942505,1084.6304969199743,13532.117147640307,0.07967952806122448,0.028838571161031723,,,,,,
reference,episode_000034,20,0,0.38519278168678284,0.33797094225883484,0.30939728021621704,0.345947265625,0.25623375177383423,0.011672156862914562,0.28921806812286377,0.7161027193069458,0.02574936224489796,0.0,0.35251274704933167,960.179445469295,11272.392936862245,0.06758211096938775,0.025785554200410843,,,,,,
reference,episode_000034,20,1,0.3985956013202667,0.3491721749305725,0.30920806527137756,0.35679420828819275,0.23738116025924683,0.013720001094043255,0.3552651107311249,0.7009670734405518,0.01739875637755102,0.0,0.36757713556289673,1085.8643126195789,13537.140744579081,0.07736766581632654,0.028778797015547752,,,,,,
reference,episode_000034,21,0,0.3853134214878082,0.3379359245300293,0.30939221382141113,0.3459475338459015,0.25622671842575073,0.0117647061124444,0.28921806812286377,0.7161027193069458,0.025091677295918366,0.0,0.35419201850891113,957.4028110321437,11274.743463010203,0.06919642857142858,0.025747571140527725,,,,,,
reference,episode_000034,21,1,0.39907824993133545,0.3496171236038208,0.30966323614120483,0.35724788904190063,0.23746299743652344,0.013720001094043255,0.35593801736831665,0.7009670734405518,0.01721938775510204,0.0,0.3672988712787628,1089.9219725992916,13537.526387117347,0.07758689413265306,0.028750641271471977,,,,,,
reference,episode_000034,22,0,0.38524895906448364,0.3378943204879761,0.3092542886734009,0.34589409828186035,0.25622010231018066,0.011218824423849583,0.28921806812286377,0.7161027193069458,0.02686543367346939,0.0,0.35552287101745605,957.7777606943457,11287.303332270409,0.0682796556122449,0.025765428319573402,,,,,,
reference,episode_000034,22,1,0.3995896279811859,0.3499302864074707,0.3098911941051483,0.3575970530509949,0.23750734329223633,0.013720001094043255,0.3564494252204895,0.701780378818512,0.01887356505102041,0.0,0.366680771112442,1079.196748671955,13538.797074298469,0.0774673150510204,0.02870669960975647,,,,,,
reference,episode_000034,23,0,0.385204553604126,0.3379216194152832,0.30919069051742554,0.3458995819091797,0.2561570405960083,0.011445490643382072,0.28921806812286377,0.7163294553756714,0.02686543367346939,0.0,0.3554435968399048,967.4871686608133,11306.181441326531,0.0686782525510204,0.025832688435912132,,,,,,
reference,episode_000034,23,1,0.4000067114830017,0.35039955377578735,0.3101992607116699,0.3580435514450073,0.23749801516532898,0.013720001094043255,0.35702040791511536,0.701780378818512,0.01775749362244898,0.0,0.36773934960365295,1083.9799592154366,13548.087093431122,0.07762675382653061,0.02871742844581604,,,,,,
reference,episode_000034,24,0,0.385171115398407,0.33780428767204285,0.30922678112983704,0.345811128616333,0.25607314705848694,0.011749019846320152,0.2894650995731354,0.7158195972442627,0.02694515306122449,0.0,0.35410740971565247,970.207994159983,11296.764349489797,0.0684390943877551,0.025834301486611366,,,,,,
reference,episode_000034,24,1,0.4003429114818573,0.35066619515419006,0.3104785978794098,0.35832592844963074,0.23754501342773438,0.013720001094043255,0.35702040791511536,0.7023670077323914,0.017777423469387755,0.0,0.36811113357543945,1094.575017920339,13566.801977040815,0.07756696428571429,0.02876930870115757,,,,,,
reference,episode_000034,25,0,0.38517633080482483,0.3378087282180786,0.30924591422080994,0.34581682085990906,0.256094753742218,0.011749019846320152,0.2887027859687805,0.7158353328704834,0.026347257653061226,0.0,0.35367143154144287,974.424943306306,11298.011559311224,0.06887755102040816,0.025891313329339027,,,,,,
reference,episode_000034,25,1,0.4007148742675781,0.35100385546684265,0.310761034488678,0.35866686701774597,0.2374856024980545,0.013735687360167503,0.35758668184280396,0.7021043300628662,0.0166812818877551,0.0,0.3676809072494507,1092.6067705543674,13547.192203443878,0.07906170280612244,0.028712065890431404,,,,,,
reference,episode_000034,26,0,0.385138601064682,0.3377085328102112,0.30898523330688477,0.3457183539867401,0.2560080289840698,0.011749019846320152,0.28948158025741577,0.7158353328704834,0.024972098214285716,0.0,0.35648083686828613,974.38770681498,11307.603714923469,0.06955516581632654,0.025903133675456047,,,,,,
reference,episode_000034,26,1,0.40120556950569153,0.35127586126327515,0.3108876943588257,0.3589748442173004,0.23750977218151093,0.013735687360167503,0.35758668184280396,0.7023670077323914,0.01624282525510204,0.0,0.36750486493110657,1077.155340966062,13526.61802455357,0.07860331632653061,0.0286385677754879,,,,,,
reference,episode_000034,27,0,0.38506484031677246,0.33764201402664185,0.30888867378234863,0.3456481099128723,0.25597402453422546,0.0117647061124444,0.28921806812286377,0.7155160903930664,0.02734375,0.0,0.3543032109737396,973.0958726299846,11321.723294005102,0.06818000637755102,0.025970930233597755,,,,,,
reference,episode_000034,27,1,0.40145742893218994,0.35168153047561646,0.31140902638435364,0.35935619473457336,0.23759399354457855,0.013735687360167503,0.35815295577049255,0.701780378818512,0.017378826530612245,0.0,0.36728036403656006,1099.5490011666427,13571.080397002552,0.07824457908163265,0.028760313987731934,,,,,,
reference,episode_000034,28,0,0.38507434725761414,0.33755338191986084,0.3088155686855316,0.3455815315246582,0.2559497654438019,0.011753726750612259,0.28921806812286377,0.7158353328704834,0.02451371173469388,0.0,0.3553164005279541,971.9857864503012,11309.703204719388,0.06927614795918367,0.025980833917856216,,,,,,
reference,episode_000034,28,1,0.40188056230545044,0.3519640564918518,0.3116249144077301,0.35966378450393677,0.23755958676338196,0.013720001094043255,0.35789644718170166,0.7025356888771057,0.017299107142857144,0.0,0.3670608699321747,1083.346877202944,13520.086814413266,0.07995854591836735,0.02863379754126072,,,,,,
reference,episode_000034,29,0,0.3848349452018738,0.3374406099319458,0.308685302734375,0.34544044733047485,0.25585728883743286,0.011749019846320152,0.2886439561843872,0.7158353328704834,0.024872448979591837,0.0,0.3551701009273529,971.8066007204227,11321.094626913266,0.06961495535714286,0.0260560791939497,,,,,,
reference,episode_000034,29,1,0.4020445644855499,0.3522230386734009,0.3117387592792511,0.3598921298980713,0.23756280541419983,0.013720001094043255,0.35769766569137573,0.7028863430023193,0.017578125,0.0,0.36653319001197815,1090.8482740716802,13506.13157684949,0.07954001913265306,0.028695907443761826,,,,,,
reference,episode_000034,30,0,0.38471752405166626,0.3372552692890167,0.3085814416408539,0.34527552127838135,0.25585174560546875,0.011785099282860756,0.28782039880752563,0.7155160903930664,0.024792729591836735,0.0,0.3550155758857727,981.2470661303939,11348.531449298469,0.07015306122448979,0.026182185858488083,,,,,,
reference,episode_000034,30,1,0.4025212526321411,0.35239559412002563,0.3118211328983307,0.3601228892803192,0.23764601349830627,0.013735687360167503,0.35758668184280396,0.7037513852119446,0.016900510204081634,0.0,0.36774754524230957,1086.3038561879373,13499.994937818878,0.0791015625,0.028711019083857536,,,,,,
reference,episode_000034,31,0,0.3846229612827301,0.33718353509902954,0.3084046244621277,0.3451913595199585,0.25572848320007324,0.01288627553731203,0.288065105676651,0.7158195972442627,0.023238201530612245,0.0,0.35574886202812195,977.907727743178,11337.162268813776,0.06917649872448979,0.026193728670477867,,,,,,
reference,episode_000034,31,1,0.4029867649078369,0.3528091311454773,0.31230977177619934,0.3605528473854065,0.23766082525253296,0.013720001094043255,0.35824042558670044,0.7034525871276855,0.01707987882653061,0.0,0.3664108216762543,1093.311448776836,13481.746851084185,0.07786591198979592,0.02874954417347908,,,,,,
reference,episode_000034,32,0,0.38457414507865906,0.3369792699813843,0.30828607082366943,0.34502625465393066,0.2556770145893097,0.01288627553731203,0.28806746006011963,0.7158195972442627,0.02369658801020408,0.0,0.3558422029018402,965.110240929924,11326.826171875,0.06905691964285714,0.026207050308585167,,,,,,
reference,episode_000034,32,1,0.40353530645370483,0.3535822927951813,0.3129085302352905,0.3612656891345978,0.23767147958278656,0.013735687360167503,0.3586784303188324,0.7034525871276855,0.01789700255102041,0.0,0.36755266785621643,1072.1369478526785,13465.074298469388,0.07788584183673469,0.028719384223222733,,,,,,
reference,episode_000034,33,0,0.3843899965286255,0.33687031269073486,0.3081090450286865,0.34489643573760986,0.2556532621383667,0.011749019846320152,0.28724709153175354,0.714131772518158,0.026128029336734693,0.0,0.3560566306114197,982.8903313680073,11344.24485809949,0.0703125,0.026332290843129158,,,,,,
reference,episode_000034,33,1,0.4043346047401428,0.35409340262413025,0.31344538927078247,0.36183983087539673,0.23758390545845032,0.013735687360167503,0.35965532064437866,0.7031956911087036,0.017199457908163265,0.0,0.3682478368282318,1066.5276868276824,13427.548549107143,0.07860331632653061,0.028698619455099106,,,,,,
reference,episode_000034,34,0,0.38422173261642456,0.3367347717285156,0.30790263414382935,0.3447487950325012,0.2556299567222595,0.01288627553731203,0.28703296184539795,0.7141521573066711,0.023975605867346938,0.0,0.35780069231987,970.5424188516976,11321.744579081633,0.06939572704081633,0.0263089407235384,,,,,,
reference,episode_000034,34,1,0.40502238273620605,0.35468244552612305,0.313799113035202,0.36243289709091187,0.23756326735019684,0.013735687360167503,0.3600674271583557,0.7034525871276855,0.01624282525510204,0.0,0.36865997314453125,1060.9440809168054,13421.697504783164,0.07852359693877552,0.028734421357512474,,,,,,
reference,episode_000034,35,0,0.3841983377933502,0.3366668224334717,0.3079260587692261,0.34469693899154663,0.25563573837280273,0.0117647061124444,0.28724709153175354,0.7155160903930664,0.02499202806122449,0.0,0.35621556639671326,974.8539725906996,11329.889269770409,0.06929607780612244,0.02635360322892666,,,,,,
reference,episode_000034,35,1,0.40607398748397827,0.3554851710796356,0.314728319644928,0.3632977604866028,0.23769088089466095,0.013735687360167503,0.36063843965530396,0.7034525871276855,0.017617984693877552,0.0,0.36644741892814636,1071.2983301838751,13442.607501594388,0.07876275510204081,0.028705447912216187,,,,,,
reference,episode_000034,36,0,0.3840729594230652,0.336481511592865,0.3077240586280823,0.3445231318473816,0.2556034326553345,0.0117647061124444,0.28668081760406494,0.714131772518158,0.02654655612244898,0.0,0.3569149076938629,976.0568830608477,11341.419921875,0.06825972576530612,0.02639639377593994,,,,,,
reference,episode_000034,36,1,0.4071565270423889,0.356581449508667,0.315816193819046,0.36439040303230286,0.23771946132183075,0.013735687360167503,0.36207452416419983,0.7037513852119446,0.01642219387755102,0.0,0.3651725947856903,1057.7671498604886,13427.677814094388,0.07882254464285714,0.028566481545567513,,,,,,
reference,episode_000034,37,0,0.3840426206588745,0.3364301323890686,0.3076677620410919,0.3444759249687195,0.2556160092353821,0.01288627553731203,0.2861662805080414,0.7155160903930664,0.023417570153061226,0.0,0.35612624883651733,963.3330623383621,11331.652582908164,0.0699936224489796,0.026340190321207047,,,,,,
reference,episode_000034,37,1,0.4082547426223755,0.35758060216903687,0.31692755222320557,0.36541876196861267,0.2378951907157898,0.013735687360167503,0.36312395334243774,0.7043750882148743,0.015744579081632654,0.0,0.3659692406654358,1055.0875530616288,13422.98561065051,0.0784438775510204,0.02839134819805622,,,,,,
reference,episode_000034,38,0,0.38390958309173584,0.336355596780777,0.30766940116882324,0.34439441561698914,0.2556939721107483,0.01288627553731203,0.28668081760406494,0.715091347694397,0.024274553571428572,0.0,0.3568710386753082,972.5053504962117,11296.139588647959,0.06943558673469388,0.026357978582382202,,,,,,
reference,episode_000034,38,1,0.4091029167175293,0.3583584725856781,0.3174707591533661,0.36619457602500916,0.237836092710495,0.014023530296981335,0.3637733459472656,0.7042705416679382,0.015904017857142856,0.0,0.36672842502593994,1054.3098247036346,13402.773517219388,0.07770647321428571,0.028224635869264603,,,,,,
reference,episode_000034,39,0,0.3836812674999237,0.33620479702949524,0.3073105216026306,0.3442121148109436,0.25571656227111816,0.012052549980580807,0.2861098051071167,0.7142645120620728,0.024932238520408163,0.0,0.35790562629699707,973.6900703715364,11294.176538584185,0.06879783163265306,0.026388544589281082,,,,,,
reference,episode_000034,39,1,0.40987685322761536,0.35888224840164185,0.31812313199043274,0.3667808771133423,0.23787376284599304,0.013735687360167503,0.36429256200790405,0.704888641834259,0.01682079081632653,0.0,0.3643656373023987,1076.103023603329,13489.80859375,0.07860331632653061,0.02833457663655281,,,,,,
reference,episode_000034,40,0,0.38355812430381775,0.33604341745376587,0.3071012794971466,0.3440554141998291,0.2556852698326111,0.01288627553731203,0.2855435311794281,0.714698076248169,0.02467315051020408,0.0,0.3568476140499115,960.8175680433794,11286.167610012755,0.06831951530612244,0.026377731934189796,,,,,,
reference,episode_000034,40,1,0.41043320298194885,0.3594159781932831,0.31846654415130615,0.3673056662082672,0.23777222633361816,0.013735687360167503,0.3645505905151367,0.7043633460998535,0.01670121173469388,0.0,0.3648505210876465,1065.848314220535,13510.568160076531,0.07826450892857142,0.028275541961193085,,,,,,
reference,episode_000034,41,0,0.383330374956131,0.33580872416496277,0.3069237768650055,0.3438263237476349,0.2557346522808075,0.0117647061124444,0.2852964699268341,0.7135451436042786,0.02596859056122449,0.0,0.3557446599006653,957.7593245865752,11253.061304209185,0.0696548150510204,0.026331597939133644,,,,,,
reference,episode_000034,41,1,0.41101840138435364,0.35999441146850586,0.31902143359184265,0.3678838312625885,0.2377115786075592,0.013735687360167503,0.3654298186302185,0.7037513852119446,0.015963807397959183,0.0,0.3655872046947479,1071.8037972011352,13541.435586734693,0.07934072066326531,0.02828444540500641,,,,,,
reference,episode_000034,42,0,0.38313156366348267,0.335586816072464,0.30674096941947937,0.3436121642589569,0.25574642419815063,0.012032156810164452,0.2847301959991455,0.714131772518158,0.02473294005102041,0.0,0.357222318649292,962.1160435102622,11236.305325255102,0.0694156568877551,0.02632409892976284,,,,,,
reference,episode_000034,42,1,0.4115099310874939,0.3604292571544647,0.31949493288993835,0.3683335483074188,0.2376667559146881,0.0139415692538023,0.3648635447025299,0.7037513852119446,0.01731903698979592,0.0,0.3647870123386383,1087.4250270421678,13581.968710140307,0.07900191326530612,0.028384225443005562,,,,,,
reference,episode_000034,43,0,0.3829843997955322,0.33525097370147705,0.306378573179245,0.3433144986629486,0.25575509667396545,0.012068236246705055,0.2844596207141876,0.714131772518158,0.0253109056122449,0.0,0.35909029841423035,952.9237810803771,11219.170400191326,0.07077088647959184,0.026313694193959236,,,,,,
reference,episode_000034,43,1,0.4119771718978882,0.360922247171402,0.32023388147354126,0.3688388764858246,0.2376427948474884,0.013735687360167503,0.36595216393470764,0.7037513852119446,0.016183035714285716,0.0,0.3619047701358795,1077.5990926209515,13582.563496492347,0.07862324617346939,0.028356635943055153,,,,,,
reference,episode_000034,44,0,0.3828109800815582,0.3350941836833954,0.30633744597435,0.34316253662109375,0.25583893060684204,0.011628431268036366,0.2833254933357239,0.714131772518158,0.02698501275510204,0.0,0.3585401177406311,950.266028092832,11225.345822704081,0.06911670918367346,0.02635231427848339,,,,,,
reference,episode_000034,44,1,0.41237637400627136,0.36134621500968933,0.3205101490020752,0.36924684047698975,0.23778469860553741,0.013720001094043255,0.3656541109085083,0.7037513852119446,0.017040019132653062,0.0,0.36311429738998413,1085.7687051893026,13610.109175701531,0.07872289540816327,0.02834460884332657,,,,,,
reference,episode_000034,45,0,0.38245177268981934,0.33475953340530396,0.3059312105178833,0.3428175449371338,0.25586962699890137,0.011749019846320152,0.2827592194080353,0.713570237159729,0.02588887117346939,0.0,0.3587553799152374,945.1401165601167,11205.669483418367,0.06887755102040816,0.026322443038225174,,,,,,
reference,episode_000034,45,1,0.41310420632362366,0.361876904964447,0.32118991017341614,0.3698301613330841,0.23790507018566132,0.013735687360167503,0.36631056666374207,0.7040548920631409,0.01700015943877551,0.0,0.3635037839412689,1094.5424624704808,13567.60475127551,0.0799984056122449,0.02825414389371872,,,,,,
reference,episode_000034,46,0,0.3823198974132538,0.3345821797847748,0.3058057725429535,0.3426535725593567,0.25592368841171265,0.01178000122308731,0.28275686502456665,0.7127317786216736,0.02610809948979592,0.0,0.3584481477737427,937.0645192633664,11223.88815369898,0.06839923469387756,0.026351964101195335,,,,,,
reference,episode_000034,46,1,0.41345953941345215,0.36235755681991577,0.3215501308441162,0.37027549743652344,0.23795999586582184,0.013735687360167503,0.3672599792480469,0.7037513852119446,0.017338966836734693,0.0,0.36190274357795715,1084.9373015908586,13490.088169642857,0.07872289540816327,0.028073959052562714,,,,,,
reference,episode_000034,47,0,0.3821421265602112,0.3344345986843109,0.30574995279312134,0.34250617027282715,0.255979984998703,0.012068236246705055,0.2821882367134094,0.7141521573066711,0.02570950255102041,0.0,0.3601744771003723,934.0034757865958,11220.679129464286,0.06889748086734694,0.026373913511633873,,,,,,
reference,episode_000034,47,1,0.4138011038303375,0.36274081468582153,0.3218247592449188,0.3706420958042145,0.23803114891052246,0.013735687360167503,0.3682047128677368,0.7037513852119446,0.01612324617346939,0.0,0.3628299832344055,1090.9102675574168,13504.189094387755,0.07985889668367346,0.028068004176020622,,,,,,
reference,episode_000034,48,0,0.3819401264190674,0.334206223487854,0.305448442697525,0.34227806329727173,0.25592994689941406,0.011615490540862083,0.2821882367134094,0.7127474546432495,0.02521125637755102,0.0,0.35968682169914246,937.5246604683498,11222.63755580357,0.0682796556122449,0.026412077248096466,,,,,,
reference,episode_000034,48,1,0.41409987211227417,0.36283084750175476,0.3219228982925415,0.3707771301269531,0.23798401653766632,0.013735687360167503,0.3682094216346741,0.7040548920631409,0.01709980867346939,0.0,0.3638647496700287,1085.9817627092941,13493.807118941326,0.08013791454081633,0.028000937774777412,,,,,,
reference,episode_000034,49,0,0.3817204535007477,0.3340071439743042,0.3053300976753235,0.3420805335044861,0.2559341490268707,0.0117647061124444,0.2815525531768799,0.7127474546432495,0.024932238520408163,0.0,0.3593262732028961,937.1925853993781,11245.421396683674,0.06881776147959184,0.02646675333380699,,,,,,
reference,episode_000034,49,1,0.41424980759620667,0.3630463480949402,0.32204675674438477,0.37097203731536865,0.23792926967144012,0.013735687360167503,0.36878037452697754,0.7037513852119446,0.016800860969387755,0.0,0.3630189001560211,1078.6675036901831,13475.573182397959,0.08041693239795919,0.02787541039288044,,,,,,
reference,episode_000034,50,0,0.3813968896865845,0.33375227451324463,0.3050878345966339,0.3418119251728058,0.2559282183647156,0.011218824423849583,0.2816219627857208,0.7127317786216736,0.02676578443877551,0.0,0.3601284325122833,941.7910266603742,11259.896125637755,0.06744260204081633,0.026560036465525627,,,,,,
reference,episode_000034,50,1,0.4141259491443634,0.3631918430328369,0.3223279118537903,0.37107008695602417,0.23785768449306488,0.013720001094043255,0.3697713613510132,0.7037513852119446,0.018415178571428572,0.0,0.36214789748191833,1093.1077164404098,13472.781329719388,0.08085538903061225,0.02778875082731247,,,,,,
reference,episode_000034,51,0,0.38125747442245483,0.33356985449790955,0.3048264682292938,0.3416329622268677,0.25586998462677,0.011218824423849583,0.28137490153312683,0.7127474546432495,0.027144451530612245,0.0,0.3601532280445099,933.9984145726527,11260.216438137755,0.06802056760204081,0.026564043015241623,,,,,,
reference,episode_000034,51,1,0.4143858850002289,0.36336007714271545,0.32243812084198,0.3712535500526428,0.2378578633069992,0.013720001094043255,0.3701803982257843,0.702523946762085,0.017378826530612245,0.0,0.36333563923835754,1096.1914513972042,13461.885921556122,0.07987882653061225,0.027626561000943184,,,,,,
reference,episode_000034,52,0,0.38107189536094666,0.3333030939102173,0.3046097159385681,0.3413870632648468,0.255869597196579,0.011218824423849583,0.28052079677581787,0.7127317786216736,0.02871890943877551,0.0,0.3609604239463806,944.1308908486355,11266.825255102041,0.06909677933673469,0.026627544313669205,,,,,,
reference,episode_000034,52,1,0.41469892859458923,0.36364758014678955,0.3227965533733368,0.37155166268348694,0.23795419931411743,0.013720001094043255,0.3707466721534729,0.7037513852119446,0.01815609056122449,0.0,0.3627956807613373,1096.7009952518156,13450.997369260203,0.08045679209183673,0.027450093999505043,,,,,,
reference,episode_000034,53,0,0.38078421354293823,0.33313512802124023,0.30449602007865906,0.34119758009910583,0.25574156641960144,0.0117647061124444,0.2804325520992279,0.7127317786216736,0.02596859056122449,0.0,0.36062100529670715,933.8003055929194,11269.683035714286,0.06863839285714286,0.026672806590795517,,,,,,
reference,episode_000034,53,1,0.41491663455963135,0.36394548416137695,0.3231961727142334,0.3718397915363312,0.23802411556243896,0.013720001094043255,0.37171924114227295,0.7037513852119446,0.017119738520408163,0.0,0.36190149188041687,1089.560704176846,13448.272082270409,0.08065609056122448,0.02729615569114685,,,,,,
reference,episode_000034,54,0,0.38078418374061584,0.33298826217651367,0.30436527729034424,0.3410831093788147,0.2557656466960907,0.011218824423849583,0.28053808212280273,0.7127317786216736,0.027323820153061226,0.0,0.35913896560668945,938.209194124167,11283.33254942602,0.06853874362244898,0.026729512959718704,,,,,,
reference,episode_000034,54,1,0.41523924469947815,0.3641592264175415,0.32349690794944763,0.37208300828933716,0.23810641467571259,0.013720001094043255,0.37269726395606995,0.7037513852119446,0.017697704081632654,0.0,0.361472487449646,1090.3703639067396,13461.168566645409,0.08123405612244898,0.027203068137168884,,,,,,
reference,episode_000034,55,0,0.3806883692741394,0.3328234553337097,0.3040897846221924,0.3409249782562256,0.25572463870048523,0.011218824423849583,0.2796745300292969,0.7127317786216736,0.02893813775510204,0.0,0.36143267154693604,936.0795521940703,11260.51614317602,0.06897720025510204,0.026703663170337677,,,,,,
reference,episode_000034,55,1,0.41544994711875916,0.3644694983959198,0.3238217830657959,0.372373104095459,0.23814533650875092,0.013720001094043255,0.3727019727230072,0.7037513852119446,0.017637914540816327,0.0,0.36194470524787903,1080.470180414161,13447.042330994898,0.07952008928571429,0.02703912742435932,,,,,,
reference,episode_000034,56,0,0.3805176615715027,0.3327523171901703,0.30416858196258545,0.3408434987068176,0.25568702816963196,0.011218824423849583,0.27998512983322144,0.7127317786216736,0.028300382653061226,0.0,0.36027777194976807,940.7670985487589,11269.308354591836,0.06829958545918367,0.02675476297736168,,,,,,
reference,episode_000034,56,1,0.41569608449935913,0.36484456062316895,0.32419323921203613,0.37272050976753235,0.23816639184951782,0.013720001094043255,0.37382981181144714,0.7037513852119446,0.01731903698979592,0.0,0.36132076382637024,1075.140540372824,13414.083227040815,0.08107461734693877,0.026870351284742355,,,,,,
reference,episode_000034,57,0,0.380431205034256,0.33260154724121094,0.3041229546070099,0.3407139778137207,0.2557235360145569,0.011218824423849583,0.2794933319091797,0.7127317786216736,0.02867904974489796,0.0,0.361110657453537,946.1985484500174,11284.733976403062,0.06949537627551021,0.026800913736224174,,,,,,
reference,episode_000034,57,1,0.4160785377025604,0.36516720056533813,0.32446616888046265,0.37305235862731934,0.23821504414081573,0.013720001094043255,0.37358275055885315,0.7037513852119446,0.01709980867346939,0.0,0.362536758184433,1078.0244876423858,13385.362484056122,0.08199139030612244,0.026693491265177727,,,,,,
reference,episode_000034,58,0,0.380266398191452,0.33256033062934875,0.30399298667907715,0.34064003825187683,0.2556612193584442,0.011218824423849583,0.2800360918045044,0.7127317786216736,0.026965082908163265,0.0,0.36050668358802795,940.9403870251714,11312.949577487245,0.06798070790816327,0.026834093034267426,,,,,,
reference,episode_000034,58,1,0.41641637682914734,0.3655005395412445,0.32480189204216003,0.3733867406845093,0.2382374256849289,0.013720001094043255,0.3755537271499634,0.7037513852119446,0.018494897959183673,0.0,0.3624379634857178,1065.3753596043298,13301.262914540815,0.08001833545918367,0.026368698105216026,,,,,,
reference,episode_000034,59,0,0.3802759647369385,0.3324921131134033,0.30378222465515137,0.3405781090259552,0.25565263628959656,0.011218824423849583,0.27972471714019775,0.7127317786216736,0.02752311862244898,0.0,0.3628404438495636,941.6848709534627,11306.357581313776,0.06919642857142858,0.02685706503689289,,,,,,
reference,episode_000034,59,1,0.4165637493133545,0.3657493591308594,0.3251721262931824,0.3736228048801422,0.23822401463985443,0.013720001094043255,0.37610432505607605,0.7037513852119446,0.01789700255102041,0.0,0.3608382046222687,1078.636382468389,13282.203125,0.0809749681122449,0.02620396390557289,,,,,,
reference,episode_000034,60,0,0.38010162115097046,0.3321898579597473,0.3037450313568115,0.3403221368789673,0.2556155323982239,0.011218824423849583,0.27916157245635986,0.7127317786216736,0.02863919005102041,0.0,0.36169204115867615,938.8092869345917,11301.227160395409,0.06871811224489796,0.02686663717031479,,,,,,
reference,episode_000034,60,1,0.4167742133140564,0.36582696437835693,0.32548728585243225,0.373745858669281,0.23814824223518372,0.013720001094043255,0.37610432505607605,0.7035272717475891,0.017857142857142856,0.0,0.3617238700389862,1085.3378020020039,13213.695790816326,0.07914142219387756,0.025976793840527534,,,,,,
reference,episode_000034,61,0,0.3800523579120636,0.3321494162082672,0.3035483956336975,0.340268611907959,0.25554290413856506,0.011218824423849583,0.279403954744339,0.7127317786216736,0.02724410076530612,0.0,0.36188387870788574,943.4874997899615,11306.315768494898,0.06814014668367346,0.026891665533185005,,,,,,
reference,episode_000034,61,1,0.4167828857898712,0.36593255400657654,0.3255464434623718,0.3738274574279785,0.23803412914276123,0.013720001094043255,0.3766235411167145,0.7032055258750916,0.017617984693877552,0.0,0.3619397282600403,1080.6357875825563,13094.963329081633,0.07866310586734694,0.0257425457239151,,,,,,
reference,episode_000034,62,0,0.3798685371875763,0.33209630846977234,0.30343639850616455,0.34018346667289734,0.25552842020988464,0.011218824423849583,0.2788376808166504,0.7127317786216736,0.027064732142857144,0.0,0.3619612455368042,937.0016732360858,11316.883091517857,0.06855867346938775,0.026896381750702858,,,,,,
reference,episode_000034,62,1,0.41672468185424805,0.3659348487854004,0.3255225718021393,0.37381500005722046,0.23792007565498352,0.013720001094043255,0.37719449400901794,0.7037513852119446,0.017916932397959183,0.0,0.36247506737709045,1027.3760717742298,12978.063137755102,0.07872289540816327,0.025541193783283234,,,,,,
reference,episode_000034,63,0,0.37985649704933167,0.33193740248680115,0.30322667956352234,0.34005212783813477,0.25545036792755127,0.011218824423849583,0.2788580358028412,0.7127317786216736,0.028280452806122448,0.0,0.36246225237846375,935.8648718993201,11299.407326211734,0.06971460459183673,0.026874419301748276,,,,,,
reference,episode_000034,63,1,0.4167105257511139,0.3659210205078125,0.3257085084915161,0.37381550669670105,0.23771053552627563,0.013720001094043255,0.3780548870563507,0.701780378818512,0.01833545918367347,0.0,0.36060261726379395,991.8569764896315,12934.523517219388,0.08047672193877552,0.025321459397673607,,,,,,
reference,episode_000034,64,0,0.3798292875289917,0.3318652808666229,0.30341145396232605,0.340008020401001,0.2554689943790436,0.011218824423849583,0.2788376808166504,0.7121812105178833,0.02849968112244898,0.0,0.36287596821784973,942.5484182726389,11312.049186862245,0.0693359375,0.026893993839621544,,,,,,
reference,episode_000034,64,1,0.416684091091156,0.3657917380332947,0.32576584815979004,0.37372156977653503,0.2374175488948822,0.013720001094043255,0.37858980894088745,0.7009670734405518,0.017418686224489797,0.0,0.36044108867645264,995.0102929552611,12894.010443239797,0.07860331632653061,0.025190742686390877,,,,,,
reference,episode_000034,65,0,0.37974879145622253,0.33187827467918396,0.30335840582847595,0.3399963676929474,0.25545522570610046,0.011218824423849583,0.2791364789009094,0.7127317786216736,0.028280452806122448,0.0,0.3624227046966553,942.5407492535553,11322.473294005102,0.0693359375,0.026906663551926613,,,,,,
reference,episode_000034,65,1,0.4166550636291504,0.3657950460910797,0.3258086144924164,0.3737208843231201,0.23730890452861786,0.013720001094043255,0.3791607618331909,0.7009670734405518,0.018694196428571428,0.0,0.360123872756958,990.4232551355452,12937.462492028062,0.07858338647959184,0.025287309661507607,,,,,,
reference,episode_000034,66,0,0.37965384125709534,0.33170855045318604,0.3033207356929779,0.33985212445259094,0.2553868889808655,0.011749019846320152,0.27824002504348755,0.7121812105178833,0.02770248724489796,0.0,0.3601076304912567,948.9748489458527,11322.330237563776,0.06814014668367346,0.0269171092659235,,,,,,
reference,episode_000034,66,1,0.4166775643825531,0.3658575713634491,0.32590264081954956,0.3737771213054657,0.2372346818447113,0.013720001094043255,0.37947529554367065,0.7004007697105408,0.019471460459183673,0.0,0.3593575954437256,958.4758362867394,12738.543526785714,0.07782605229591837,0.02524430863559246,,,,,,
reference,episode_000034,67,0,0.379387766122818,0.3315884470939636,0.30301809310913086,0.3396877646446228,0.25530490279197693,0.011218824423849583,0.2786494493484497,0.7121812105178833,0.02863919005102041,0.0,0.36129266023635864,949.5253455016277,11335.253547512755,0.06837930484693877,0.02696068026125431,,,,,,
reference,episode_000034,67,1,0.41744816303253174,0.36632081866264343,0.32650721073150635,0.37431591749191284,0.23745165765285492,0.013720001094043255,0.3814102113246918,0.7004007697105408,0.018255739795918366,0.0,0.3602805733680725,957.4205015211094,12756.644292091836,0.07567362882653061,0.025853512808680534,,,,,,
reference,episode_000034,68,0,0.3793308734893799,0.3315843343734741,0.3030080497264862,0.3396720588207245,0.2553041875362396,0.011218824423849583,0.27845925092697144,0.7121812105178833,0.02662627551020408,0.0,0.3623993396759033,944.3240686406299,11332.366230867347,0.06913663903061225,0.02692975103855133,,,,,,
reference,episode_000034,68,1,0.4181146025657654,0.36701732873916626,0.3270908296108246,0.3749978840351105,0.2373887300491333,0.013720001094043255,0.3822000026702881,0.7009670734405518,0.016581632653061226,0.0,0.3610503673553467,944.8902584776584,12779.770408163266,0.07852359693877552,0.026197997853159904,,,,,,
reference,episode_000034,69,0,0.37929391860961914,0.33146798610687256,0.30297353863716125,0.3395784795284271,0.25526151061058044,0.011218824423849583,0.27826669812202454,0.7119137048721313,0.027762276785714284,0.0,0.36155954003334045,950.7643415315208,11330.490593112245,0.06899713010204081,0.026948846876621246,,,,,,
reference,episode_000034,69,1,0.4190079867839813,0.3676576018333435,0.3278418481349945,0.3756999969482422,0.23726928234100342,0.013720001094043255,0.38390040397644043,0.7009670734405518,0.018973214285714284,0.0,0.3599741756916046,931.1299509904823,12803.042012117347,0.07696906887755102,0.02615976706147194,,,,,,
reference,episode_000034,70,0,0.3793184757232666,0.3314343988895416,0.30296754837036133,0.3395591974258423,0.25524669885635376,0.011218824423849583,0.27838432788848877,0.7121812105178833,0.028041294642857144,0.0,0.3618524968624115,944.038685555162,11324.52096619898,0.06814014668367346,0.026903251186013222,,,,,,
reference,episode_000034,70,1,0.41975659132003784,0.368378221988678,0.3286735415458679,0.3764345645904541,0.23703715205192566,0.013720001094043255,0.38533177971839905,0.7001333832740784,0.018753985969387755,0.0,0.35806772112846375,960.7794654080392,12790.618542729591,0.07547433035714286,0.025841789320111275,,,,,,
reference,episode_000034,71,0,0.37918853759765625,0.33119314908981323,0.30257096886634827,0.33933040499687195,0.2551884055137634,0.011218824423849583,0.27770042419433594,0.7121654748916626,0.027861926020408163,0.0,0.36277881264686584,945.527544182472,11311.139628507653,0.06764190051020408,0.026903577148914337,,,,,,
reference,episode_000034,71,1,0.4204704165458679,0.3688998222351074,0.32925838232040405,0.3770016133785248,0.23665571212768555,0.013720001094043255,0.386432945728302,0.6998298168182373,0.01767777423469388,0.0,0.35707104206085205,942.1106304214777,12803.122847576531,0.07537468112244898,0.025615699589252472,,,,,,
reference,episode_000034,72,0,0.37897926568984985,0.331118106842041,0.30262765288352966,0.33923640847206116,0.25511330366134644,0.011218824423849583,0.27749884128570557,0.7119137048721313,0.02814094387755102,0.0,0.3613491952419281,954.1975749121858,11333.412507971938,0.06845902423469388,0.026983803138136864,,,,,,
reference,episode_000034,72,1,0.4207168519496918,0.3693038523197174,0.3295474648475647,0.37736383080482483,0.23628732562065125,0.013720001094043255,0.3872556984424591,0.6998298168182373,0.01845503826530612,0.0,0.357514351606369,944.7115408211438,12765.711495535714,0.07541454081632654,0.025407202541828156,,,,,,
reference,episode_000034,73,0,0.37891778349876404,0.331028014421463,0.3023633658885956,0.33913981914520264,0.2551073729991913,0.011218824423849583,0.27770042419433594,0.7121812105178833,0.027802136479591837,0.0,0.3622833490371704,944.5357043394591,11314.144052933674,0.06903698979591837,0.026927586644887924,,,,,,
reference,episode_000034,73,1,0.4215794503688812,0.3699967563152313,0.3304215967655182,0.37810590863227844,0.23601584136486053,0.013720001094043255,0.3889545202255249,0.6998298168182373,0.018674266581632654,0.0,0.35636472702026367,938.2520956713076,12701.840840242347,0.07423867984693877,0.025183741003274918,,,,,,
reference,episode_000034,74,0,0.3787909150123596,0.3309326171875,0.3020459711551666,0.3390216827392578,0.25496718287467957,0.011218824423849583,0.2777215838432312,0.7102305889129639,0.027004942602040817,0.0,0.36303040385246277,950.8935348450367,11304.12416294643,0.06907684948979592,0.026955539360642433,,,,,,
reference,episode_000034,74,1,0.4221388101577759,0.3706657886505127,0.331094354391098,0.3787519037723541,0.2357853204011917,0.013718824833631516,0.3898196220397949,0.6998298168182373,0.018933354591836735,0.0,0.35482925176620483,913.7961929111568,12690.544523278062,0.07481664540816327,0.024820325896143913,,,,,,
reference,episode_000034,75,0,0.3785833716392517,0.33085986971855164,0.30223289132118225,0.33893901109695435,0.25500401854515076,0.011218824423849583,0.27770042419433594,0.7118980884552002,0.02871890943877551,0.0,0.3622782230377197,953.7187329665268,11312.683394451531,0.06887755102040816,0.026967190206050873,,,,,,
reference,episode_000034,75,1,0.42290326952934265,0.37139037251472473,0.331845223903656,0.3794868588447571,0.23566025495529175,0.013720001094043255,0.3912399709224701,0.7001333832740784,0.01686065051020408,0.0,0.354125052690506,933.4357526585342,12603.421556122448,0.07417889030612244,0.02418585680425167,,,,,,
reference,episode_000034,76,0,0.37856525182724,0.3306041359901428,0.3019506633281708,0.33873188495635986,0.2548956274986267,0.011218824423849583,0.2785341441631317,0.7115945816040039,0.028121014030612245,0.0,0.36320778727531433,953.7373584900633,11314.663066007653,0.06907684948979592,0.026996199041604996,,,,,,
reference,episode_000034,76,1,0.42355629801750183,0.37195292115211487,0.33231160044670105,0.38006168603897095,0.23535305261611938,0.013720001094043255,0.39256784319877625,0.7001333832740784,0.01700015943877551,0.0,0.35375115275382996,924.8330049904025,12373.420998086734,0.07148836096938775,0.023195795714855194,,,,,,
reference,episode_000034,77,0,0.3785143196582794,0.3306407928466797,0.30200299620628357,0.33875107765197754,0.25491705536842346,0.011218824423849583,0.27770042419433594,0.7115945816040039,0.028360172193877552,0.0,0.36259981989860535,958.5777568507323,11315.53268494898,0.06909677933673469,0.027037261053919792,,,,,,
reference,episode_000034,77,1,0.42392194271087646,0.3725058436393738,0.3328191041946411,0.38057148456573486,0.2352180927991867,0.013720001094043255,0.3931748867034912,0.7001333832740784,0.0166812818877551,0.0,0.35233405232429504,910.4620032125788,11946.220663265307,0.07507573341836735,0.022197656333446503,,,,,,
reference,episode_000034,78,0,0.37841758131980896,0.3306278586387634,0.3018442690372467,0.3387097716331482,0.2548777461051941,0.011218824423849583,0.27770042419433594,0.7118980884552002,0.026506696428571428,0.0,0.36352935433387756,949.1768062163371,11289.057437818878,0.0686782525510204,0.02697303146123886,,,,,,
reference,episode_000034,78,1,0.42388203740119934,0.3726770579814911,0.3329879641532898,0.38069772720336914,0.23496724665164948,0.013720001094043255,0.3931748867034912,0.7001333832740784,0.016083386479591837,0.0,0.3516370356082916,893.3171072546417,11537.09849330357,0.07425860969387756,0.0217751394957304,,,,,,
reference,episode_000034,79,0,0.37839269638061523,0.33042407035827637,0.3018161356449127,0.338556706905365,0.254840612411499,0.011218824423849583,0.2774447202682495,0.7102102041244507,0.028958067602040817,0.0,0.36319202184677124,954.3484497054424,11304.211375956633,0.06927614795918367,0.027011889964342117,,,,,,
reference,episode_000034,79,1,0.4237365424633026,0.3728525936603546,0.3332177400588989,0.38080888986587524,0.23504342138767242,0.013720001094043255,0.3929153084754944,0.7009670734405518,0.017438616071428572,0.0,0.3504907190799713,918.9708049858376,11575.04049744898,0.07232541454081633,0.02236749418079853,,,,,,
reference,episode_000034,80,0,0.37839123606681824,0.3304043710231781,0.301766961812973,0.3385387361049652,0.2547936737537384,0.011218824423849583,0.27745336294174194,0.7102102041244507,0.02770248724489796,0.0,0.36204659938812256,950.1048769539766,11306.06784119898,0.06823979591836735,0.027013951912522316,,,,,,
reference,episode_000034,80,1,0.42386412620544434,0.3728959560394287,0.3333320915699005,0.38087528944015503,0.23509016633033752,0.01316941250115633,0.3925858736038208,0.7009670734405518,0.018275669642857144,0.0,0.35074248909950256,926.4011820229526,11699.843391262755,0.072265625,0.023058686405420303,,,,,,
reference,episode_000034,81,0,0.3784443736076355,0.33048588037490845,0.30186140537261963,0.33861517906188965,0.25485625863075256,0.011218824423849583,0.2768666744232178,0.7102102041244507,0.02919722576530612,0.0,0.3634883761405945,953.7184807182798,11306.23879942602,0.0702327806122449,0.02699955739080906,,,,,,
reference,episode_000034,81,1,0.4238356351852417,0.3729376196861267,0.33350664377212524,0.38091161847114563,0.23487742245197296,0.0134164709597826,0.3917435109615326,0.7004007697105408,0.016741071428571428,0.0,0.34913864731788635,913.609754861866,11540.256218112245,0.07188695790816327,0.02288678288459778,,,,,,
reference,episode_000034,82,0,0.3783676326274872,0.33055660128593445,0.30185753107070923,0.3386491537094116,0.2548484206199646,0.011218824423849583,0.276898056268692,0.7115945816040039,0.02919722576530612,0.0,0.3629210293292999,953.5738773175151,11294.723692602041,0.06937579719387756,0.02697322703897953,,,,,,
reference,episode_000034,82,1,0.42383113503456116,0.37293025851249695,0.33351200819015503,0.38090580701828003,0.23483330011367798,0.013720001094043255,0.3917435109615326,0.7001333832740784,0.015326052295918368,0.0,0.34916162490844727,933.0727084015667,11518.193957270409,0.07268415178571429,0.022782450541853905,,,,,,
reference,episode_000034,83,0,0.37844541668891907,0.3305356502532959,0.30179205536842346,0.33864596486091614,0.2548310458660126,0.011218824423849583,0.27755019068717957,0.7102305889129639,0.02654655612244898,0.0,0.3634253442287445,953.6777271900711,11305.272560586734,0.06947544642857142,0.026992319151759148,,,,,,
reference,episode_000034,83,1,0.4239560067653656,0.3730006814002991,0.33358895778656006,0.380988210439682,0.23473159968852997,0.013720001094043255,0.3917435109615326,0.7001333832740784,0.0176578443877551,0.0,0.34930360317230225,920.0219864688382,11426.932955994898,0.07310267857142858,0.02259714901447296,,,,,,
reference,episode_000034,84,0,0.3783561885356903,0.3306272327899933,0.3019550144672394,0.33870428800582886,0.254874050617218,0.011218824423849583,0.27743765711784363,0.7102305889129639,0.028838488520408163,0.0,0.3608623445034027,955.470710014016,11307.333824936224,0.07059151785714286,0.026993630453944206,,,,,,
reference,episode_000034,84,1,0.42376580834388733,0.3730393946170807,0.33349645137786865,0.38096883893013,0.23440983891487122,0.013720001094043255,0.3923097848892212,0.6998298168182373,0.016063456632653062,0.0,0.3491695821285248,906.1686264250189,11259.839923469388,0.07188695790816327,0.02227083407342434,,,,,,
reference,episode_000034,85,0,0.3785448670387268,0.33054912090301514,0.30187591910362244,0.33868280053138733,0.2548386752605438,0.011218824423849583,0.27770042419433594,0.7115945816040039,0.027682557397959183,0.0,0.36275801062583923,952.6478880497378,11298.574139030612,0.06885762117346939,0.026966340839862823,,,,,,
reference,episode_000034,85,1,0.4237357974052429,0.3730592429637909,0.3337136507034302,0.3809923827648163,0.23439443111419678,0.013720001094043255,0.3917882442474365,0.6998298168182373,0.017916932397959183,0.0,0.3474935293197632,901.8629530287444,11224.721301020409,0.07330197704081633,0.022166656330227852,,,,,,
reference,episode_000034,86,0,0.37846434116363525,0.33063772320747375,0.3019609749317169,0.3387351632118225,0.25487732887268066,0.011218824423849583,0.277169406414032,0.7102305889129639,0.0272640306122449,0.0,0.36233723163604736,952.3937587138269,11312.063576211734,0.06923628826530612,0.027015475556254387,,,,,,
reference,episode_000034,86,1,0.4235144257545471,0.37293151021003723,0.3335018455982208,0.3808386027812958,0.23436498641967773,0.013720001094043255,0.3909207880496979,0.6995310187339783,0.018594547193877552,0.0,0.34832412004470825,937.4731548012221,11324.16725127551,0.07224569515306123,0.02235456556081772,,,,,,
reference,episode_000034,87,0,0.3785858154296875,0.3305838704109192,0.3019986152648926,0.3387252390384674,0.2548657953739166,0.011218824423849583,0.27745336294174194,0.7115945816040039,0.026227678571428572,0.0,0.36265572905540466,959.6496938330487,11294.691286670919,0.06969467474489796,0.026982974261045456,,,,,,
reference,episode_000034,87,1,0.4232819080352783,0.3728451728820801,0.33345693349838257,0.380724161863327,0.23423916101455688,0.013720001094043255,0.3903340995311737,0.6998298168182373,0.016402264030612245,0.0,0.3474021553993225,931.3012944435586,11249.998007015307,0.07158801020408163,0.02213267795741558,,,,,,
reference,episode_000034,88,0,0.3784741759300232,0.3306134343147278,0.30188465118408203,0.3387143909931183,0.254828542470932,0.011218824423849583,0.2778078615665436,0.7115945816040039,0.026705994897959183,0.0,0.3628585934638977,950.0318996964867,11282.444435586734,0.06939572704081633,0.02694627270102501,,,,,,
reference,episode_000034,88,1,0.4234408438205719,0.37297874689102173,0.33361613750457764,0.3808649778366089,0.2341451793909073,0.013720001094043255,0.3909207880496979,0.6992635130882263,0.01682079081632653,0.0,0.3468554615974426,921.4254444762598,11228.073262117347,0.0725845025510204,0.02196284383535385,,,,,,
reference,episode_000034,89,0,0.3785036504268646,0.33054691553115845,0.30193930864334106,0.3386770486831665,0.25493139028549194,0.011218824423849583,0.27668511867523193,0.7116008400917053,0.027363679846938774,0.0,0.36255940794944763,955.3180695592936,11311.744140625,0.06913663903061225,0.02700761705636978,,,,,,
reference,episode_000034,89,1,0.4237992465496063,0.3731191158294678,0.3338487148284912,0.38105836510658264,0.2342626005411148,0.013720001094043255,0.390596866607666,0.6995310187339783,0.01735889668367347,0.0,0.3454955220222473,925.8600725347129,11293.871412627552,0.0725845025510204,0.021957283839583397,,,,,,
reference,episode_000034,90,0,0.37854933738708496,0.33064979314804077,0.30200067162513733,0.3387647271156311,0.2549316883087158,0.011218824423849583,0.27745336294174194,0.7102305889129639,0.027901785714285716,0.0,0.36298510432243347,959.5712476886843,11316.506816007653,0.06853874362244898,0.027029475197196007,,,,,,
reference,episode_000034,90,1,0.42420387268066406,0.3735724091529846,0.33414217829704285,0.3814898133277893,0.23443856835365295,0.013720001094043255,0.3912956714630127,0.7001333832740784,0.016462053571428572,0.0,0.34735107421875,917.3644415010564,11268.801937181122,0.072265625,0.021790094673633575,,,,,,
reference,episode_000034,91,0,0.37861987948417664,0.3307267129421234,0.30201631784439087,0.3388358950614929,0.2549273371696472,0.011218824423849583,0.27745336294174194,0.7119137048721313,0.027283960459183673,0.0,0.3639076054096222,961.3294530163106,11321.888432716836,0.06825972576530612,0.027055809274315834,,,,,,
reference,episode_000034,91,1,0.4246894419193268,0.3740955591201782,0.33457157015800476,0.3819982707500458,0.23473913967609406,0.013720001094043255,0.3920062780380249,0.7009670734405518,0.01638233418367347,0.0,0.34678131341934204,918.7830830784154,11285.005699936224,0.07013313137755102,0.021672438830137253,,,,,,
reference,episode_000034,92,0,0.37862229347229004,0.3307810425758362,0.3020845055580139,0.33888018131256104,0.25498461723327637,0.011218824423849583,0.27770042419433594,0.7121812105178833,0.025849011479591837,0.0,0.36280903220176697,950.5732980558944,11312.182836415815,0.06873804209183673,0.026990000158548355,,,,,,
reference,episode_000034,92,1,0.42547672986984253,0.3747858703136444,0.33516696095466614,0.3827022910118103,0.23517730832099915,0.013720001094043255,0.3931748867034912,0.7012141346931458,0.01783721301020408,1.992984693877551e-05,0.3458343744277954,901.9885431597105,11301.932278380102,0.07208625637755102,0.021555982530117035,,,,,,
reference,episode_000034,93,0,0.378667950630188,0.33070656657218933,0.30198240280151367,0.33882927894592285,0.2550182640552521,0.011218824423849583,0.27741098403930664,0.7119137048721313,0.027762276785714284,0.0,0.36383458971977234,952.786394741276,11311.859654017857,0.06937579719387756,0.027045980095863342,,,,,,
reference,episode_000034,93,1,0.42644986510276794,0.3756016790866852,0.33567070960998535,0.38352900743484497,0.2357083410024643,0.013720001094043255,0.3948470652103424,0.7037513852119446,0.015425701530612245,0.0,0.34724265336990356,900.7030491890484,11278.908561862245,0.07055165816326531,0.02139534242451191,,,,,,
reference,episode_000034,94,0,0.3786441683769226,0.330508291721344,0.3020472228527069,0.33868712186813354,0.25503140687942505,0.011198431253433228,0.27688708901405334,0.7121812105178833,0.03166852678571429,0.0,0.3625573515892029,957.0279968429337,11330.98313934949,0.06977439413265306,0.027105610817670822,,,,,,
reference,episode_000034,94,1,0.42748337984085083,0.376379132270813,0.3363821506500244,0.3843560814857483,0.23620693385601044,0.013720001094043255,0.3957121670246124,0.704888641834259,0.017737563775510203,0.0,0.3479759693145752,902.4321041321664,11280.763831313776,0.0703125,0.0212910994887352,,,,,,
reference,episode_000034,95,0,0.3786044120788574,0.3306141793727875,0.3016854226589203,0.3387281894683838,0.25496426224708557,0.011218824423849583,0.27719295024871826,0.7119137048721313,0.027483258928571428,0.0,0.36461371183395386,941.9029464245041,11288.656529017857,0.07035235969387756,0.026995113119482994,,,,,,
reference,episode_000034,95,1,0.42872196435928345,0.377707302570343,0.33743205666542053,0.38564515113830566,0.23686116933822632,0.013720001094043255,0.39767059683799744,0.7076729536056519,0.015684789540816327,0.0,0.34886234998703003,905.8856683367243,11301.923150510203,0.07114955357142858,0.021263426169753075,,,,,,
reference,episode_000034,96,0,0.37860333919525146,0.3306087553501129,0.30179259181022644,0.33873188495635986,0.25498858094215393,0.011218824423849583,0.27662432193756104,0.7121654748916626,0.027861926020408163,0.0,0.36347976326942444,944.1709556452488,11299.347735969388,0.06971460459183673,0.027061106637120247,,,,,,
reference,episode_000034,96,1,0.43016836047172546,0.3787879943847656,0.3383409082889557,0.3867911994457245,0.23751002550125122,0.013720001094043255,0.4007145166397095,0.7102102041244507,0.016800860969387755,0.0,0.3477100431919098,881.4139736037313,11310.574338329081,0.07208625637755102,0.021252593025565147,,,,,,
reference,episode_000034,97,0,0.3785190284252167,0.3305768072605133,0.3018248677253723,0.33869341015815735,0.25506392121315,0.011218824423849583,0.276782751083374,0.7121812105178833,0.028160873724489797,0.0,0.3648871183395386,954.3649793157774,11315.326610331633,0.06945551658163265,0.027102842926979065,,,,,,
reference,episode_000034,97,1,0.43141505122184753,0.38003847002983093,0.3391198515892029,0.3880067467689514,0.23824580013751984,0.013735687360167503,0.4026854932308197,0.7127317786216736,0.018674266581632654,0.0,0.3480664789676666,894.0230770242159,11410.629384566326,0.06877790178571429,0.02147354930639267,,,,,,
reference,episode_000034,98,0,0.378482848405838,0.3305700719356537,0.3015396296977997,0.338660329580307,0.25502291321754456,0.011218824423849583,0.2766196131706238,0.7121812105178833,0.028380102040816327,0.0,0.36477571725845337,944.6725412008911,11317.83482142857,0.07053172831632654,0.02711370401084423,,,,,,
reference,episode_000034,98,1,0.4328337609767914,0.3812764286994934,0.34002023935317993,0.38925883173942566,0.2389892339706421,0.013735687360167503,0.4051553010940552,0.714131772518158,0.016063456632653062,0.0,0.34991469979286194,891.7784106382871,11497.292649872448,0.07099011479591837,0.02160358987748623,,,,,,
reference,episode_000034,99,0,0.378594309091568,0.33048149943351746,0.3014865517616272,0.33861684799194336,0.25502195954322815,0.011218824423849583,0.2763129472732544,0.7125429511070251,0.027144451530612245,0.0,0.36571067571640015,949.7963563532991,11346.263313137755,0.06969467474489796,0.027209240943193436,,,,,,
reference,episode_000034,99,1,0.4341214597225189,0.3824537694454193,0.34104275703430176,0.3904484212398529,0.23958556354045868,0.014023530296981335,0.406607061624527,0.7166533470153809,0.015365911989795918,0.0,0.3506995141506195,883.1784631362909,11582.010522959185,0.0690170599489796,0.021621903404593468,,,,,,
reference,episode_000034,100,0,0.3784468173980713,0.33045193552970886,0.30153030157089233,0.33856746554374695,0.2550303339958191,0.011218824423849583,0.27614039182662964,0.7121812105178833,0.027802136479591837,0.0,0.36398470401763916,948.7876847567828,11361.557637117347,0.07110969387755102,0.027238400653004646,,,,,,
reference,episode_000034,100,1,0.4352896213531494,0.38367947936058044,0.34178584814071655,0.39162710309028625,0.24016903340816498,0.013735687360167503,0.4088094234466553,0.7194376587867737,0.0165218431122449,0.0,0.35142287611961365,897.4383573389113,11749.793327487245,0.06967474489795919,0.021695135161280632,,,,,,
reference,episode_000034,101,0,0.3783160150051117,0.3303234279155731,0.3013385832309723,0.3384339213371277,0.2550298869609833,0.011218824423849583,0.2764953076839447,0.7121812105178833,0.02686543367346939,0.0,0.3659679591655731,947.1096896005143,11436.653380102041,0.07122927295918367,0.02740902453660965,,,,,,
reference,episode_000034,101,1,0.4365925192832947,0.38493359088897705,0.3426581919193268,0.3928639888763428,0.2405250519514084,0.014306667260825634,0.41011959314346313,0.7213882207870483,0.016083386479591837,0.0,0.3506057560443878,903.2150055143745,11916.95364317602,0.07280373086734694,0.02176215685904026,,,,,,
reference,episode_000034,102,0,0.3782486915588379,0.3303563594818115,0.3012993335723877,0.3384403586387634,0.2550491690635681,0.011457255110144615,0.2760556936264038,0.7127317786216736,0.026566485969387755,0.0,0.3651321530342102,948.4554456478852,11448.585897640307,0.06961495535714286,0.027447855100035667,,,,,,
reference,episode_000034,102,1,0.43788474798202515,0.3861831724643707,0.34361356496810913,0.39410144090652466,0.2407452017068863,0.014250196516513824,0.4119129180908203,0.7233591675758362,0.017040019132653062,0.0,0.3490764796733856,912.5611298087238,12067.071468431122,0.07102997448979592,0.021852923557162285,,,,,,
reference,episode_000034,103,0,0.3781930208206177,0.33028995990753174,0.30118799209594727,0.33837297558784485,0.2550988495349884,0.011218824423849583,0.27554354071617126,0.7127317786216736,0.029316804846938774,0.0,0.3657646179199219,964.1984450349406,11445.442761479591,0.07005341198979592,0.027423791587352753,,,,,,
reference,episode_000034,103,1,0.4393388330936432,0.38761457800865173,0.3449266254901886,0.3955290913581848,0.24087437987327576,0.014306667260825634,0.4141514003276825,0.7253097891807556,0.01504703443877551,0.0,0.34918153285980225,924.7341089324125,12204.575573979591,0.07236527423469388,0.021872883662581444,,,,,,
reference,episode_000034,104,0,0.3780595362186432,0.3303166627883911,0.3014165163040161,0.33838021755218506,0.25502800941467285,0.011218824423849583,0.27659451961517334,0.7127317786216736,0.027463329081632654,0.0,0.3645404577255249,962.8949005968219,11456.648158482143,0.07095025510204081,0.027373310178518295,,,,,,
reference,episode_000034,104,1,0.44073906540870667,0.388945609331131,0.34592002630233765,0.3968503773212433,0.24104554951190948,0.014553726650774479,0.41605493426322937,0.727280855178833,0.015684789540816327,0.0,0.3477942943572998,935.3331768031122,12338.899992028062,0.07043207908163265,0.021884867921471596,,,,,,
reference,episode_000034,105,0,0.378140926361084,0.33028072118759155,0.30132484436035156,0.3383651375770569,0.2550419569015503,0.011218824423849583,0.2766196131706238,0.7127317786216736,0.02712452168367347,0.0,0.3651607930660248,965.5483859299322,11482.242147640307,0.07081074617346939,0.027427546679973602,,,,,,
reference,episode_000034,105,1,0.4419660270214081,0.39038246870040894,0.34713059663772583,0.3982262909412384,0.24126070737838745,0.014250196516513824,0.4180258810520172,0.7292314171791077,0.01628268494897959,0.0,0.3474467098712921,946.1847626166958,12503.815449617347,0.07232541454081633,0.021953262388706207,,,,,,
reference,episode_000034,106,0,0.37815603613853455,0.33024492859840393,0.3013553321361542,0.3383449912071228,0.2550431787967682,0.011218824423849583,0.2755458950996399,0.7127317786216736,0.026068239795918366,0.0,0.3642460107803345,962.1911240402533,11470.844786352041,0.07055165816326531,0.027425259351730347,,,,,,
reference,episode_000034,106,1,0.44324612617492676,0.3915013372898102,0.3483980596065521,0.39939016103744507,0.24153035879135132,0.015120001509785652,0.42064154148101807,0.73233962059021,0.016402264030612245,0.0,0.3465423583984375,953.1528960342757,12674.83326690051,0.07091039540816327,0.022028962150216103,,,,,,
reference,episode_000034,107,0,0.37814861536026,0.3303174078464508,0.30131545662879944,0.33839234709739685,0.2549722492694855,0.011672156862914562,0.2763004004955292,0.7127317786216736,0.02614795918367347,0.0,0.36476337909698486,959.7185205779738,11485.180046237245,0.06897720025510204,0.027457285672426224,,,,,,
reference,episode_000034,107,1,0.44421839714050293,0.3925582766532898,0.3491022288799286,0.4004037082195282,0.24187853932380676,0.015083922073245049,0.4236353039741516,0.7332236766815186,0.01634247448979592,0.0,0.3466245234012604,967.8970508233848,12813.05931122449,0.07405931122448979,0.022108986973762512,,,,,,
reference,episode_000034,108,0,0.3782905340194702,0.33033686876296997,0.3013581335544586,0.33843955397605896,0.255016952753067,0.011218824423849583,0.27662432193756104,0.7127317786216736,0.028918207908163265,0.0,0.364535927772522,969.0600493815183,11510.611128826531,0.06995376275510204,0.02755775675177574,,,,,,
reference,episode_000034,108,1,0.4452037513256073,0.39341771602630615,0.34998998045921326,0.40129193663597107,0.24212393164634705,0.014858824200928211,0.42513179779052734,0.7351239323616028,0.017119738520408163,0.0,0.3457394540309906,981.187241623373,12955.70846619898,0.07421875,0.022280216217041016,,,,,,
reference,episode_000034,109,0,0.3782596290111542,0.3303792178630829,0.3013180196285248,0.33846038579940796,0.25491341948509216,0.011218824423849583,0.2766086459159851,0.7127317786216736,0.027363679846938774,0.0,0.36428630352020264,957.3890570863393,11512.886798469388,0.06959502551020408,0.0275416262447834,,,,,,
reference,episode_000034,109,1,0.44594523310661316,0.3941079080104828,0.35074281692504883,0.40199753642082214,0.24234998226165771,0.015007059089839458,0.4267137050628662,0.7351239323616028,0.016063456632653062,0.0,0.34558039903640747,995.690675938045,13104.964724170919,0.07483657525510204,0.02251271903514862,,,,,,
reference,episode_000034,110,0,0.3782515227794647,0.33029699325561523,0.3012189567089081,0.3383926451206207,0.25484055280685425,0.0117647061124444,0.27616822719573975,0.7127317786216736,0.026088169642857144,0.0,0.36442020535469055,963.3406280031405,11511.780691964286,0.0686782525510204,0.027593005448579788,,,,,,
reference,episode_000034,110,1,0.44634827971458435,0.3946751654148102,0.3510729670524597,0.4025127589702606,0.2426597774028778,0.014830981381237507,0.4278196096420288,0.7359372973442078,0.015425701530612245,0.0,0.3448184132575989,1016.0731728635991,13279.356943558674,0.07651068239795919,0.022850917652249336,,,,,,
reference,episode_000034,111,0,0.3782089352607727,0.3304138481616974,0.30141687393188477,0.3384815454483032,0.25479814410209656,0.011749019846320152,0.2766196131706238,0.7127317786216736,0.024374202806122448,0.0,0.36431223154067993,972.711936619817,11527.73951690051,0.0693359375,0.027689022943377495,,,,,,
reference,episode_000034,111,1,0.4470059871673584,0.3949933350086212,0.35158205032348633,0.40291696786880493,0.24298983812332153,0.015083922073245049,0.42868471145629883,0.7362611889839172,0.018136160714285716,0.0,0.34547504782676697,1041.5094390815123,13536.311543367347,0.0772281568877551,0.02333034947514534,,,,,,
reference,episode_000034,112,0,0.3781028985977173,0.33027663826942444,0.3010930120944977,0.3383374512195587,0.2547256648540497,0.0117647061124444,0.27564120292663574,0.7127317786216736,0.024035395408163265,0.0,0.3665740489959717,970.3280971925093,11513.485730229591,0.0692562181122449,0.0276827123016119,,,,,,
reference,episode_000034,112,1,0.44707924127578735,0.39548254013061523,0.3517288267612457,0.4032929837703705,0.24317379295825958,0.015387451276183128,0.4290509819984436,0.7365082502365112,0.014668367346938776,0.0,0.3449501395225525,1082.9748280245979,13769.301100127552,0.07826450892857142,0.023813968524336815,,,,,,
reference,episode_000034,113,0,0.37821972370147705,0.33025041222572327,0.30113470554351807,0.3383464813232422,0.2546832859516144,0.012032156810164452,0.2765992283821106,0.7127317786216736,0.025191326530612245,0.0,0.3647082448005676,965.5084045978944,11511.048509247448,0.0692562181122449,0.027694642543792725,,,,,,
reference,episode_000034,113,1,0.44743794202804565,0.3957604467868805,0.3522283732891083,0.40360409021377563,0.24345968663692474,0.015387451276183128,0.4290509819984436,0.7362611889839172,0.015764508928571428,0.0,0.3435344696044922,1102.856511777761,14056.847815688776,0.07946029974489796,0.024335039779543877,,,,,,
reference,episode_000034,114,0,0.3780587613582611,0.33011412620544434,0.30101558566093445,0.33820632100105286,0.25462132692337036,0.011749019846320152,0.2749568819999695,0.7119766473770142,0.02391581632653061,0.0,0.36448934674263,980.213457983367,11544.546237244898,0.07029257015306123,0.027815543115139008,,,,,,
reference,episode_000034,114,1,0.44749879837036133,0.3960452675819397,0.35230523347854614,0.40382617712020874,0.24390088021755219,0.015690980479121208,0.4289882183074951,0.7370744943618774,0.015365911989795918,0.0,0.34383994340896606,1112.2035601964249,14340.735411352041,0.07940051020408163,0.02487052232027054,,,,,,
reference,episode_000034,115,0,0.3779113292694092,0.33002206683158875,0.3008534014225006,0.33809736371040344,0.2544805407524109,0.012809411622583866,0.27579060196876526,0.7121812105178833,0.022181919642857144,0.0,0.3659662902355194,982.867836008068,11530.793646364797,0.07007334183673469,0.027807554230093956,,,,,,
reference,episode_000034,115,1,0.4473559856414795,0.39590656757354736,0.3522477447986603,0.4036925435066223,0.24427950382232666,0.015387451276183128,0.42869409918785095,0.7389060854911804,0.016621492346938774,0.0,0.3439681828022003,1112.124607090948,14534.275868941326,0.07914142219387756,0.02532157488167286,,,,,,
reference,episode_000034,116,0,0.3776439428329468,0.3299071192741394,0.30057135224342346,0.33793795108795166,0.25443169474601746,0.011749019846320152,0.27581727504730225,0.7121812105178833,0.025669642857142856,0.0,0.3648683726787567,985.6072239746704,11557.657166772959,0.07051179846938775,0.02784341759979725,,,,,,
reference,episode_000034,116,1,0.4473237693309784,0.39568978548049927,0.3524375855922699,0.4035443365573883,0.2446320801973343,0.015953725203871727,0.4275992214679718,0.7401826977729797,0.014927455357142858,1.992984693877551e-05,0.34352535009384155,1124.761810911243,14673.645567602041,0.08153300382653061,0.025651419535279274,,,,,,
reference,episode_000034,117,0,0.377636194229126,0.3295999765396118,0.30049315094947815,0.337710976600647,0.25433987379074097,0.011749019846320152,0.2749160826206207,0.7119137048721313,0.024872448979591837,0.0,0.3659014105796814,980.8959370922516,11569.24107142857,0.0699936224489796,0.027866235002875328,,,,,,
reference,episode_000034,117,1,0.4471604824066162,0.3955765962600708,0.3521612584590912,0.4034087657928467,0.2449801117181778,0.016524706035852432,0.427082359790802,0.7409961223602295,0.015365911989795918,0.0,0.3442275822162628,1124.4145219537525,14788.845583545919,0.08125398596938775,0.025768017396330833,,,,,,
reference,episode_000034,118,0,0.3774046301841736,0.3294857144355774,0.30018141865730286,0.33755749464035034,0.2542535662651062,0.011749019846320152,0.2749160826206207,0.7121812105178833,0.02451371173469388,0.0,0.3673310875892639,990.5129684073288,11595.697464923469,0.07146843112244898,0.0279412679374218,,,,,,
reference,episode_000034,118,1,0.44686850905418396,0.3954203426837921,0.35205069184303284,0.40322694182395935,0.24525593221187592,0.015840783715248108,0.4264274835586548,0.7401826977729797,0.015345982142857142,3.985969387755102e-05,0.343440979719162,1134.3460991798665,14903.647560586734,0.08462213010204081,0.025936618447303772,,,,,,
reference,episode_000034,119,0,0.3772082030773163,0.3292556405067444,0.29991957545280457,0.33733224868774414,0.25414156913757324,0.012052549980580807,0.2750290334224701,0.7119137048721313,0.022660235969387755,0.0,0.36635324358940125,983.9581977906997,11588.413982780612,0.07118941326530612,0.027869975194334984,,,,,,
reference,episode_000034,119,1,0.44662782549858093,0.3952754735946655,0.35207438468933105,0.40307387709617615,0.24556466937065125,0.016524706035852432,0.42514312267303467,0.739858865737915,0.014190051020408163,0.0,0.3445172905921936,1149.8336850205644,15020.647241709185,0.08348612882653061,0.026177171617746353,,,,,,
reference,episode_000034,120,0,0.37695640325546265,0.32903528213500977,0.29977649450302124,0.33711081743240356,0.25412294268608093,0.011975686065852642,0.2743450999259949,0.711643397808075,0.02626753826530612,0.0,0.36640965938568115,993.6685577974077,11580.649792729591,0.07146843112244898,0.027869613841176033,,,,,,
reference,episode_000034,120,1,0.4464479088783264,0.3951684534549713,0.3517930209636688,0.40293875336647034,0.245777428150177,0.016524706035852432,0.4251294434070587,0.7396164536476135,0.01428970025510204,1.992984693877551e-05,0.34442928433418274,1139.0574314315238,15120.580476721938,0.083984375,0.026423385366797447,,,,,,
reference,episode_000034,121,0,0.3767012655735016,0.32882460951805115,0.2994714379310608,0.33688393235206604,0.25415346026420593,0.011218824423849583,0.27383533120155334,0.7118980884552002,0.025908801020408163,0.0,0.36685383319854736,998.9879412160521,11573.420878507653,0.07142857142857142,0.027870111167430878,,,,,,
reference,episode_000034,121,1,0.4459555745124817,0.3948342204093933,0.3514315187931061,0.40256890654563904,0.24605777859687805,0.01580333337187767,0.4245474338531494,0.7385637164115906,0.014190051020408163,1.992984693877551e-05,0.3446778953075409,1141.5943701413214,15167.221500318878,0.08589764030612244,0.026517311111092567,,,,,,
reference,episode_000034,122,0,0.3765178620815277,0.3284876346588135,0.29911768436431885,0.33657827973365784,0.25402337312698364,0.012032156810164452,0.2732478380203247,0.7102102041244507,0.02610809948979592,0.0,0.36769938468933105,983.7703745809015,11555.890066964286,0.06973453443877552,0.027829257771372795,,,,,,
reference,episode_000034,122,1,0.4452790915966034,0.39408186078071594,0.35087519884109497,0.40184685587882996,0.2461656630039215,0.016524706035852432,0.42316314578056335,0.7362611889839172,0.013253348214285714,0.0,0.34603792428970337,1132.8033216822798,15148.351363201531,0.08231026785714286,0.026512127369642258,,,,,,
reference,episode_000034,123,0,0.37644216418266296,0.32846319675445557,0.2992337942123413,0.336553156375885,0.25413423776626587,0.0117647061124444,0.27295297384262085,0.7115945816040039,0.025550063775510203,0.0,0.3670540750026703,974.5149242015045,11516.420320471938,0.0703922193877551,0.027697009965777397,,,,,,
reference,episode_000034,123,1,0.44457536935806274,0.3935541808605194,0.35023197531700134,0.40127336978912354,0.24632851779460907,0.015387451276183128,0.42269137501716614,0.7357105612754822,0.014449139030612245,0.0,0.34675493836402893,1155.4983336207572,15215.29994419643,0.08386479591836735,0.02661534585058689,,,,,,
reference,episode_000034,124,0,0.3763490319252014,0.3283202648162842,0.2992008626461029,0.33642879128456116,0.2541864216327667,0.0117647061124444,0.27352315187454224,0.7102102041244507,0.024752869897959183,0.0,0.36703312397003174,977.6671523789672,11466.950932716836,0.07005341198979592,0.0275596734136343,,,,,,
reference,episode_000034,124,1,0.44354313611984253,0.392590194940567,0.3493616282939911,0.4003016948699951,0.2464294284582138,0.015387451276183128,0.4215697944164276,0.7351239323616028,0.01482780612244898,0.0,0.3467048406600952,1166.278321465568,15225.491031568878,0.08541932397959184,0.026637282222509384,,,,,,
reference,episode_000034,125,0,0.3759511411190033,0.3280722498893738,0.29873013496398926,0.33613279461860657,0.2541775107383728,0.011749019846320152,0.27296552062034607,0.7102102041244507,0.025550063775510203,0.0,0.3684001863002777,959.8530889917839,11485.408601721938,0.06949537627551021,0.02754700370132923,,,,,,
reference,episode_000034,125,1,0.4428043067455292,0.39160358905792236,0.3483665883541107,0.39936718344688416,0.2464461773633957,0.015387451276183128,0.4192415475845337,0.7331529259681702,0.014907525510204082,1.992984693877551e-05,0.347674697637558,1169.9755593331245,15170.280931122448,0.08567841198979592,0.026535041630268097,,,,,,
reference,episode_000034,126,0,0.37596940994262695,0.32805562019348145,0.2986285984516144,0.3361174166202545,0.25437629222869873,0.011749019846320152,0.27268707752227783,0.7102102041244507,0.02489237882653061,0.0,0.3684820830821991,958.2732825571177,11513.70970184949,0.06951530612244898,0.02756868116557598,,,,,,
reference,episode_000034,126,1,0.44153478741645813,0.3905685245990753,0.3475528657436371,0.3982982337474823,0.2463950365781784,0.015387451276183128,0.4169403910636902,0.7312024235725403,0.01620296556122449,1.992984693877551e-05,0.3481290340423584,1166.160270827157,15252.036750637755,0.0860172193877551,0.02665673941373825,,,,,,
reference,episode_000034,127,0,0.375844806432724,0.3279472291469574,0.2987646758556366,0.3360232412815094,0.254511296749115,0.011218824423849583,0.2726980447769165,0.7102102041244507,0.025849011479591837,0.0,0.3685263395309448,971.8152396532955,11539.525350765307,0.06975446428571429,0.027622457593679428,,,,,,
reference,episode_000034,127,1,0.44044846296310425,0.38937342166900635,0.34643465280532837,0.3971317708492279,0.24645011126995087,0.015387451276183128,0.41440314054489136,0.7312024235725403,0.015963807397959183,0.0,0.35035061836242676,1164.2987547699288,15331.297114158164,0.08492107780612244,0.027016321197152138,,,,,,
reference,episode_000034,128,0,0.3758183419704437,0.3279169797897339,0.2986825108528137,0.3359900414943695,0.2547486126422882,0.011218824423849583,0.2726980447769165,0.7118980884552002,0.02766262755102041,0.0,0.36818259954452515,975.7270449881054,11597.370854591836,0.07059151785714286,0.027719665318727493,,,,,,
reference,episode_000034,128,1,0.4390549063682556,0.38822704553604126,0.34530678391456604,0.39593425393104553,0.24647100269794464,0.015247647650539875,0.41260194778442383,0.7284181118011475,0.014748086734693877,0.0,0.35198187828063965,1182.4461550599383,15473.168207908164,0.08663504464285714,0.02750268019735813,,,,,,
reference,episode_000034,129,0,0.3757055103778839,0.32782188057899475,0.2985951006412506,0.3358917236328125,0.2549203336238861,0.011218824423849583,0.2721804082393646,0.7113704681396484,0.027204241071428572,0.0,0.36917051672935486,980.6054775356401,11615.471340880102,0.07077088647959184,0.027765613049268723,,,,,,
reference,episode_000034,129,1,0.4375130534172058,0.3868066072463989,0.34401822090148926,0.39449745416641235,0.24638904631137848,0.01526294182986021,0.4096321761608124,0.727280855178833,0.01526626275510204,0.0,0.35321617126464844,1186.3639153091672,15533.164859693878,0.08665497448979592,0.027827605605125427,,,,,,
reference,episode_000034,130,0,0.37582534551620483,0.3278321325778961,0.29883596301078796,0.33594194054603577,0.2551679313182831,0.011218824423849583,0.27187687158584595,0.7118980884552002,0.027722417091836735,0.0,0.36852800846099854,972.7392720226843,11639.453802614797,0.07069116709183673,0.027759304270148277,,,,,,
reference,episode_000034,130,1,0.4360988140106201,0.38537314534187317,0.34278854727745056,0.39308279752731323,0.24631808698177338,0.015083922073245049,0.40887686610221863,0.7254402041435242,0.01403061224489796,1.992984693877551e-05,0.35450658202171326,1201.3121108814162,15542.064253826531,0.08328683035714286,0.028068898245692253,,,,,,
reference,episode_000034,131,0,0.37582165002822876,0.32809093594551086,0.2990589439868927,0.3361423909664154,0.2554779052734375,0.011218824423849583,0.2727310061454773,0.7121812105178833,0.0284000318877551,0.0,0.3693796396255493,973.8266843313578,11670.600645727041,0.07192681760204081,0.027759086340665817,,,,,,
reference,episode_000034,131,1,0.43469953536987305,0.3839312493801117,0.3415127992630005,0.39166197180747986,0.24615007638931274,0.015007059089839458,0.4082948863506317,0.7239459156990051,0.015744579081632654,3.985969387755102e-05,0.35501185059547424,1187.090164581372,15419.6640625,0.08288823341836735,0.02812276780605316,,,,,,
reference,episode_000034,132,0,0.37591269612312317,0.3281543254852295,0.2989181578159332,0.3361968994140625,0.25572359561920166,0.011218824423849583,0.2721906006336212,0.7124800086021423,0.02760283801020408,0.0,0.3704215884208679,980.0307126055156,11686.470264668367,0.07246492346938775,0.027756521478295326,,,,,,
reference,episode_000034,132,1,0.43295490741729736,0.3823234736919403,0.340142160654068,0.390042245388031,0.2458128035068512,0.015120001509785652,0.40552157163619995,0.7213882207870483,0.015405771683673469,0.0,0.3556709587574005,1182.1692884569118,15288.668048469388,0.08324697066326531,0.0283478032797575,,,,,,
reference,episode_000034,133,0,0.37601691484451294,0.3282865881919861,0.2992323637008667,0.3363363444805145,0.25601518154144287,0.011218824423849583,0.27269020676612854,0.7121812105178833,0.028180803571428572,0.0,0.3693614602088928,975.1287809512557,11678.152582908164,0.07178730867346939,0.02775644138455391,,,,,,
reference,episode_000034,133,1,0.43125811219215393,0.3807145059108734,0.33871549367904663,0.3884277045726776,0.24562451243400574,0.014250196516513824,0.4035552740097046,0.7194376587867737,0.014708227040816327,3.985969387755102e-05,0.35787153244018555,1179.69408563513,15175.068000637755,0.08434311224489796,0.028708433732390404,,,,,,
reference,episode_000034,134,0,0.3760477304458618,0.3282850682735443,0.29940077662467957,0.33635395765304565,0.25618088245391846,0.011218824423849583,0.2721388339996338,0.7121812105178833,0.02857940051020408,0.0,0.37085995078086853,972.5086908304706,11698.863600127552,0.0723453443877551,0.02785317786037922,,,,,,
reference,episode_000034,134,1,0.42949235439300537,0.3789243996143341,0.33698779344558716,0.3866472840309143,0.24531051516532898,0.014306667260825634,0.40299683809280396,0.7161027193069458,0.01572464923469388,0.0,0.35882070660591125,1173.0741744528011,15093.744180484693,0.08227040816326531,0.02899019420146942,,,,,,
reference,episode_000034,135,0,0.3761412501335144,0.32845500111579895,0.29944920539855957,0.336498886346817,0.2564186751842499,0.011218824423849583,0.2723003923892975,0.7121812105178833,0.028619260204081634,0.0,0.37047356367111206,971.1037307589912,11701.649713010203,0.07108976403061225,0.02790534868836403,,,,,,
reference,episode_000034,135,1,0.42786523699760437,0.37744712829589844,0.33585450053215027,0.38516297936439514,0.2449614405632019,0.013735687360167503,0.4016000032424927,0.7141521573066711,0.015465561224489796,5.978954081632653e-05,0.3595653772354126,1164.7577644532446,15069.416573660714,0.08019770408163265,0.029173454269766808,,,,,,
reference,episode_000034,136,0,0.37641432881355286,0.3285611867904663,0.2996982932090759,0.33665087819099426,0.256602019071579,0.011218824423849583,0.2726980447769165,0.7121812105178833,0.02969547193877551,0.0,0.3700587749481201,967.6807213544548,11705.75267059949,0.07108976403061225,0.02791396528482437,,,,,,
reference,episode_000034,136,1,0.42617833614349365,0.3759830594062805,0.3344855308532715,0.38365843892097473,0.24442222714424133,0.014023530296981335,0.4015372693538666,0.7115945816040039,0.01558514030612245,0.0,0.3612808287143707,1164.6682905982007,15034.230309311224,0.08141342474489796,0.029245717450976372,,,,,,
reference,episode_000034,137,0,0.37673628330230713,0.328962117433548,0.3001147210597992,0.3370361328125,0.25687071681022644,0.011218824423849583,0.27347683906555176,0.7127317786216736,0.02712452168367347,0.0,0.36947187781333923,969.7750875829706,11714.67916932398,0.07172751913265306,0.02791871689260006,,,,,,
reference,episode_000034,137,1,0.4250469207763672,0.3746598958969116,0.3334377706050873,0.3823958933353424,0.2436821311712265,0.014306667260825634,0.4007376432418823,0.708259642124176,0.016880580357142856,0.0,0.36205431818962097,1152.9111959381135,14975.429807079081,0.0784438775510204,0.029329199343919754,,,,,,
reference,episode_000034,138,0,0.3768521845340729,0.3291471302509308,0.3004077672958374,0.33721423149108887,0.25690773129463196,0.011218824423849583,0.27305805683135986,0.7127317786216736,0.02618781887755102,0.0,0.368541955947876,958.7643519238301,11736.528818558674,0.07240513392857142,0.02790340967476368,,,,,,
reference,episode_000034,138,1,0.42391711473464966,0.3735646903514862,0.3322291374206543,0.3812851905822754,0.2427636831998825,0.014306667260825634,0.4012901782989502,0.704888641834259,0.014389349489795918,1.992984693877551e-05,0.3622990846633911,1144.1571387589252,14881.007374043367,0.07922114158163265,0.029595863074064255,,,,,,
reference,episode_000034,139,0,0.3771292567253113,0.3293280005455017,0.30069226026535034,0.33742308616638184,0.2570537328720093,0.011218824423849583,0.27437645196914673,0.7127317786216736,0.027861926020408163,0.0,0.3680315911769867,963.3585725424441,11741.605110012755,0.07314253826530612,0.027891676872968674,,,,,,
reference,episode_000034,139,1,0.4227920174598694,0.3724730610847473,0.3313893675804138,0.3802046477794647,0.24170435965061188,0.015083922073245049,0.40158432722091675,0.7037513852119446,0.015904017857142856,0.0,0.3615169823169708,1153.1158818690192,14713.492944834185,0.07991868622448979,0.029788775369524956,,,,,,
reference,episode_000034,140,0,0.3772124946117401,0.3296135365962982,0.3007957339286804,0.33765244483947754,0.2570784091949463,0.011218824423849583,0.2746376693248749,0.7127317786216736,0.026227678571428572,0.0,0.37014517188072205,964.0436726684919,11732.751036352041,0.07346141581632654,0.027843978255987167,,,,,,
reference,episode_000034,140,1,0.42153701186180115,0.37121912837028503,0.3303668797016144,0.37896716594696045,0.24067282676696777,0.014023530296981335,0.40015530586242676,0.7009670734405518,0.016262755102040817,0.0,0.36015114188194275,1145.524290910218,14539.80580357143,0.08047672193877552,0.029669316485524178,,,,,,
reference,episode_000034,141,0,0.3773457407951355,0.32968151569366455,0.3009475767612457,0.33774030208587646,0.25707754492759705,0.011218824423849583,0.276059627532959,0.7122200727462769,0.026885363520408163,0.0,0.37015506625175476,965.988172966855,11736.232102997448,0.07322225765306123,0.02783253602683544,,,,,,
reference,episode_000034,141,1,0.4201156198978424,0.3700626492500305,0.32927244901657104,0.3777588903903961,0.23969954252243042,0.014306667260825634,0.39908313751220703,0.698465883731842,0.016043526785714284,0.0,0.3609764575958252,1127.280912323427,14345.846699617347,0.08047672193877552,0.029184386134147644,,,,,,
reference,episode_000034,142,0,0.3774265646934509,0.32980242371559143,0.30111488699913025,0.3378560543060303,0.25710099935531616,0.011218824423849583,0.2760486304759979,0.7121812105178833,0.027981505102040817,0.0,0.3680253028869629,961.4911381182498,11740.988002232143,0.07282366071428571,0.027817968279123306,,,,,,
reference,episode_000034,142,1,0.4191119968891144,0.3689515292644501,0.32821935415267944,0.37667474150657654,0.23881453275680542,0.013893922790884972,0.39902040362358093,0.69590824842453,0.01624282525510204,1.992984693877551e-05,0.3605586886405945,1119.1922566987037,14230.574099170919,0.08021763392857142,0.028721041977405548,,,,,,
reference,episode_000034,143,0,0.3775080442428589,0.3299102783203125,0.30126070976257324,0.3379610776901245,0.25716909766197205,0.011218824423849583,0.2774447202682495,0.7121812105178833,0.0293765943877551,0.0,0.36872202157974243,976.1799116710581,11816.031927614797,0.07447783801020408,0.027974864467978477,,,,,,
reference,episode_000034,143,1,0.41793331503868103,0.36800944805145264,0.32740476727485657,0.37569159269332886,0.2378733605146408,0.014306667260825634,0.3976157009601593,0.6931239366531372,0.016840720663265307,0.0,0.3598145544528961,1089.4350943464083,14053.472496811224,0.08009805484693877,0.028266333043575287,,,,,,
reference,episode_000034,144,0,0.3776790499687195,0.3298693597316742,0.30136942863464355,0.33797603845596313,0.25718578696250916,0.011218824423849583,0.2771953046321869,0.7127317786216736,0.029017857142857144,0.0,0.368219792842865,973.8807491185714,11857.472217793367,0.07274394132653061,0.02800934948027134,,,,,,
reference,episode_000034,144,1,0.41672375798225403,0.366775780916214,0.32623887062072754,0.3744679391384125,0.23688921332359314,0.014434313401579857,0.3968023657798767,0.6906227469444275,0.01815609056122449,0.0,0.35934168100357056,1102.1517620221719,13951.589644451531,0.07969945790816327,0.028225181624293327,,,,,,
reference,episode_000034,145,0,0.3776027262210846,0.32985126972198486,0.3012153208255768,0.3379356861114502,0.2570810317993164,0.011218824423849583,0.27805569767951965,0.7121812105178833,0.027283960459183673,0.0,0.3682393431663513,975.5812300074749,11887.56712372449,0.07401945153061225,0.028087588027119637,,,,,,
reference,episode_000034,145,1,0.41568636894226074,0.3658674955368042,0.32532382011413574,0.3735317289829254,0.2360479086637497,0.014250196516513824,0.3965427577495575,0.6892023682594299,0.01739875637755102,0.0,0.3604286313056946,1104.0000240889156,13853.55911192602,0.07952008928571429,0.02822536788880825,,,,,,
reference,episode_000034,146,0,0.37751850485801697,0.32978391647338867,0.301037460565567,0.33785682916641235,0.25701627135276794,0.011218824423849583,0.27803999185562134,0.7121812105178833,0.026068239795918366,0.0,0.3705427944660187,980.3778849216066,11897.225207270409,0.07252471301020408,0.028169730678200722,,,,,,
reference,episode_000034,146,1,0.41480928659439087,0.36478322744369507,0.32449325919151306,0.37250980734825134,0.23518885672092438,0.014306667260825634,0.39566513895988464,0.6856188774108887,0.014130261479591837,0.0,0.36213231086730957,1086.4819031508453,13707.285554846938,0.07792570153061225,0.028057316318154335,,,,,,
reference,episode_000034,147,0,0.3776763081550598,0.3299018442630768,0.3012276291847229,0.33798840641975403,0.2570528984069824,0.011218824423849583,0.27886825799942017,0.7119137048721313,0.028180803571428572,0.0,0.3702397644519806,986.0417999162717,11928.799186862245,0.07208625637755102,0.028255688026547432,,,,,,
reference,episode_000034,147,1,0.4138762354850769,0.3639152944087982,0.32342711091041565,0.3716137409210205,0.23444175720214844,0.014553726650774479,0.39506906270980835,0.6841435432434082,0.015864158163265307,0.0,0.361789345741272,1087.941319411221,13580.997568558674,0.07824457908163265,0.02787737362086773,,,,,,
reference,episode_000034,148,0,0.3777257204055786,0.3299298882484436,0.3012600541114807,0.33802130818367004,0.2570410966873169,0.011218824423849583,0.27946746349334717,0.7119137048721313,0.027622767857142856,0.0,0.3692570924758911,990.1998906002498,11901.669842155612,0.07240513392857142,0.028202015906572342,,,,,,
reference,episode_000034,148,1,0.4131086766719818,0.3631288707256317,0.3229042887687683,0.3708503544330597,0.23378729820251465,0.013735687360167503,0.3942604064941406,0.6813592910766602,0.01628268494897959,0.0,0.36129340529441833,1087.60851083483,13463.310108418367,0.07778619260204081,0.027700988575816154,,,,,,
reference,episode_000034,149,0,0.3777216970920563,0.3299151062965393,0.3012157380580902,0.3380067050457001,0.25698962807655334,0.011218824423849583,0.2802196145057678,0.7118980884552002,0.027383609693877552,0.0,0.3699391782283783,993.1648783971746,11933.207350127552,0.07174744897959184,0.02825845219194889,,,,,,
reference,episode_000034,149,1,0.41227149963378906,0.3623780608177185,0.3221600651741028,0.37008169293403625,0.23306603729724884,0.014250196516513824,0.3936713933944702,0.680525541305542,0.017059948979591837,0.0,0.3592112362384796,1071.29527409461,13298.950494260203,0.0778061224489796,0.027488190680742264,,,,,,
reference,episode_000034,150,0,0.3776196837425232,0.32970789074897766,0.30117344856262207,0.3378337621688843,0.2569544315338135,0.011218824423849583,0.2796862721443176,0.7119137048721313,0.02893813775510204,0.0,0.3691031038761139,993.9856655338516,11935.269610969388,0.07306281887755102,0.028275541961193085,,,,,,
reference,episode_000034,150,1,0.4116641879081726,0.3617294132709503,0.32150086760520935,0.3694410026073456,0.23243343830108643,0.014306667260825634,0.3931748867034912,0.6788581013679504,0.015465561224489796,0.0,0.36115020513534546,1073.657850739361,13172.373126594388,0.07754703443877552,0.02742672525346279,,,,,,
reference,episode_000034,151,0,0.3775655925273895,0.3297656774520874,0.3013138175010681,0.3378736972808838,0.2569330036640167,0.011218824423849583,0.28015610575675964,0.7118980884552002,0.02911750637755102,0.0,0.3686705529689789,986.3657012774217,11946.981345663266,0.07150829081632654,0.02825271151959896,,,,,,
reference,episode_000034,151,1,0.4109971523284912,0.36107051372528076,0.3210023045539856,0.36879199743270874,0.2318178415298462,0.014292549341917038,0.39246904850006104,0.6774376630783081,0.01594387755102041,0.0,0.35884103178977966,1065.2930109194049,13085.642657844388,0.07718829719387756,0.027420930564403534,,,,,,
reference,episode_000034,152,0,0.377526193857193,0.3296983242034912,0.30096346139907837,0.3377918601036072,0.2568531334400177,0.011218824423849583,0.2805333435535431,0.7118980884552002,0.028619260204081634,0.0,0.369200736284256,994.504477777366,11944.702845982143,0.07158801020408163,0.02825314737856388,,,,,,
reference,episode_000034,152,1,0.41035500168800354,0.36041462421417236,0.3202155828475952,0.36812958121299744,0.23117299377918243,0.013946667313575745,0.3912290334701538,0.6758062839508057,0.015525350765306123,0.0,0.35982173681259155,1049.5255130508056,12952.784956951531,0.07684948979591837,0.02733640745282173,,,,,,
reference,episode_000034,153,0,0.3775719106197357,0.32974347472190857,0.3010278344154358,0.3378385007381439,0.25678208470344543,0.011218824423849583,0.28054121136665344,0.7110282778739929,0.027363679846938774,0.0,0.3707134425640106,992.6169751718212,11937.44602997449,0.07168765943877552,0.02819008193910122,,,,,,
reference,episode_000034,153,1,0.40969347953796387,0.3596886098384857,0.3193950653076172,0.36741042137145996,0.23058292269706726,0.013735687360167503,0.3899376392364502,0.6747096180915833,0.017020089285714284,0.0,0.3608646094799042,1058.0943894197621,12883.970025510203,0.07539461096938775,0.027431786060333252,,,,,,
reference,episode_000034,154,0,0.37759867310523987,0.32985931634902954,0.3011820614337921,0.33793818950653076,0.25680074095726013,0.011198431253433228,0.280796080827713,0.7118980884552002,0.02979512117346939,0.0,0.36958786845207214,991.6366686326471,11943.26223692602,0.07252471301020408,0.02817573770880699,,,,,,
reference,episode_000034,154,1,0.4090059697628021,0.35892415046691895,0.31884902715682983,0.3666781187057495,0.2299596220254898,0.013735687360167503,0.3892713785171509,0.6732690334320068,0.018435108418367346,0.0,0.35836273431777954,1046.5828043180227,12790.496293048469,0.07583306760204081,0.027362434193491936,,,,,,
reference,episode_000034,155,0,0.3776976466178894,0.32996800541877747,0.30124980211257935,0.33804190158843994,0.25683173537254333,0.011218824423849583,0.2811121940612793,0.7118980884552002,0.02863919005102041,0.0,0.3690803050994873,1010.6895405528248,11959.17897002551,0.07132892219387756,0.02823028154671192,,,,,,
reference,episode_000034,155,1,0.40819668769836426,0.35816243290901184,0.3179864287376404,0.365898996591568,0.22931595146656036,0.013720001094043255,0.38787686824798584,0.6715090870857239,0.018036511479591837,0.0,0.36015766859054565,1049.775208488299,12713.760961415815,0.07525510204081633,0.027311895042657852,,,,,,
reference,episode_000034,156,0,0.3778570592403412,0.3300454616546631,0.30134111642837524,0.33813777565956116,0.2568211853504181,0.011198431253433228,0.28242433071136475,0.7110282778739929,0.02947624362244898,0.0,0.37036842107772827,998.6155080731738,11928.934470663266,0.0712093431122449,0.02814340591430664,,,,,,
reference,episode_000034,156,1,0.4074151813983917,0.35742977261543274,0.31728193163871765,0.36515799164772034,0.2286090850830078,0.014023530296981335,0.386334091424942,0.6695945262908936,0.01584422831632653,0.0,0.3599233031272888,1046.666400338649,12632.306321747448,0.07581313775510204,0.027215057983994484,,,,,,
reference,episode_000034,157,0,0.37791478633880615,0.3302576243877411,0.3014551103115082,0.33830997347831726,0.2568328082561493,0.011218824423849583,0.2820921540260315,0.7118980884552002,0.028459821428571428,0.0,0.3701680302619934,993.9873050926427,11918.01088169643,0.07314253826530612,0.028109019622206688,,,,,,
reference,episode_000034,157,1,0.4066970944404602,0.35654371976852417,0.3163922429084778,0.3643074035644531,0.22798272967338562,0.013720001094043255,0.38530588150024414,0.6693474650382996,0.0157047193877551,0.0,0.36137792468070984,1042.2439042500087,12576.068718112245,0.07320232780612244,0.0271773561835289,,,,,,
reference,episode_000034,158,0,0.3782009184360504,0.33025285601615906,0.30142638087272644,0.3383653163909912,0.25685566663742065,0.011198431253433228,0.28253960609436035,0.7110282778739929,0.02907764668367347,0.0,0.37195825576782227,990.2817063842004,11895.233777104591,0.07248485331632654,0.028075208887457848,,,,,,
reference,episode_000034,158,1,0.4059506952762604,0.3558536171913147,0.31579649448394775,0.3636121153831482,0.22728849947452545,0.013946667313575745,0.3839215636253357,0.6687608361244202,0.016481983418367346,0.0,0.3606521785259247,1046.2496782876412,12490.105309311224,0.07164779974489796,0.02713162638247013,,,,,,
reference,episode_000034,159,0,0.378251314163208,0.33038291335105896,0.30155375599861145,0.33847829699516296,0.2568971514701843,0.011198431253433228,0.2827592194080353,0.7119137048721313,0.029755261479591837,0.0,0.3690860867500305,995.4947697815426,11912.659359056122,0.07272401147959184,0.028124980628490448,,,,,,
reference,episode_000034,159,1,0.40518689155578613,0.3551487922668457,0.31496554613113403,0.3628856837749481,0.22672389447689056,0.013735687360167503,0.38358667492866516,0.6664549112319946,0.01682079081632653,1.992984693877551e-05,0.36116278171539307,1040.7699612792655,12429.874920280612,0.07152822066326531,0.027129461988806725,,,,,,
reference,episode_000034,160,0,0.3782769441604614,0.3305451571941376,0.30168890953063965,0.3386094868183136,0.25693973898887634,0.011198431253433228,0.2830580472946167,0.7119137048721313,0.02939652423469388,0.0,0.3707425594329834,990.3381331319464,11894.564532844388,0.07168765943877552,0.02809501439332962,,,,,,
reference,episode_000034,160,1,0.40448248386383057,0.3544081747531891,0.3141942024230957,0.36215049028396606,0.2261059284210205,0.014023530296981335,0.3821921646595001,0.665673017501831,0.015306122448979591,0.0,0.36170274019241333,1048.4278952941354,12332.263073979591,0.07320232780612244,0.02712780423462391,,,,,,
reference,episode_000034,161,0,0.3786069452762604,0.3307407796382904,0.30200624465942383,0.338842511177063,0.2569425106048584,0.011218824423849583,0.2832067012786865,0.7121812105178833,0.02744339923469388,0.0,0.36935269832611084,986.360643960793,11888.480149872448,0.07228555484693877,0.02808316983282566,,,,,,
reference,episode_000034,161,1,0.404098778963089,0.35377129912376404,0.3135659098625183,0.36156806349754333,0.22578786313533783,0.013735687360167503,0.38127532601356506,0.6648392677307129,0.017239317602040817,0.0,0.36036214232444763,1050.491924190561,12295.993542729591,0.07252471301020408,0.02720433846116066,,,,,,
reference,episode_000034,162,0,0.3785994350910187,0.3309776782989502,0.30218055844306946,0.3390229344367981,0.25702735781669617,0.011218824423849583,0.2835945188999176,0.7121812105178833,0.028380102040816327,0.0,0.36976906657218933,991.3752807714899,11902.467793367347,0.07130899234693877,0.028086772188544273,,,,,,
reference,episode_000034,162,1,0.4039289951324463,0.3537825345993042,0.31340664625167847,0.36152854561805725,0.22567406296730042,0.013735687360167503,0.3808392286300659,0.6654258966445923,0.015146683673469387,0.0,0.3619179129600525,1047.6415788300185,12257.164939413266,0.07112962372448979,0.027210606262087822,,,,,,
reference,episode_000034,163,0,0.37884101271629333,0.33098459243774414,0.3021395802497864,0.3390762209892273,0.25708454847335815,0.011218824423849583,0.2844172716140747,0.7121812105178833,0.02822066326530612,0.0,0.3704052269458771,996.8892727557542,11905.071109693878,0.07216597576530612,0.028130024671554565,,,,,,
reference,episode_000034,163,1,0.40353676676750183,0.35330620408058167,0.31298303604125977,0.36107394099235535,0.22553430497646332,0.01413745153695345,0.3808070719242096,0.665122389793396,0.01650191326530612,0.0,0.36063891649246216,1059.208485428168,12189.701490752552,0.0742984693877551,0.027223600074648857,,,,,,
reference,episode_000034,164,0,0.37900787591934204,0.33120864629745483,0.30229172110557556,0.33928290009498596,0.2571719288825989,0.011218824423849583,0.2849070727825165,0.7121812105178833,0.028958067602040817,0.0,0.37034857273101807,1001.28328710077,11938.968431122448,0.07240513392857142,0.028158972039818764,,,,,,
reference,episode_000034,164,1,0.4034004509449005,0.35303235054016113,0.3127535879611969,0.3608325123786926,0.22554627060890198,0.014023530296981335,0.3799505829811096,0.6648392677307129,0.015306122448979591,0.0,0.36245203018188477,1052.2645915518797,12196.802853954081,0.07405931122448979,0.027283668518066406,,,,,,
reference,episode_000034,165,0,0.3790571689605713,0.33135685324668884,0.3024187982082367,0.33940863609313965,0.25714871287345886,0.011218824423849583,0.2850337326526642,0.7127317786216736,0.027204241071428572,0.0,0.3696896731853485,997.893268423148,11914.230707908164,0.07266422193877552,0.028073130175471306,,,,,,
reference,episode_000034,165,1,0.40325021743774414,0.3530800938606262,0.3128426671028137,0.3608410954475403,0.22562536597251892,0.014250196516513824,0.37861335277557373,0.6648392677307129,0.015625,0.0,0.3612537384033203,1055.2176925932451,12207.590162627552,0.07278380102040816,0.027344658970832825,,,,,,
reference,episode_000034,166,0,0.3793269693851471,0.3314465582370758,0.3026774227619171,0.33954882621765137,0.25726327300071716,0.011218824423849583,0.2850337326526642,0.7127317786216736,0.02822066326530612,0.0,0.36848387122154236,1003.7118737130597,11947.09837372449,0.07340162627551021,0.028117623180150986,,,,,,
reference,episode_000034,166,1,0.4034147560596466,0.35310491919517517,0.31300631165504456,0.3609056770801544,0.2258915901184082,0.014306667260825634,0.3785349130630493,0.665673017501831,0.01584422831632653,0.0,0.36170363426208496,1060.7831893326688,12285.704320790815,0.07374043367346939,0.027502771466970444,,,,,,
reference,episode_000034,167,0,0.37933704257011414,0.33148640394210815,0.3028480112552643,0.33959174156188965,0.2573069632053375,0.011218824423849583,0.2852964699268341,0.7121812105178833,0.02800143494897959,0.0,0.369185209274292,1009.8464312364736,11937.648676658164,0.07360092474489796,0.02812410518527031,,,,,,
reference,episode_000034,167,1,0.4034726321697235,0.3529793918132782,0.3127393424510956,0.36080893874168396,0.22605301439762115,0.01427372545003891,0.37849098443984985,0.665673017501831,0.016043526785714284,3.985969387755102e-05,0.3618798553943634,1053.7125924681186,12360.574617346938,0.07391980229591837,0.02769443765282631,,,,,,
reference,episode_000034,168,0,0.37949639558792114,0.3317364752292633,0.3029175400733948,0.33980944752693176,0.25731948018074036,0.011218824423849583,0.2852964699268341,0.7121812105178833,0.02822066326530612,0.0,0.36849573254585266,1007.744996896241,11953.155612244898,0.07248485331632654,0.028105365112423897,,,,,,
reference,episode_000034,168,1,0.4031270444393158,0.3527640104293823,0.3126729726791382,0.3605765998363495,0.22628706693649292,0.0139415692538023,0.377920001745224,0.665673017501831,0.01580436862244898,0.0,0.36181625723838806,1069.6563811645763,12583.63919005102,0.07395966198979592,0.028277568519115448,,,,,,
reference,episode_000034,169,0,0.37963154911994934,0.3317760229110718,0.3029384911060333,0.33986803889274597,0.2573816478252411,0.011218824423849583,0.2852964699268341,0.7127317786216736,0.02806122448979592,0.0,0.3692094385623932,1009.989392163802,11951.298748405612,0.07264429209183673,0.028108179569244385,,,,,,
reference,episode_000034,169,1,0.40283098816871643,0.3521372675895691,0.3121284246444702,0.36002612113952637,0.22632241249084473,0.014306667260825634,0.3766235411167145,0.665673017501831,0.016621492346938774,0.0,0.364035040140152,1079.6372342552556,12700.863440688776,0.07310267857142858,0.028757307678461075,,,,,,
reference,episode_000034,170,0,0.3795412480831146,0.33185985684394836,0.3030235767364502,0.3399149477481842,0.2574056386947632,0.011198431253433228,0.28534984588623047,0.7127317786216736,0.028180803571428572,0.0,0.3698866069316864,1004.6841133479921,11951.565130739797,0.0738998724489796,0.0280858613550663,,,,,,
reference,episode_000034,170,1,0.40254199504852295,0.35159388184547424,0.3116573393344879,0.35954198241233826,0.22637712955474854,0.014553726650774479,0.37414902448654175,0.6659200191497803,0.015485491071428572,3.985969387755102e-05,0.36434003710746765,1095.2300311572747,12827.266581632653,0.07230548469387756,0.029273323714733124,,,,,,
reference,episode_000034,171,0,0.3795253336429596,0.3318328857421875,0.30295825004577637,0.3398875296115875,0.2573508024215698,0.011198431253433228,0.2855435311794281,0.7127317786216736,0.029177295918367346,0.0,0.37043893337249756,1011.9431192154985,11974.755301339286,0.07140864158163265,0.028142813593149185,,,,,,
reference,episode_000034,171,1,0.4019220769405365,0.3510642945766449,0.31119248270988464,0.3589978516101837,0.22647498548030853,0.014306667260825634,0.3728768825531006,0.665673017501831,0.016003667091836735,0.0,0.36412695050239563,1081.344687833631,12990.790377869898,0.07290338010204081,0.0298001766204834,,,,,,
reference,episode_000034,172,0,0.37956055998802185,0.33193647861480713,0.3029438555240631,0.33996808528900146,0.25737643241882324,0.011218824423849583,0.2852964699268341,0.7127317786216736,0.027642697704081634,0.0,0.3700893819332123,1013.1458758140097,11956.494499362245,0.07278380102040816,0.02809894271194935,,,,,,
reference,episode_000034,172,1,0.40157550573349,0.35083919763565063,0.3108748495578766,0.35874032974243164,0.22650808095932007,0.014553726650774479,0.3721356987953186,0.665673017501831,0.01323341836734694,3.985969387755102e-05,0.3647325336933136,1070.8788775229941,13121.894889987245,0.07407924107142858,0.030129704624414444,,,,,,
reference,episode_000034,173,0,0.37974798679351807,0.33177006244659424,0.30298346281051636,0.33989179134368896,0.2574182152748108,0.011218824423849583,0.28668081760406494,0.7127317786216736,0.029496173469387755,0.0,0.3707749843597412,1013.912924679554,11973.466159119898,0.07180723852040816,0.028133157640695572,,,,,,
reference,episode_000034,173,1,0.4014262855052948,0.3503696620464325,0.3107600212097168,0.3583645224571228,0.22666659951210022,0.014306667260825634,0.370819628238678,0.665673017501831,0.015644929846938774,0.0,0.36519351601600647,1075.3323335389405,13189.108697385203,0.07244499362244898,0.030289432033896446,,,,,,
reference,episode_000034,174,0,0.37966838479042053,0.33188119530677795,0.30284178256988525,0.33994409441947937,0.25735822319984436,0.011218824423849583,0.2855435311794281,0.7127317786216736,0.02893813775510204,0.0,0.370328813791275,1014.7797559728626,11952.160594706633,0.07300302933673469,0.02809271588921547,,,,,,
reference,episode_000034,174,1,0.40119242668151855,0.350154846906662,0.31042322516441345,0.3581368327140808,0.22690825164318085,0.014553726650774479,0.370430588722229,0.665673017501831,0.016541772959183673,1.992984693877551e-05,0.36628657579421997,1087.4291542987435,13437.593112244898,0.07362085459183673,0.030800199136137962,,,,,,
reference,episode_000034,175,0,0.379532128572464,0.3318565785884857,0.3030414879322052,0.33991193771362305,0.25733280181884766,0.011218824423849583,0.2861098051071167,0.7127317786216736,0.02782206632653061,0.0,0.3682326376438141,1011.2920551033925,11937.09458705357,0.07158801020408163,0.02808409370481968,,,,,,
reference,episode_000034,175,1,0.40127262473106384,0.3499389588832855,0.3105285167694092,0.3580070734024048,0.2270478755235672,0.014306667260825634,0.37007686495780945,0.665673017501831,0.015864158163265307,0.0,0.36523187160491943,1080.3541911028665,13346.446667729591,0.07346141581632654,0.030871691182255745,,,,,,
reference,episode_000034,176,0,0.37951013445854187,0.33177828788757324,0.3029521405696869,0.33984485268592834,0.25737935304641724,0.011218824423849583,0.28590354323387146,0.7122161388397217,0.028340242346938774,0.0,0.3690151274204254,1011.2031290673156,11946.459183673469,0.07268415178571429,0.028117962181568146,,,,,,
reference,episode_000034,176,1,0.40137356519699097,0.34990090131759644,0.3102971613407135,0.35798463225364685,0.22737301886081696,0.015120001509785652,0.36951059103012085,0.6659200191497803,0.01598373724489796,0.0,0.36651191115379333,1070.0792586176854,13537.244339923469,0.07483657525510204,0.030947577208280563,,,,,,
reference,episode_000034,177,0,0.3794908821582794,0.33170047402381897,0.3028952479362488,0.3397809565067291,0.257375568151474,0.011198431253433228,0.28556233644485474,0.7121812105178833,0.02955596301020408,0.0,0.3694397211074829,1025.087062900834,11987.426179846938,0.07142857142857142,0.02819046564400196,,,,,,
reference,episode_000034,177,1,0.4014154076576233,0.349884957075119,0.3101024925708771,0.3579680323600769,0.2277335822582245,0.015110981650650501,0.36964547634124756,0.6678910255432129,0.015106823979591837,1.992984693877551e-05,0.36837446689605713,1002.6038519395782,13642.697823660714,0.07421875,0.030249454081058502,,,,,,
reference,episode_000034,178,0,0.3793022632598877,0.3318726420402527,0.3030425012111664,0.33987465500831604,0.2574191987514496,0.011218824423849583,0.2852964699268341,0.7127317786216736,0.02810108418367347,0.0,0.36810022592544556,1025.1125861457467,12024.125956632653,0.07256457270408163,0.028248339891433716,,,,,,
reference,episode_000034,178,1,0.4013920724391937,0.34979718923568726,0.3099476099014282,0.3578890860080719,0.22824238240718842,0.015120001509785652,0.3684094250202179,0.6690439581871033,0.0166015625,0.0,0.36968979239463806,989.0376274807162,13705.957629145409,0.07380022321428571,0.030351372435688972,,,,,,
reference,episode_000034,179,0,0.3792853057384491,0.3317372500896454,0.3029063940048218,0.33976438641548157,0.25747767090797424,0.011218824423849583,0.28545060753822327,0.7127317786216736,0.028878348214285716,0.0,0.36956536769866943,1029.8856094623297,12080.892338966836,0.0729233099489796,0.02837561070919037,,,,,,
reference,episode_000034,179,1,0.400831937789917,0.34907394647598267,0.30944910645484924,0.3572167754173279,0.22885386645793915,0.015387451276183128,0.36687058210372925,0.6690282225608826,0.017119738520408163,0.0,0.370022177696228,945.1753767300328,13862.275988520409,0.07633131377551021,0.030882153660058975,,,,,,
reference,episode_000034,180,0,0.379207581281662,0.3317711353302002,0.3029523491859436,0.3397753834724426,0.25747960805892944,0.011198431253433228,0.2855435311794281,0.7127317786216736,0.029356664540816327,0.0,0.3682433068752289,1027.2019141601154,12076.071787308674,0.07348134566326531,0.028390919789671898,,,,,,
reference,episode_000034,180,1,0.40022554993629456,0.34852445125579834,0.3089377284049988,0.3566579222679138,0.22963905334472656,0.015387451276183128,0.36572393774986267,0.6695945262908936,0.016661352040816327,0.0,0.37310299277305603,945.6104783225387,13953.874601403062,0.07726801658163265,0.031023701652884483,,,,,,
reference,episode_000034,181,0,0.3793051838874817,0.33183643221855164,0.3028963804244995,0.33983880281448364,0.25759512186050415,0.011218824423849583,0.2855952978134155,0.7127317786216736,0.028599330357142856,0.0,0.3695557713508606,1026.2001446867328,12054.508091517857,0.07306281887755102,0.028338240459561348,,,,,,
reference,episode_000034,181,1,0.39965975284576416,0.3482205867767334,0.30884772539138794,0.3563137948513031,0.23058085143566132,0.015387451276183128,0.36485883593559265,0.6709957122802734,0.01634247448979592,1.992984693877551e-05,0.3724014163017273,990.8552299969795,14063.089684311224,0.07627152423469388,0.03172959387302399,,,,,,
reference,episode_000034,182,0,0.37914368510246277,0.3318493962287903,0.30291125178337097,0.33981484174728394,0.2576255202293396,0.011218824423849583,0.2859082520008087,0.7127317786216736,0.029157366071428572,0.0,0.36941590905189514,1035.721814038802,12071.469427614797,0.07457748724489796,0.028431063517928123,,,,,,
reference,episode_000034,182,1,0.3997437357902527,0.3483617305755615,0.30913180112838745,0.35645321011543274,0.23143480718135834,0.015614118427038193,0.3644878566265106,0.6735160946846008,0.016741071428571428,0.0,0.37443986535072327,1024.0374767409915,14098.114995216836,0.07591278698979592,0.03166830167174339,,,,,,
reference,episode_000034,183,0,0.37914833426475525,0.3317658603191376,0.30298441648483276,0.339761346578598,0.25772953033447266,0.011198431253433228,0.28561532497406006,0.7127317786216736,0.02907764668367347,0.0,0.36886757612228394,1034.9023840319162,12098.911830357143,0.07334183673469388,0.028426015749573708,,,,,,
reference,episode_000034,183,1,0.4001004993915558,0.34893307089805603,0.3094489276409149,0.35696056485176086,0.2321050763130188,0.016447843983769417,0.3659113645553589,0.6757341623306274,0.015365911989795918,0.0,0.37485241889953613,1044.1379254204887,14109.47409119898,0.07515545280612244,0.031092338263988495,,,,,,
reference,episode_000034,184,0,0.37903523445129395,0.3316516578197479,0.3028959333896637,0.3396492302417755,0.2577924132347107,0.011198431253433228,0.2852964699268341,0.7127317786216736,0.0292171556122449,0.0,0.36930710077285767,1054.638596962909,12156.119618941326,0.07280373086734694,0.028541196137666702,,,,,,
reference,episode_000034,184,1,0.40095892548561096,0.34977468848228455,0.3101976811885834,0.3577989935874939,0.23277877271175385,0.01567215844988823,0.3670925796031952,0.6774376630783081,0.0146484375,0.0,0.37403759360313416,1065.0460107395024,14083.211535395409,0.07700892857142858,0.030711544677615166,,,,,,
reference,episode_000034,185,0,0.3788810670375824,0.3316318392753601,0.3029666543006897,0.3396073877811432,0.2579539716243744,0.011218824423849583,0.2859160900115967,0.7127317786216736,0.02672592474489796,0.0,0.36911630630493164,1051.3427098789398,12177.7734375,0.07344148596938775,0.028534764423966408,,,,,,
reference,episode_000034,185,1,0.4025253653526306,0.3512461483478546,0.3113357424736023,0.3592665493488312,0.23363345861434937,0.015953725203871727,0.369680792093277,0.6807929873466492,0.015784438775510203,3.985969387755102e-05,0.3740731179714203,1087.2714814881592,14163.14341517857,0.08049665178571429,0.030705368146300316,,,,,,
reference,episode_000034,186,0,0.378883957862854,0.33156514167785645,0.3028756082057953,0.3395538032054901,0.2580329179763794,0.011218824423849583,0.28481215238571167,0.7127317786216736,0.02867904974489796,0.0,0.369986355304718,1050.1067225493177,12167.054448341836,0.07252471301020408,0.028447408229112625,,,,,,
reference,episode_000034,186,1,0.4041425287723541,0.353128582239151,0.3131190240383148,0.3610854744911194,0.23430514335632324,0.015614118427038193,0.37327295541763306,0.6827796697616577,0.01580436862244898,7.971938775510203e-05,0.3718111515045166,1080.2576710829283,14174.562659438776,0.07774633290816327,0.030537717044353485,,,,,,
reference,episode_000034,187,0,0.378719687461853,0.33160898089408875,0.3027837574481964,0.33954355120658875,0.2580977976322174,0.011218824423849583,0.2847764790058136,0.7127317786216736,0.027303890306122448,0.0,0.36960524320602417,1051.1549941908563,12182.405771683674,0.07230548469387756,0.028435811400413513,,,,,,
reference,episode_000034,187,1,0.4054407775402069,0.35473302006721497,0.31443822383880615,0.36260417103767395,0.23525576293468475,0.016524706035852432,0.37610432505607605,0.6864180564880371,0.0146484375,3.985969387755102e-05,0.3705502450466156,1088.0852424239476,14274.090720663266,0.07852359693877552,0.03055691346526146,,,,,,
reference,episode_000034,188,0,0.3786909282207489,0.33141064643859863,0.3026660680770874,0.3393871486186981,0.2583334743976593,0.011198431253433228,0.28315019607543945,0.7127474546432495,0.03049266581632653,0.0,0.36974623799324036,1065.253420776151,12214.667928890307,0.07334183673469388,0.028567122295498848,,,,,,
reference,episode_000034,188,1,0.40727922320365906,0.35680100321769714,0.31608840823173523,0.3645932376384735,0.23610007762908936,0.016524706035852432,0.37806272506713867,0.6892023682594299,0.015066964285714286,3.985969387755102e-05,0.3710281252861023,1106.0081497912902,14368.400749362245,0.07806521045918367,0.030450530350208282,,,,,,
reference,episode_000034,189,0,0.37865474820137024,0.33139240741729736,0.30254995822906494,0.33935797214508057,0.2584225833415985,0.011218824423849583,0.2822447419166565,0.7127317786216736,0.028599330357142856,0.0,0.37139636278152466,1060.6170644728356,12189.26450892857,0.07304288903061225,0.028596121817827225,,,,,,
reference,episode_000034,189,1,0.40844616293907166,0.35825517773628235,0.31740593910217285,0.365976482629776,0.23681600391864777,0.016524706035852432,0.3805427551269531,0.6919866800308228,0.01580436862244898,1.992984693877551e-05,0.36950546503067017,1128.8921144446547,14504.637037627552,0.08019770408163265,0.030342312529683113,,,,,,
reference,episode_000034,190,0,0.37850484251976013,0.3312447667121887,0.30265459418296814,0.3392280340194702,0.2585388720035553,0.011218824423849583,0.2816219627857208,0.7127317786216736,0.028599330357142856,0.0,0.3701026737689972,1070.7679426800157,12230.061623086734,0.0723453443877551,0.028750821948051453,,,,,,
reference,episode_000034,190,1,0.409725546836853,0.35944077372550964,0.3184681832790375,0.36717310547828674,0.23742935061454773,0.016524706035852432,0.38202667236328125,0.6931239366531372,0.014967315051020409,0.0,0.36967557668685913,1127.8391889753268,14608.494778380102,0.07920121173469388,0.03004131279885769,,,,,,
reference,episode_000034,191,0,0.37859079241752625,0.3315800130367279,0.30302858352661133,0.3395131230354309,0.2585718035697937,0.011218824423849583,0.2822980582714081,0.7127474546432495,0.0284000318877551,0.0,0.36924880743026733,1070.243701167029,12227.379185267857,0.07296316964285714,0.02876661904156208,,,,,,
reference,episode_000034,191,1,0.4112132787704468,0.361078679561615,0.3199473023414612,0.36876755952835083,0.23816068470478058,0.016524706035852432,0.3844713568687439,0.6970455050468445,0.014927455357142858,0.0,0.36785173416137695,1149.850187664278,14833.27036830357,0.08141342474489796,0.030090918764472008,,,,,,
reference,episode_000034,192,0,0.37929415702819824,0.33205094933509827,0.3035115897655487,0.34003427624702454,0.2585660219192505,0.011218824423849583,0.2830580472946167,0.7141329646110535,0.02897799744897959,0.0,0.3682570457458496,1072.1053778200735,12340.044005102041,0.07142857142857142,0.029100358486175537,,,,,,
reference,episode_000034,192,1,0.4124423861503601,0.362157940864563,0.3212471902370453,0.3698946535587311,0.23873810470104218,0.016524706035852432,0.3856039047241211,0.6998298168182373,0.013552295918367346,3.985969387755102e-05,0.3668466806411743,1171.367230025295,14984.94810267857,0.0829280931122449,0.030150821432471275,,,,,,
reference,episode_000034,193,0,0.38001328706741333,0.3326614797115326,0.30414050817489624,0.34066927433013916,0.25850212574005127,0.011218824423849583,0.2851882576942444,0.7155717611312866,0.028439891581632654,0.0,0.367580384016037,1057.2838560272783,12354.43638392857,0.07336176658163265,0.028913035988807678,,,,,,
reference,episode_000034,193,1,0.41339266300201416,0.3629559576511383,0.3221399486064911,0.3707318902015686,0.23923055827617645,0.016524706035852432,0.3858666718006134,0.7009670734405518,0.014987244897959183,7.971938775510203e-05,0.3660353124141693,1176.194484642375,15142.939253826531,0.08452248086734694,0.030231477692723274,,,,,,
reference,episode_000034,194,0,0.3803336024284363,0.3332388699054718,0.30466821789741516,0.3411884009838104,0.25838738679885864,0.011218824423849583,0.28557491302490234,0.714131772518158,0.02810108418367347,0.0,0.3661806583404541,1077.75877588821,12417.502072704081,0.07459741709183673,0.028877053409814835,,,,,,
reference,episode_000034,194,1,0.41373705863952637,0.3635312616825104,0.32277733087539673,0.37126263976097107,0.2396060675382614,0.015953725203871727,0.385683536529541,0.7028816342353821,0.01508689413265306,5.978954081632653e-05,0.3649404048919678,1176.002849154649,15208.997090242347,0.08559869260204081,0.030318159610033035,,,,,,
reference,episode_000034,195,0,0.38036462664604187,0.33328717947006226,0.30441123247146606,0.3412110209465027,0.2583790719509125,0.011198431253433228,0.2856364846229553,0.7142957448959351,0.0284000318877551,0.0,0.3672720193862915,1087.0239319835093,12429.557397959185,0.07499601403061225,0.02894672192633152,,,,,,
reference,episode_000034,195,1,0.4139518737792969,0.3637198507785797,0.32299336791038513,0.3714587092399597,0.2400221973657608,0.016524706035852432,0.38589805364608765,0.7037513852119446,0.014668367346938776,1.992984693877551e-05,0.3648335635662079,1201.1559721769167,15283.467354910714,0.08525988520408163,0.03054661676287651,,,,,,
reference,episode_000034,196,0,0.3803238868713379,0.33312496542930603,0.30443787574768066,0.34108826518058777,0.25829413533210754,0.011218824423849583,0.28559058904647827,0.7141521573066711,0.02734375,0.0,0.36733612418174744,1103.7655886976186,12476.871572066326,0.07360092474489796,0.029055755585432053,,,,,,
reference,episode_000034,196,1,0.41416826844215393,0.3638099730014801,0.3231462240219116,0.37158021330833435,0.2402947098016739,0.016524706035852432,0.3864172697067261,0.7037513852119446,0.013831313775510204,1.992984693877551e-05,0.3647387623786926,1216.4453395222288,15331.763113839286,0.08480149872448979,0.03067414090037346,,,,,,
reference,episode_000034,197,0,0.38023945689201355,0.3329451382160187,0.3043683171272278,0.34093666076660156,0.25820863246917725,0.011218824423849583,0.2852964699268341,0.714698076248169,0.028160873724489797,0.0,0.36542463302612305,1093.9496340594756,12483.408123405612,0.07517538265306123,0.029055289924144745,,,,,,
reference,episode_000034,197,1,0.41426560282707214,0.3637576997280121,0.3231959342956543,0.37156715989112854,0.24054226279258728,0.016524706035852432,0.386334091424942,0.7043223977088928,0.01508689413265306,5.978954081632653e-05,0.3653792440891266,1213.9625575305126,15396.157724808674,0.08621651785714286,0.03078525699675083,,,,,,
reference,episode_000034,198,0,0.3802611231803894,0.33289462327957153,0.3042919635772705,0.34089964628219604,0.258161723613739,0.011218824423849583,0.2852964699268341,0.7146139740943909,0.028659119897959183,0.0,0.3659168481826782,1094.733979885303,12486.747608418367,0.0764907525510204,0.029099661856889725,,,,,,
reference,episode_000034,198,1,0.41428232192993164,0.36389976739883423,0.323315292596817,0.37168094515800476,0.24074356257915497,0.016524706035852432,0.3859137296676636,0.704888641834259,0.015784438775510203,3.985969387755102e-05,0.36591583490371704,1215.0311747193086,15458.795918367347,0.0860172193877551,0.03095977008342743,,,,,,
reference,episode_000034,199,0,0.38011661171913147,0.33283689618110657,0.30427566170692444,0.3408264219760895,0.2580966055393219,0.011218824423849583,0.2845004200935364,0.714131772518158,0.027901785714285716,0.0,0.3675072193145752,1096.1681372830392,12467.047074298469,0.07627152423469388,0.029083406552672386,,,,,,
reference,episode_000034,199,1,0.41430604457855225,0.36391037702560425,0.3233985900878906,0.3716994822025299,0.24081990122795105,0.016524706035852432,0.38707804679870605,0.704888641834259,0.014708227040816327,1.992984693877551e-05,0.36471396684646606,1221.0232188801924,15491.994897959185,0.08543925382653061,0.031124897301197052,,,,,,
reference,episode_000034,200,0,0.3801381587982178,0.33266720175743103,0.3039737045764923,0.3406878411769867,0.2579902410507202,0.011218824423849583,0.28446274995803833,0.7127474546432495,0.028698979591836735,0.0,0.36757510900497437,1097.1254682608417,12455.654934630102,0.07531489158163265,0.02907571569085121,,,,,,
reference,episode_000034,200,1,0.4141696095466614,0.3638072907924652,0.32324862480163574,0.37158605456352234,0.24078553915023804,0.016524706035852432,0.3859058916568756,0.704888641834259,0.013193558673469387,5.978954081632653e-05,0.3656825125217438,1225.447457791368,15558.383689413266,0.0856186224489796,0.03138963133096695,,,,,,
reference,episode_000034,201,0,0.3798891603946686,0.33273255825042725,0.304058700799942,0.3406878113746643,0.25788614153862,0.011218824423849583,0.2844470739364624,0.7141521573066711,0.026347257653061226,0.0,0.3666832149028778,1089.617907284201,12431.224011479591,0.07569355867346939,0.029019486159086227,,,,,,
reference,episode_000034,201,1,0.4138360321521759,0.36352840065956116,0.32296067476272583,0.3712947964668274,0.24085579812526703,0.016524706035852432,0.385807067155838,0.704338014125824,0.015286192602040817,1.992984693877551e-05,0.36569806933403015,1223.7588323222155,15658.433713329081,0.08533960459183673,0.0317467525601387,,,,,,
reference,episode_000034,202,0,0.37985318899154663,0.33262431621551514,0.3039155602455139,0.3405924141407013,0.2578500211238861,0.011218824423849583,0.28462472558021545,0.7127474546432495,0.02814094387755102,0.0,0.3662683069705963,1093.2633359639758,12432.231265943878,0.07481664540816327,0.0290227010846138,,,,,,
reference,episode_000034,202,1,0.41343769431114197,0.36318448185920715,0.3226897418498993,0.370944619178772,0.24089857935905457,0.016524706035852432,0.3850376307964325,0.704338014125824,0.0157047193877551,0.0,0.36491063237190247,1225.8149667153602,15760.455197704081,0.08396444515306123,0.03212947025895119,,,,,,
reference,episode_000034,203,0,0.37986254692077637,0.3325265347957611,0.30385497212409973,0.34052008390426636,0.257754385471344,0.011218824423849583,0.28471454977989197,0.7127317786216736,0.0274234693877551,0.0,0.367214560508728,1076.4573114737527,12374.05970982143,0.07451769770408163,0.028881320729851723,,,,,,
reference,episode_000034,203,1,0.4131309390068054,0.3629550635814667,0.322499543428421,0.37070155143737793,0.24104680120944977,0.016524706035852432,0.3850376307964325,0.704888641834259,0.013333067602040817,0.0,0.3659893274307251,1227.0944488565906,15836.944953762755,0.08687420280612244,0.03243095800280571,,,,,,
reference,episode_000034,204,0,0.37975436449050903,0.3325304687023163,0.3037583827972412,0.3404929041862488,0.2577650547027588,0.011218824423849583,0.28512436151504517,0.7127317786216736,0.029456313775510203,0.0,0.36606040596961975,1088.196764372826,12400.445232780612,0.07423867984693877,0.02886846661567688,,,,,,
reference,episode_000034,204,1,0.4130168557167053,0.36275798082351685,0.32209762930870056,0.3705073297023773,0.24130983650684357,0.016524706035852432,0.3850376307964325,0.7046427726745605,0.015864158163265307,0.0,0.3658406138420105,1225.9740111681879,15916.659279336734,0.08492107780612244,0.03264368698000908,,,,,,
reference,episode_000034,205,0,0.37990641593933105,0.33236780762672424,0.30366042256355286,0.340401828289032,0.2576240003108978,0.011218824423849583,0.28446274995803833,0.7127317786216736,0.028260522959183673,0.0,0.3666984736919403,1082.296872502414,12332.260562818878,0.07419882015306123,0.028709780424833298,,,,,,
reference,episode_000034,205,1,0.41284725069999695,0.3625665307044983,0.3220897912979126,0.3703337609767914,0.24143651127815247,0.016524706035852432,0.38391295075416565,0.704888641834259,0.01572464923469388,1.992984693877551e-05,0.36662906408309937,1205.3437750505336,15944.137515943878,0.08607700892857142,0.03273623436689377,,,,,,
reference,episode_000034,206,0,0.3799911439418793,0.33243677020072937,0.30376100540161133,0.340476393699646,0.25766491889953613,0.011198431253433228,0.2852964699268341,0.7127317786216736,0.029257015306122448,0.0,0.3657703101634979,1082.2759066430392,12278.784558354591,0.07352120535714286,0.028575437143445015,,,,,,
reference,episode_000034,206,1,0.4126093089580536,0.3624570369720459,0.32204851508140564,0.37020185589790344,0.24167907238006592,0.016524706035852432,0.38390040397644043,0.704888641834259,0.01446906887755102,1.992984693877551e-05,0.3667943775653839,1220.2844839227143,15963.784359056122,0.08510044642857142,0.032779451459646225,,,,,,
reference,episode_000034,207,0,0.3798797130584717,0.33258819580078125,0.3039107024669647,0.3405718505382538,0.25764113664627075,0.011218824423849583,0.28555530309677124,0.7127317786216736,0.027204241071428572,0.0,0.365142822265625,1074.1771065069704,12245.792809311224,0.07304288903061225,0.028433606028556824,,,,,,
reference,episode_000034,207,1,0.4126625955104828,0.3623994290828705,0.3219963312149048,0.3701682686805725,0.24215760827064514,0.015690980479121208,0.3827427625656128,0.704888641834259,0.015206473214285714,1.992984693877551e-05,0.3656568229198456,1244.5620772517855,16066.193239795919,0.08553890306122448,0.03299858793616295,,,,,,
reference,episode_000034,208,0,0.38009363412857056,0.33267417550086975,0.303691029548645,0.34066298604011536,0.25767678022384644,0.011218824423849583,0.28592395782470703,0.7135451436042786,0.02734375,0.0,0.367477148771286,1069.6244166452454,12180.846301020409,0.07230548469387756,0.028282735496759415,,,,,,
reference,episode_000034,208,1,0.4124380946159363,0.3622848391532898,0.3218335211277008,0.3700268268585205,0.24254179000854492,0.016524706035852432,0.3816823959350586,0.704888641834259,0.01610331632653061,5.978954081632653e-05,0.3657230734825134,1231.1970747975895,16080.665896045919,0.08619658801020408,0.0330023430287838,,,,,,
reference,episode_000034,209,0,0.3802487850189209,0.3328322172164917,0.3039657473564148,0.3408288061618805,0.25766271352767944,0.011218824423849583,0.28666746616363525,0.7127317786216736,0.02857940051020408,0.0,0.36652424931526184,1060.0730246524422,12139.556521045919,0.07116948341836735,0.028087861835956573,,,,,,
reference,episode_000034,209,1,0.4124026298522949,0.36211544275283813,0.3216375708580017,0.3698839545249939,0.24291181564331055,0.016524706035852432,0.3805498480796814,0.705135703086853,0.014787946428571428,3.985969387755102e-05,0.36821800470352173,1223.5460799601315,16098.38352997449,0.08474170918367346,0.033036913722753525,,,,,,
reference,episode_000034,210,0,0.38031476736068726,0.33305737376213074,0.3041470944881439,0.3410169780254364,0.2576664090156555,0.011218824423849583,0.2862274646759033,0.7140830159187317,0.028599330357142856,0.0,0.3659033179283142,1050.30991091047,12114.463368941326,0.0723453443877551,0.027956435456871986,,,,,,
reference,episode_000034,210,1,0.4120105504989624,0.36177244782447815,0.3213648200035095,0.3695355951786041,0.2432699054479599,0.015689805150032043,0.37776076793670654,0.7060258984565735,0.015246332908163265,1.992984693877551e-05,0.3676404654979706,1212.222317364751,16127.763711734693,0.08344626913265306,0.033218663185834885,,,,,,
reference,episode_000034,211,0,0.38064512610435486,0.3333074152469635,0.30445560812950134,0.34128832817077637,0.25772175192832947,0.011218824423849583,0.28668081760406494,0.714131772518158,0.027064732142857144,0.0,0.3656812310218811,1047.681287669381,12096.632254464286,0.07140864158163265,0.02788444794714451,,,,,,
reference,episode_000034,211,1,0.4117295742034912,0.36157599091529846,0.3211517930030823,0.36932000517845154,0.24361340701580048,0.01598980464041233,0.3766862750053406,0.7063090205192566,0.014768016581632654,1.992984693877551e-05,0.36838772892951965,1222.9283677446301,16188.781808035714,0.0846420599489796,0.03342827409505844,,,,,,
reference,episode_000034,212,0,0.3809671998023987,0.33351004123687744,0.30453041195869446,0.34150710701942444,0.25773903727531433,0.011218824423849583,0.2870250940322876,0.7133362889289856,0.02806122448979592,0.0,0.36548081040382385,1051.9475095622593,12055.855070153062,0.07142857142857142,0.02775518409907818,,,,,,
reference,episode_000034,212,1,0.4113868772983551,0.3612481355667114,0.3208464980125427,0.36899060010910034,0.2438383400440216,0.015690980479121208,0.3752439320087433,0.7086248993873596,0.014728156887755101,1.992984693877551e-05,0.36897239089012146,1209.082722286938,16162.190409757653,0.08266900510204081,0.03333482891321182,,,,,,
reference,episode_000034,213,0,0.38132619857788086,0.33377203345298767,0.30503344535827637,0.34180712699890137,0.25769534707069397,0.011218824423849583,0.28724709153175354,0.7149398326873779,0.029177295918367346,0.0,0.3647810220718384,1045.5800789130426,12032.086894132653,0.07248485331632654,0.027672642841935158,,,,,,
reference,episode_000034,213,1,0.4112643897533417,0.36115190386772156,0.3207220435142517,0.368886798620224,0.24405893683433533,0.015387451276183128,0.37327295541763306,0.7088102102279663,0.014807876275510204,7.971938775510203e-05,0.36901217699050903,1212.1363414647628,16125.61965880102,0.08312739158163265,0.033044856041669846,,,,,,
reference,episode_000034,214,0,0.38148996233940125,0.334015816450119,0.3050456941127777,0.34201720356941223,0.25768572092056274,0.011218824423849583,0.28832703828811646,0.714131772518158,0.027224170918367346,0.0,0.3656953275203705,1037.4994335865686,11963.240234375,0.07252471301020408,0.02755957841873169,,,,,,
reference,episode_000034,214,1,0.41118595004081726,0.3611205220222473,0.3209994435310364,0.3688676655292511,0.24426667392253876,0.015387451276183128,0.3721356987953186,0.7109205722808838,0.014508928571428572,1.992984693877551e-05,0.368013471364975,1206.3836402015256,16080.162986288266,0.08282844387755102,0.032721634954214096,,,,,,
reference,episode_000034,215,0,0.3814707100391388,0.33412715792655945,0.3051239848136902,0.3420983552932739,0.25758880376815796,0.011218824423849583,0.287570983171463,0.7149497866630554,0.027303890306122448,0.0,0.36444026231765747,1028.8910632910008,11903.263950892857,0.07142857142857142,0.02744910679757595,,,,,,
reference,episode_000034,215,1,0.4109770655632019,0.3610174357891083,0.3207484781742096,0.36873140931129456,0.24445098638534546,0.015387451276183128,0.370597243309021,0.7115945816040039,0.014588647959183673,1.992984693877551e-05,0.3680122494697571,1226.8563053042924,16101.82174744898,0.08238998724489796,0.032853927463293076,,,,,,
reference,episode_000034,216,0,0.3815438151359558,0.33419644832611084,0.30507102608680725,0.342159628868103,0.2574615776538849,0.011218824423849583,0.288384348154068,0.7141521573066711,0.02702487244897959,0.0,0.36494383215904236,1025.8227179736605,11931.026945153062,0.07228555484693877,0.027506962418556213,,,,,,
reference,episode_000034,216,1,0.4108790457248688,0.3607191741466522,0.32060956954956055,0.3684872090816498,0.24454383552074432,0.015387451276183128,0.3699333667755127,0.7115945816040039,0.01692044005102041,3.985969387755102e-05,0.3672393560409546,1193.799666951667,16028.109972895409,0.08191167091836735,0.03296694532036781,,,,,,
reference,episode_000034,217,0,0.38174834847450256,0.33431336283683777,0.30524930357933044,0.34229961037635803,0.25736039876937866,0.011218824423849583,0.2882553040981293,0.7140812277793884,0.027323820153061226,0.0,0.3656165599822998,1019.7673240051522,11909.593510841836,0.07037228954081633,0.02746955119073391,,,,,,
reference,episode_000034,217,1,0.41040048003196716,0.3603935241699219,0.3201308846473694,0.368118017911911,0.24449463188648224,0.015387451276183128,0.3687756657600403,0.7121812105178833,0.015824298469387755,3.985969387755102e-05,0.36753568053245544,1194.378822202734,15926.213448660714,0.08199139030612244,0.033070046454668045,,,,,,
reference,episode_000034,218,0,0.3818870186805725,0.33431512117385864,0.30537083745002747,0.34233909845352173,0.2572849690914154,0.011218824423849583,0.28866276144981384,0.7129788398742676,0.028200733418367346,0.0,0.3624727725982666,1021.5241024326353,11913.454759247448,0.07228555484693877,0.02752351015806198,,,,,,
reference,episode_000034,218,1,0.4101560115814209,0.3601234257221222,0.32006779313087463,0.3678683340549469,0.24453110992908478,0.015387451276183128,0.3679129481315613,0.7127317786216736,0.016083386479591837,0.0,0.36809515953063965,1199.2193444505028,15841.72337372449,0.08238998724489796,0.03303910791873932,,,,,,
reference,episode_000034,219,0,0.38187292218208313,0.33435195684432983,0.30530086159706116,0.3423573970794678,0.25724655389785767,0.011218824423849583,0.28781259059906006,0.714131772518158,0.027622767857142856,0.0,0.36443695425987244,1026.0406656070631,11906.833346619898,0.06971460459183673,0.027550797909498215,,,,,,
reference,episode_000034,219,1,0.40999269485473633,0.35994046926498413,0.3198283314704895,0.367685467004776,0.2445860356092453,0.015120001509785652,0.36764782667160034,0.7127317786216736,0.015963807397959183,0.0,0.36807820200920105,1199.568757512777,15763.247050382653,0.08248963647959184,0.03280159831047058,,,,,,
reference,episode_000034,220,0,0.3819262981414795,0.3344755470752716,0.30531033873558044,0.3424578309059143,0.25711581110954285,0.011218824423849583,0.2875678539276123,0.7140823602676392,0.027224170918367346,0.0,0.36562374234199524,1028.478796676515,11919.746133609693,0.07095025510204081,0.02757098339498043,,,,,,
reference,episode_000034,220,1,0.40976980328559875,0.3598496615886688,0.3198944926261902,0.3675778806209564,0.2445589154958725,0.015083922073245049,0.3662431538105011,0.7127317786216736,0.016661352040816327,0.0,0.3664580285549164,1178.1084490370522,15722.853954081633,0.08143335459183673,0.03254643455147743,,,,,,
reference,episode_000034,221,0,0.3820485472679138,0.3345763683319092,0.30530065298080444,0.3425552248954773,0.25711455941200256,0.011218824423849583,0.28781336545944214,0.7155160903930664,0.025809151785714284,0.0,0.36441969871520996,1029.4280349238124,11928.600167410714,0.06967474489795919,0.027591213583946228,,,,,,
reference,episode_000034,221,1,0.40956392884254456,0.3598651587963104,0.31984034180641174,0.36754128336906433,0.24459423124790192,0.015387451276183128,0.3662792444229126,0.7129788398742676,0.016481983418367346,1.992984693877551e-05,0.36701250076293945,1191.6868018130865,15736.81497130102,0.0813735650510204,0.0325813889503479,,,,,,
reference,episode_000034,222,0,0.3822803497314453,0.3347025513648987,0.30553552508354187,0.34271174669265747,0.25704267621040344,0.011388824321329594,0.28830236196517944,0.714131772518158,0.02564971301020408,0.0,0.3651382327079773,1039.875412361863,11972.751873405612,0.07021285076530612,0.02768944390118122,,,,,,
reference,episode_000034,222,1,0.40970492362976074,0.3598611354827881,0.31994715332984924,0.36757612228393555,0.2445550262928009,0.014780392870306969,0.3659960925579071,0.71402907371521,0.017020089285714284,1.992984693877551e-05,0.36580565571784973,1196.7836570120119,15729.199139030612,0.08131377551020408,0.03261851891875267,,,,,,
reference,episode_000034,223,0,0.3824492394924164,0.3349120020866394,0.3058258295059204,0.34291839599609375,0.25705811381340027,0.011218824423849583,0.2875082492828369,0.714131772518158,0.026925223214285716,0.0,0.36263301968574524,1028.9393188650533,11986.772879464286,0.07013313137755102,0.027692729607224464,,,,,,
reference,episode_000034,223,1,0.4095667898654938,0.3598169982433319,0.3196670413017273,0.36749497056007385,0.2443063110113144,0.014553726650774479,0.36601176857948303,0.7127317786216736,0.01721938775510204,3.985969387755102e-05,0.3654519021511078,1185.765699889053,15585.34036192602,0.08065609056122448,0.03238675743341446,,,,,,
reference,episode_000034,224,0,0.38251346349716187,0.3351482152938843,0.3059191107749939,0.3431077003479004,0.25703170895576477,0.011218824423849583,0.28731295466423035,0.7147221565246582,0.025669642857142856,0.0,0.3626638650894165,1031.8601770984883,11973.241310586734,0.06905691964285714,0.027626674622297287,,,,,,
reference,episode_000034,224,1,0.40967270731925964,0.3598179221153259,0.3196546733379364,0.36751726269721985,0.24420176446437836,0.014553726650774479,0.3673490285873413,0.7127317786216736,0.017139668367346938,1.992984693877551e-05,0.36594700813293457,1175.9841914099486,15319.98365752551,0.07983896683673469,0.03196745738387108,,,,,,
reference,episode_000034,225,0,0.38273993134498596,0.33527159690856934,0.30613064765930176,0.34325945377349854,0.2568843364715576,0.011218824423849583,0.2874082326889038,0.714131772518158,0.02549027423469388,0.0,0.36244943737983704,1026.2133060182844,11948.500398596938,0.06915656887755102,0.027550842612981796,,,,,,
reference,episode_000034,225,1,0.40977492928504944,0.35999351739883423,0.31986117362976074,0.3676794767379761,0.24395623803138733,0.014780392870306969,0.36601176857948303,0.7127317786216736,0.016661352040816327,0.0,0.36615636944770813,1157.8744410491395,15156.380261479591,0.07987882653061225,0.0316280834376812,,,,,,
reference,episode_000034,226,0,0.38296088576316833,0.3353463113307953,0.30622193217277527,0.3433663547039032,0.2568616271018982,0.011218824423849583,0.28781336545944214,0.714131772518158,0.02702487244897959,0.0,0.3619679808616638,1037.2316249825965,11977.10690369898,0.06967474489795919,0.027608055621385574,,,,,,
reference,episode_000034,226,1,0.41010013222694397,0.3602135181427002,0.32001155614852905,0.36791685223579407,0.24373489618301392,0.014306667260825634,0.3657419681549072,0.7121812105178833,0.01739875637755102,0.0,0.3643551170825958,1174.9802376688742,15174.891701211734,0.07930086096938775,0.03149224817752838,,,,,,
reference,episode_000034,227,0,0.38296544551849365,0.33542853593826294,0.3062427341938019,0.3434276878833771,0.2566826641559601,0.011749019846320152,0.28724709153175354,0.7140800356864929,0.02564971301020408,0.0,0.36155521869659424,1030.4839945435276,11965.147361288266,0.0699936224489796,0.02755502425134182,,,,,,
reference,episode_000034,227,1,0.410218209028244,0.36023813486099243,0.3198953866958618,0.3679511547088623,0.24350911378860474,0.014250196516513824,0.36629021167755127,0.7110282778739929,0.018514827806122448,0.0,0.36569327116012573,1174.6157724236707,15103.502311862245,0.08123405612244898,0.03134480118751526,,,,,,
reference,episode_000034,228,0,0.38320299983024597,0.3355041742324829,0.30636066198349,0.3435407876968384,0.25665801763534546,0.011218824423849583,0.28869807720184326,0.7129788398742676,0.0253109056122449,0.0,0.36149200797080994,1033.4833806286947,11991.56640625,0.06997369260204081,0.027580998837947845,,,,,,
reference,episode_000034,228,1,0.4103594124317169,0.36036035418510437,0.31994637846946716,0.3680722415447235,0.24325156211853027,0.013735687360167503,0.3662431538105011,0.7101584672927856,0.016641422193877552,0.0,0.3650703728199005,1164.34049497173,15017.159478635203,0.07800542091836735,0.031077729538083076,,,,,,
reference,episode_000034,229,0,0.38325491547584534,0.33566907048225403,0.3066556453704834,0.3436910808086395,0.25656864047050476,0.011749019846320152,0.2879004180431366,0.713869035243988,0.02451371173469388,0.0,0.36162877082824707,1033.970883102131,11983.056042729591,0.06875797193877552,0.027522046118974686,,,,,,
reference,episode_000034,229,1,0.4101855158805847,0.3602786064147949,0.3199482858181,0.36797693371772766,0.24305853247642517,0.014250196516513824,0.3654298186302185,0.7088102102279663,0.015923947704081634,1.992984693877551e-05,0.36511772871017456,1164.8603589583415,14900.701610331633,0.07991868622448979,0.030666857957839966,,,,,,
reference,episode_000034,230,0,0.38334569334983826,0.3357653021812439,0.30662983655929565,0.34377729892730713,0.25646016001701355,0.011749019846320152,0.2884502112865448,0.7127863168716431,0.027543048469387755,0.0,0.35976433753967285,1028.0584659282488,11976.299306441326,0.06899713010204081,0.027495792135596275,,,,,,
reference,episode_000034,230,1,0.41002023220062256,0.36006560921669006,0.3197208046913147,0.3677730858325958,0.24276015162467957,0.014135882258415222,0.3654298186302185,0.7088102102279663,0.018036511479591837,0.0,0.36455100774765015,1166.5195020606548,14818.39205994898,0.0782047193877551,0.030230600386857986,,,,,,
reference,episode_000034,231,0,0.38354983925819397,0.3359799385070801,0.30675458908081055,0.3439832031726837,0.2564309239387512,0.011749019846320152,0.2889576554298401,0.7129788398742676,0.02451371173469388,0.0,0.36046499013900757,1024.6155112432173,11998.689891581633,0.06981425382653061,0.02751241624355316,,,,,,
reference,episode_000034,231,1,0.4098513126373291,0.3598822355270386,0.3195740282535553,0.3675954043865204,0.24246570467948914,0.013735687360167503,0.3651239275932312,0.7076729536056519,0.017637914540816327,0.0,0.3645332455635071,1170.0602758992268,14701.761479591836,0.07991868622448979,0.02985084429383278,,,,,,
reference,episode_000034,232,0,0.3836499750614166,0.3361077308654785,0.3069067597389221,0.34410691261291504,0.2563636004924774,0.011218824423849583,0.2886565029621124,0.7127317786216736,0.025589923469387755,0.0,0.3597291111946106,1025.4732881313262,12021.830436862245,0.06993383290816327,0.027501244097948074,,,,,,
reference,episode_000034,232,1,0.40954846143722534,0.3596116304397583,0.3191244602203369,0.3673050105571747,0.24213403463363647,0.013720001094043255,0.36516237258911133,0.7082439661026001,0.017338966836734693,0.0,0.36458638310432434,1156.466577503295,14548.182995854591,0.07946029974489796,0.02949969284236431,,,,,,
reference,episode_000034,233,0,0.3838992714881897,0.33632344007492065,0.30713480710983276,0.34433069825172424,0.25634506344795227,0.012032156810164452,0.28921806812286377,0.7135451436042786,0.02517139668367347,0.0,0.3597603738307953,1024.3390114755246,11990.514548788266,0.06937579719387756,0.027406416833400726,,,,,,
reference,episode_000034,233,1,0.40936601161956787,0.35941043496131897,0.3190160393714905,0.36711451411247253,0.24183271825313568,0.013735687360167503,0.36507922410964966,0.7079764604568481,0.017857142857142856,1.992984693877551e-05,0.36409837007522583,1153.9810239131725,14441.600924744898,0.07989875637755102,0.02928399294614792,,,,,,
reference,episode_000034,234,0,0.38383081555366516,0.33630189299583435,0.3072039783000946,0.3443056643009186,0.25628119707107544,0.011749019846320152,0.2891913652420044,0.7127474546432495,0.026506696428571428,0.0,0.3575814366340637,1019.1473700075735,11985.086296237245,0.0702327806122449,0.027365460991859436,,,,,,
reference,episode_000034,234,1,0.4091678261756897,0.3592053949832916,0.31858062744140625,0.36689430475234985,0.2415495365858078,0.013720001094043255,0.36456000804901123,0.7088102102279663,0.016043526785714284,0.0,0.36593982577323914,1134.0146010262627,14338.079320790815,0.07876275510204081,0.02906462363898754,,,,,,
reference,episode_000034,235,0,0.38406261801719666,0.33645138144493103,0.3073066771030426,0.3444693088531494,0.2563178539276123,0.011749019846320152,0.28921806812286377,0.7127317786216736,0.024872448979591837,0.0,0.3583259582519531,1028.4519076968966,11995.839604591836,0.06905691964285714,0.027396902441978455,,,,,,
reference,episode_000034,235,1,0.40912026166915894,0.3590562641620636,0.31865763664245605,0.36678311228752136,0.24134615063667297,0.013720001094043255,0.3648635447025299,0.7088102102279663,0.01620296556122449,0.0,0.36476486921310425,1127.1411772397894,14266.15377869898,0.07969945790816327,0.02908468246459961,,,,,,
reference,episode_000034,236,0,0.3841637670993805,0.3364464044570923,0.3075372576713562,0.34450381994247437,0.2562783658504486,0.0117647061124444,0.28921806812286377,0.7127317786216736,0.025191326530612245,0.0,0.35942456126213074,1019.6207716185963,11982.484335140307,0.06847895408163265,0.027320947498083115,,,,,,
reference,episode_000034,236,1,0.4088585078716278,0.3589078485965729,0.3184201121330261,0.36660414934158325,0.2410784810781479,0.013735687360167503,0.36485883593559265,0.708732545375824,0.015963807397959183,0.0,0.36422550678253174,1123.4417145807313,14216.260762117347,0.07944036989795919,0.029163509607315063,,,,,,
reference,episode_000034,237,0,0.38412371277809143,0.33652445673942566,0.3074503540992737,0.3445449471473694,0.25620391964912415,0.011749019846320152,0.2892102003097534,0.7127317786216736,0.026088169642857144,0.0,0.35990527272224426,1012.4280712945119,11954.692960778062,0.06849888392857142,0.027239806950092316,,,,,,
reference,episode_000034,237,1,0.40878933668136597,0.35882043838500977,0.3182222843170166,0.366512656211853,0.24081353843212128,0.013720001094043255,0.3654204308986664,0.7076729536056519,0.016800860969387755,0.0,0.3635978698730469,1110.3786696716431,14105.584861288266,0.07794563137755102,0.029139311984181404,,,,,,
reference,episode_000034,238,0,0.38421329855918884,0.33653324842453003,0.30743855237960815,0.3445693552494049,0.2561764121055603,0.0117647061124444,0.28921806812286377,0.7127317786216736,0.02626753826530612,0.0,0.35945382714271545,1018.5662318495403,11957.054209183674,0.07057158801020408,0.027228161692619324,,,,,,
reference,episode_000034,238,1,0.4088535010814667,0.358801931142807,0.3181479573249817,0.36650770902633667,0.2405296266078949,0.013720001094043255,0.36572393774986267,0.7076729536056519,0.018036511479591837,0.0,0.36374884843826294,1103.7515934531464,14059.704201211734,0.07904177295918367,0.029080050066113472,,,,,,
reference,episode_000034,239,0,0.3842015266418457,0.336557000875473,0.3074360489845276,0.344583660364151,0.2561236619949341,0.011218824423849583,0.2894650995731354,0.7127317786216736,0.025011957908163265,0.0,0.358916699886322,1001.3579777527333,11938.170798788266,0.06943558673469388,0.027176644653081894,,,,,,
reference,episode_000034,239,1,0.4089123010635376,0.3588651120662689,0.3181540071964264,0.3665658235549927,0.24030496180057526,0.013720001094043255,0.3673913776874542,0.7076929807662964,0.018136160714285716,0.0,0.3636300563812256,1115.8443754097661,14086.220862563776,0.07752710459183673,0.029113348573446274,,,,,,
reference,episode_000034,240,0,0.3841632902622223,0.3365112245082855,0.30749770998954773,0.34454724192619324,0.2560499906539917,0.011749019846320152,0.28920236229896545,0.7127317786216736,0.02451371173469388,0.0,0.3602869212627411,1006.0722311529106,11895.949816645409,0.06851881377551021,0.027073286473751068,,,,,,
reference,episode_000034,240,1,0.4088689386844635,0.3587544858455658,0.31811264157295227,0.3664744198322296,0.24006086587905884,0.013735687360167503,0.3673913776874542,0.7076729536056519,0.01682079081632653,0.0,0.364444375038147,1113.1506644852307,14079.545320471938,0.07692920918367346,0.029101962223649025,,,,,,
reference,episode_000034,241,0,0.38408350944519043,0.33652228116989136,0.3073640465736389,0.34452858567237854,0.2559766471385956,0.012068236246705055,0.2894650995731354,0.7127317786216736,0.025370695153061226,0.0,0.3590238392353058,1013.3443819575884,11915.579400510203,0.06883769132653061,0.027139445766806602,,,,,,
reference,episode_000034,241,1,0.4088602662086487,0.35867488384246826,0.31806254386901855,0.36641207337379456,0.23992708325386047,0.013720001094043255,0.3690839409828186,0.7088102102279663,0.01829559948979592,0.0,0.3651602268218994,1124.4776051293704,14082.063855229591,0.07766661352040816,0.029066741466522217,,,,,,
reference,episode_000034,242,0,0.38429948687553406,0.3365296721458435,0.30741187930107117,0.3445832431316376,0.25596901774406433,0.011749019846320152,0.2889341115951538,0.7127317786216736,0.024832589285714284,0.0,0.3587602376937866,1014.9760934860693,11904.391302614797,0.06875797193877552,0.027105076238512993,,,,,,
reference,episode_000034,242,1,0.40863656997680664,0.35857510566711426,0.3178667724132538,0.3662790060043335,0.23977717757225037,0.013720001094043255,0.3689960837364197,0.7088102102279663,0.018315529336734693,0.0,0.3643447458744049,1120.1854680449403,14099.84765625,0.07760682397959184,0.029012082144618034,,,,,,
reference,episode_000034,243,0,0.3842106759548187,0.33661285042762756,0.3073274791240692,0.3446177542209625,0.255980908870697,0.011975686065852642,0.28921806812286377,0.7127317786216736,0.025390625,0.0,0.35941722989082336,1015.7287696761322,11893.914620535714,0.06939572704081633,0.02704392559826374,,,,,,
reference,episode_000034,243,1,0.40852442383766174,0.3582395315170288,0.3177688717842102,0.36600813269615173,0.2396484911441803,0.013720001094043255,0.36902743577957153,0.7079764604568481,0.01779735331632653,0.0,0.36403948068618774,1126.2261690618793,14122.650789221938,0.07862324617346939,0.029023481532931328,,,,,,
reference,episode_000034,244,0,0.3842758238315582,0.3366011083126068,0.3073997497558594,0.3446284234523773,0.25587669014930725,0.012733529321849346,0.2892635464668274,0.7127317786216736,0.023198341836734693,0.0,0.3585950434207916,1007.8897246388979,11888.612842793367,0.06885762117346939,0.02705082669854164,,,,,,
reference,episode_000034,244,1,0.40820422768592834,0.35817238688468933,0.3177269399166107,0.3658890128135681,0.2396235167980194,0.013720001094043255,0.3682611882686615,0.7076729536056519,0.017279177295918366,0.0,0.36300885677337646,1121.7983034885413,14122.00462372449,0.07760682397959184,0.02902880124747753,,,,,,
reference,episode_000034,245,0,0.3842572569847107,0.33647915720939636,0.307437926530838,0.34453994035720825,0.255910724401474,0.01149725541472435,0.28948551416397095,0.7127317786216736,0.02618781887755102,0.0,0.35853514075279236,1010.4337204071643,11880.245416135203,0.06873804209183673,0.02703181467950344,,,,,,
reference,episode_000034,245,1,0.40806540846824646,0.3580594062805176,0.3175134062767029,0.36576324701309204,0.23957422375679016,0.013720001094043255,0.3687756657600403,0.7088102102279663,0.017956792091836735,0.0,0.36421331763267517,1119.884113416628,14136.270169005102,0.07698899872448979,0.029047105461359024,,,,,,
reference,episode_000034,246,0,0.3840509057044983,0.3364926278591156,0.30725088715553284,0.34449219703674316,0.25583046674728394,0.01178000122308731,0.28921806812286377,0.7127317786216736,0.02477279974489796,0.0,0.359032541513443,1011.2331549192853,11905.386360012755,0.06987404336734694,0.02710484340786934,,,,,,
reference,episode_000034,246,1,0.4078006446361542,0.3576415181159973,0.3170423209667206,0.36537402868270874,0.23951666057109833,0.013720001094043255,0.36821410059928894,0.7076729536056519,0.01721938775510204,0.0,0.3655378520488739,1131.5125475319064,14151.614477040815,0.07800542091836735,0.029168449342250824,,,,,,
reference,episode_000034,247,0,0.38403239846229553,0.3363635540008545,0.3071819543838501,0.34439098834991455,0.2557474970817566,0.011749019846320152,0.28895530104637146,0.7127317786216736,0.0254703443877551,0.0,0.3574850261211395,1010.5392813624961,11883.225167410714,0.06983418367346939,0.027068255469202995,,,,,,
reference,episode_000034,247,1,0.4071865379810333,0.3572429418563843,0.31657081842422485,0.3649243712425232,0.23945564031600952,0.013720001094043255,0.36764782667160034,0.7076729536056519,0.018514827806122448,0.0,0.36487361788749695,1127.7873812353348,14160.078922193878,0.07993861607142858,0.029228052124381065,,,,,,
reference,episode_000034,248,0,0.3838580846786499,0.33641597628593445,0.3072797358036041,0.34439852833747864,0.25577306747436523,0.011749019846320152,0.28874433040618896,0.7127317786216736,0.024214764030612245,0.0,0.3578689694404602,1009.9205838429435,11894.601442920919,0.06937579719387756,0.02708849310874939,,,,,,
reference,episode_000034,248,1,0.40673908591270447,0.3567278981208801,0.3160720765590668,0.3644249439239502,0.2393265962600708,0.013720001094043255,0.36629021167755127,0.7076729536056519,0.017239317602040817,0.0,0.36546412110328674,1118.1033797242253,14120.469786352041,0.07997847576530612,0.02922537736594677,,,,,,
reference,episode_000034,249,0,0.38388800621032715,0.3362779915332794,0.3071324825286865,0.34429559111595154,0.25568488240242004,0.011218824423849583,0.28921806812286377,0.7127317786216736,0.026705994897959183,0.0,0.35785791277885437,1009.5562224477492,11879.095902423469,0.0692562181122449,0.02706865407526493,,,,,,
reference,episode_000034,249,1,0.40610432624816895,0.3563258647918701,0.3157760202884674,0.3639810383319855,0.23924356698989868,0.013720001094043255,0.36561256647109985,0.7076729536056519,0.017617984693877552,0.0,0.3649890720844269,1118.165441774021,14121.433115433674,0.07766661352040816,0.029341381043195724,,,,,,
reference,episode_000034,250,0,0.38385048508644104,0.3362613320350647,0.3071195185184479,0.34427475929260254,0.25563278794288635,0.01149725541472435,0.2885945439338684,0.7127317786216736,0.02499202806122449,0.0,0.3584499657154083,999.141274289358,11871.72018494898,0.06897720025510204,0.0270350631326437,,,,,,
reference,episode_000034,250,1,0.4059959650039673,0.3560376465320587,0.3154984712600708,0.36373186111450195,0.2391710728406906,0.013720001094043255,0.3650870621204376,0.7052014470100403,0.01819595025510204,0.0,0.3650616705417633,1114.9212385651867,14133.248963647959,0.0794204400510204,0.029392968863248825,,,,,,
reference,episode_000034,251,0,0.383748859167099,0.33627867698669434,0.3071802258491516,0.34426990151405334,0.25563955307006836,0.011749019846320152,0.28921806812286377,0.7127317786216736,0.027104591836734693,0.0,0.35845494270324707,1009.2892701110459,11868.154695471938,0.06798070790816327,0.027029594406485558,,,,,,
reference,episode_000034,251,1,0.40588849782943726,0.35584089159965515,0.31532758474349976,0.3635559380054474,0.23917721211910248,0.013720001094043255,0.3648635447025299,0.7057019472122192,0.01823580994897959,0.0,0.364725261926651,1112.6737392156235,14132.567044005102,0.07738759566326531,0.029444733634591103,,,,,,
reference,episode_000034,252,0,0.3838927149772644,0.33632320165634155,0.307119220495224,0.3443279564380646,0.2556075155735016,0.011975686065852642,0.28921806812286377,0.7127317786216736,0.025350765306122448,0.0,0.35913747549057007,1016.1896857484485,11877.886957908164,0.0680404974489796,0.027035018429160118,,,,,,
reference,episode_000034,252,1,0.40564069151878357,0.3559003174304962,0.31530433893203735,0.3635441064834595,0.23917460441589355,0.013720001094043255,0.36516237258911133,0.7057019472122192,0.017458545918367346,0.0,0.36584001779556274,1112.1322626048752,14175.346101721938,0.07924107142857142,0.0295425895601511,,,,,,
reference,episode_000034,253,0,0.3839493691921234,0.33637455105781555,0.3071381151676178,0.3443780541419983,0.2555963397026062,0.0117647061124444,0.28921806812286377,0.7127317786216736,0.023995535714285716,0.0,0.35922905802726746,1017.3032655755661,11842.599290497448,0.06939572704081633,0.02698167786002159,,,,,,
reference,episode_000034,253,1,0.40587466955184937,0.3559723198413849,0.31552278995513916,0.3636610805988312,0.23922570049762726,0.013720001094043255,0.3650745153427124,0.7057019472122192,0.015345982142857142,0.0,0.36592230200767517,1116.0621126898625,14195.086256377552,0.07828443877551021,0.029552632942795753,,,,,,
reference,episode_000034,254,0,0.3840428590774536,0.33623504638671875,0.3071509301662445,0.3442990779876709,0.2555847764015198,0.011218824423849583,0.28913334012031555,0.7127317786216736,0.026805644132653062,0.0,0.35864344239234924,1004.2866200244908,11826.130779655612,0.0690170599489796,0.026950398460030556,,,,,,
reference,episode_000034,254,1,0.4061439037322998,0.3562137186527252,0.31551268696784973,0.36389029026031494,0.2393171489238739,0.013720001094043255,0.3662431538105011,0.705135703086853,0.016581632653061226,0.0,0.3665752112865448,1125.6591237730306,14191.297831632653,0.07754703443877552,0.029526596888899803,,,,,,
reference,episode_000034,255,0,0.38384121656417847,0.3362320065498352,0.30714669823646545,0.3442537486553192,0.2555098533630371,0.011445490643382072,0.28921806812286377,0.7127317786216736,0.02365672831632653,0.0,0.35902833938598633,1013.2799737764269,11824.796277104591,0.07003348214285714,0.026964066550135612,,,,,,
reference,episode_000034,255,1,0.406464546918869,0.35650187730789185,0.315956711769104,0.36419662833213806,0.23943519592285156,0.013720001094043255,0.3664035201072693,0.7057019472122192,0.01815609056122449,0.0,0.3651038110256195,1125.9341755187397,14232.984175701531,0.07870296556122448,0.02952856756746769,,,,,,
reference,episode_000034,256,0,0.38369256258010864,0.33623334765434265,0.3071119785308838,0.3442205786705017,0.2555198669433594,0.011749019846320152,0.28916314244270325,0.7127317786216736,0.025111607142857144,0.0,0.3589783012866974,1015.2151794290603,11828.736686862245,0.06818000637755102,0.026991888880729675,,,,,,
reference,episode_000034,256,1,0.40665459632873535,0.35677409172058105,0.3161384165287018,0.3644448220729828,0.23953568935394287,0.013720001094043255,0.3673913776874542,0.7062212228775024,0.016900510204081634,0.0,0.36546704173088074,1131.098724910191,14223.155652104591,0.07894212372448979,0.029505496844649315,,,,,,
reference,episode_000034,257,0,0.38364487886428833,0.3361790180206299,0.3070121109485626,0.3441644012928009,0.2554854452610016,0.011785099282860756,0.2886439561843872,0.7127317786216736,0.02574936224489796,0.0,0.35848262906074524,1016.3075666729484,11818.707828443878,0.06875797193877552,0.02693946845829487,,,,,,
reference,episode_000034,257,1,0.4068547785282135,0.3569851815700531,0.3162909746170044,0.36464932560920715,0.23964835703372955,0.013735687360167503,0.36757099628448486,0.7076729536056519,0.01767777423469388,0.0,0.3651871085166931,1134.9503840037753,14241.736288265307,0.07752710459183673,0.029542354866862297,,,,,,
reference,episode_000034,258,0,0.38355305790901184,0.3360115885734558,0.3068956732749939,0.3440167307853699,0.255393385887146,0.0117647061124444,0.2890835404396057,0.7121812105178833,0.023955676020408163,0.0,0.35852980613708496,1012.5325684803619,11811.167370854591,0.06879783163265306,0.026946337893605232,,,,,,
reference,episode_000034,258,1,0.407074898481369,0.3570823669433594,0.31652045249938965,0.3647822141647339,0.2397030144929886,0.013720001094043255,0.36764782667160034,0.7076259255409241,0.017857142857142856,0.0,0.36561086773872375,1134.0206167843876,14244.198660714286,0.07912149234693877,0.02953885681927204,,,,,,
reference,episode_000034,259,0,0.38340744376182556,0.3360031545162201,0.306841641664505,0.34397584199905396,0.2554052770137787,0.011445490643382072,0.2891286313533783,0.7121812105178833,0.0253109056122449,0.0,0.3583028018474579,1009.5156116886768,11810.887117346938,0.06893734056122448,0.026937605813145638,,,,,,
reference,episode_000034,259,1,0.4072384834289551,0.35710927844047546,0.31651628017425537,0.3648359477519989,0.23973378539085388,0.013720001094043255,0.36825883388519287,0.7071067094802856,0.018275669642857144,0.0,0.3653028905391693,1135.857978665099,14256.62643494898,0.07886240433673469,0.029576150700449944,,,,,,
reference,episode_000034,260,0,0.3833796977996826,0.3358456790447235,0.3066510260105133,0.343843549489975,0.25531715154647827,0.011218824423849583,0.28863924741744995,0.7121812105178833,0.02668606505102041,0.0,0.35791242122650146,1010.493085485456,11811.32350127551,0.06991390306122448,0.02697085030376911,,,,,,
reference,episode_000034,260,1,0.40697622299194336,0.35705214738845825,0.31643345952033997,0.36473333835601807,0.23974493145942688,0.013720001094043255,0.3673960864543915,0.7057019472122192,0.01877391581632653,0.0,0.3649722635746002,1127.1142307251307,14245.111766581633,0.07880261479591837,0.029543394222855568,,,,,,
reference,episode_000034,261,0,0.3834036588668823,0.33564502000808716,0.3066042959690094,0.34370172023773193,0.2552204132080078,0.011749019846320152,0.28893178701400757,0.7119137048721313,0.027064732142857144,0.0,0.3594438135623932,1014.8771750717449,11813.48828125,0.06881776147959184,0.027014348655939102,,,,,,
reference,episode_000034,261,1,0.40680524706840515,0.35687264800071716,0.316382497549057,0.3645649254322052,0.2397180050611496,0.013720001094043255,0.3673984408378601,0.7052037715911865,0.017737563775510203,0.0,0.3657132089138031,1137.2436330172482,14262.977439413266,0.07850366709183673,0.029638826847076416,,,,,,
reference,episode_000034,262,0,0.38311102986335754,0.33545514941215515,0.30627694725990295,0.34348008036613464,0.2551129460334778,0.011928039602935314,0.288384348154068,0.7118980884552002,0.02463329081632653,0.0,0.3584767282009125,1015.9287753393132,11783.50390625,0.06907684948979592,0.02698560245335102,,,,,,
reference,episode_000034,262,1,0.40675681829452515,0.3566402196884155,0.3161134421825409,0.36436891555786133,0.23972690105438232,0.013720001094043255,0.3667623698711395,0.7056784629821777,0.01797672193877551,0.0,0.36517706513404846,1135.8667672811473,14276.749043367347,0.07808514030612244,0.0297084953635931,,,,,,
reference,episode_000034,263,0,0.3828510642051697,0.3353407084941864,0.30620670318603516,0.34333792328834534,0.25500184297561646,0.011749019846320152,0.288065105676651,0.7115945816040039,0.0263671875,0.0,0.35717594623565674,1013.0949399170406,11794.059630102041,0.06943558673469388,0.02703837864100933,,,,,,
reference,episode_000034,263,1,0.40648743510246277,0.3565974831581116,0.31598541140556335,0.364271879196167,0.23968322575092316,0.013735687360167503,0.366258829832077,0.704888641834259,0.01797672193877551,0.0,0.36592328548431396,1130.7489032229003,14284.14700255102,0.0772281568877551,0.029738379642367363,,,,,,
reference,episode_000034,264,0,0.3826863467693329,0.335245281457901,0.30609527230262756,0.3432266414165497,0.2549355626106262,0.011749019846320152,0.28814196586608887,0.7102102041244507,0.02626753826530612,0.0,0.3582439124584198,1005.7710742878942,11793.72265625,0.06945551658163265,0.027048852294683456,,,,,,
reference,episode_000034,264,1,0.4064125120639801,0.3564924895763397,0.3159172236919403,0.3641759157180786,0.2397206723690033,0.013720001094043255,0.365640789270401,0.705135703086853,0.018674266581632654,0.0,0.36449864506721497,1134.0454016085318,14278.052694515307,0.07724808673469388,0.02977992221713066,,,,,,
reference,episode_000034,265,0,0.38252586126327515,0.3348167836666107,0.3057922422885895,0.3428642153739929,0.2547411620616913,0.012505882419645786,0.2874988317489624,0.7088102102279663,0.025928730867346938,0.0,0.360010027885437,1012.7908115851687,11765.088926977041,0.06905691964285714,0.027053650468587875,,,,,,
reference,episode_000034,265,1,0.40625396370887756,0.3563043177127838,0.3157094120979309,0.36399269104003906,0.23972824215888977,0.013720001094043255,0.3648635447025299,0.7057019472122192,0.017956792091836735,0.0,0.36504632234573364,1130.5800575528826,14254.987324617347,0.07848373724489796,0.029757922515273094,,,,,,
reference,episode_000034,266,0,0.38222619891166687,0.33453914523124695,0.3055535554885864,0.34258463978767395,0.2545895576477051,0.012068236246705055,0.28724709153175354,0.7088102102279663,0.023497289540816327,0.0,0.35911086201667786,1007.5335711265097,11740.250558035714,0.06798070790816327,0.027057575061917305,,,,,,
reference,episode_000034,266,1,0.4061102271080017,0.3562089204788208,0.3156602680683136,0.36389032006263733,0.23982301354408264,0.013720001094043255,0.3648305833339691,0.7057019472122192,0.018255739795918366,0.0,0.3659871816635132,1145.2864809493033,14294.876753826531,0.07963966836734694,0.029848279431462288,,,,,,
reference,episode_000034,267,0,0.38188427686691284,0.33429306745529175,0.30516886711120605,0.3423081636428833,0.25443190336227417,0.0117647061124444,0.28724709153175354,0.7088102102279663,0.024135044642857144,0.0,0.3592161536216736,1005.6650508005188,11742.514150191326,0.06923628826530612,0.02708997018635273,,,,,,
reference,episode_000034,267,1,0.40590110421180725,0.3560563325881958,0.3157075345516205,0.36374014616012573,0.23976941406726837,0.013735687360167503,0.3648541569709778,0.7056588530540466,0.017817283163265307,0.0,0.3649101257324219,1135.5803509894533,14293.025271045919,0.07888233418367346,0.029866419732570648,,,,,,
reference,episode_000034,268,0,0.3817042112350464,0.33407190442085266,0.3050577938556671,0.3421037495136261,0.254311203956604,0.011218824423849583,0.28724709153175354,0.7079921960830688,0.02810108418367347,0.0,0.3598116636276245,1001.9439652457629,11721.067044005102,0.06981425382653061,0.02707754820585251,,,,,,
reference,episode_000034,268,1,0.405901163816452,0.35589995980262756,0.31533175706863403,0.3636011481285095,0.2398304045200348,0.013720001094043255,0.3642878532409668,0.705135703086853,0.01988998724489796,0.0,0.36639097332954407,1134.1970924173281,14297.198979591836,0.07957987882653061,0.029879212379455566,,,,,,
reference,episode_000034,269,0,0.38135451078414917,0.33384203910827637,0.30477944016456604,0.3418448269367218,0.2540987432003021,0.012052549980580807,0.28697964549064636,0.7063090205192566,0.024433992346938774,0.0,0.3604552745819092,991.6471742282853,11692.105428890307,0.06991390306122448,0.027059966698288918,,,,,,
reference,episode_000034,269,1,0.40571489930152893,0.35583826899528503,0.3153938055038452,0.3635219633579254,0.2398788183927536,0.013720001094043255,0.36429256200790405,0.704888641834259,0.016980229591836735,0.0,0.36509498953819275,1137.7486235949457,14321.99752869898,0.07854352678571429,0.029966043308377266,,,,,,
reference,episode_000034,270,0,0.3811332881450653,0.3334425985813141,0.30454644560813904,0.3414953649044037,0.25385937094688416,0.01169921550899744,0.2859082520008087,0.704888641834259,0.02614795918367347,0.0,0.35846036672592163,979.4503105954794,11663.073421556122,0.06782126913265306,0.027064718306064606,,,,,,
reference,episode_000034,270,1,0.4056788980960846,0.35570573806762695,0.31523969769477844,0.36340832710266113,0.2398921251296997,0.013720001094043255,0.363674521446228,0.704888641834259,0.017817283163265307,1.992984693877551e-05,0.3659302592277527,1144.0754796460685,14336.122648278062,0.07965959821428571,0.030003506690263748,,,,,,
reference,episode_000034,271,0,0.38072094321250916,0.33315733075141907,0.3042243421077728,0.3411804139614105,0.2536848783493042,0.011488235555589199,0.2855435311794281,0.704888641834259,0.02604830994897959,0.0,0.3590015769004822,985.9443807653565,11650.913424744898,0.06849888392857142,0.02714620903134346,,,,,,
reference,episode_000034,271,1,0.40564218163490295,0.3557804226875305,0.3151111304759979,0.3634446859359741,0.2399025708436966,0.013720001094043255,0.36429256200790405,0.704888641834259,0.0184749681122449,0.0,0.36626917123794556,1138.8989598096682,14318.444435586734,0.07850366709183673,0.02996755763888359,,,,,,
reference,episode_000034,272,0,0.38029834628105164,0.33278951048851013,0.30385154485702515,0.34080058336257935,0.25338834524154663,0.0117647061124444,0.28535768389701843,0.704888641834259,0.0263671875,0.0,0.3591825067996979,980.9109182552415,11634.841238839286,0.0673030931122449,0.027186831459403038,,,,,,
reference,episode_000034,272,1,0.4056219458580017,0.35585060715675354,0.31531959772109985,0.36350569128990173,0.23998720943927765,0.013720001094043255,0.36372628808021545,0.704888641834259,0.018036511479591837,0.0,0.3659272789955139,1148.3973803776396,14285.972098214286,0.08141342474489796,0.0299367755651474,,,,,,
reference,episode_000034,273,0,0.37991729378700256,0.3323702812194824,0.303518146276474,0.3403956890106201,0.25313320755958557,0.011749019846320152,0.2844470739364624,0.704338014125824,0.025988520408163265,0.0,0.3592700660228729,983.7308971511478,11612.35423309949,0.06736288265306123,0.02726615220308304,,,,,,
reference,episode_000034,273,1,0.4055462181568146,0.3557019531726837,0.3150583505630493,0.36336442828178406,0.23999719321727753,0.013720001094043255,0.36371922492980957,0.704888641834259,0.017558195153061226,1.992984693877551e-05,0.36655566096305847,1140.4788784958928,14289.767020089286,0.0791015625,0.029947062954306602,,,,,,
reference,episode_000034,274,0,0.37935030460357666,0.3318864405155182,0.30301910638809204,0.33989307284355164,0.25273028016090393,0.011749019846320152,0.2841435372829437,0.7034525871276855,0.025091677295918366,0.0,0.3590521812438965,965.6151027874072,11539.393255739797,0.068359375,0.02724575251340866,,,,,,
reference,episode_000034,274,1,0.40546318888664246,0.35557734966278076,0.31503063440322876,0.3632555902004242,0.23997581005096436,0.013720001094043255,0.3638823330402374,0.704888641834259,0.01775749362244898,0.0,0.36525610089302063,1139.518183182697,14280.472297512755,0.08077566964285714,0.029973043128848076,,,,,,
reference,episode_000034,275,0,0.3789874017238617,0.33144277334213257,0.3024975657463074,0.33946090936660767,0.2523922026157379,0.011749019846320152,0.2841866910457611,0.7023670077323914,0.02654655612244898,0.0,0.3607960641384125,956.898857046395,11494.428651147959,0.06905691964285714,0.02731269598007202,,,,,,
reference,episode_000034,275,1,0.4054209589958191,0.3554031550884247,0.31499093770980835,0.3631192147731781,0.23991568386554718,0.013735687360167503,0.3634744882583618,0.704888641834259,0.01767777423469388,1.992984693877551e-05,0.3657713532447815,1136.1129860959418,14262.529097576531,0.08043686224489796,0.029958371073007584,,,,,,
reference,episode_000034,276,0,0.3786087930202484,0.33087947964668274,0.30215984582901,0.3389531672000885,0.25201812386512756,0.0117647061124444,0.2833254933357239,0.7004165053367615,0.024852519132653062,0.0,0.3592239022254944,947.4497326489839,11437.80416932398,0.06698421556122448,0.027355724945664406,,,,,,
reference,episode_000034,276,1,0.4051896035671234,0.35536521673202515,0.31475526094436646,0.36302587389945984,0.24000154435634613,0.013720001094043255,0.36346980929374695,0.704888641834259,0.01747847576530612,0.0,0.36776453256607056,1141.4153451724926,14286.006736288266,0.08033721301020408,0.03001871332526207,,,,,,
reference,episode_000034,277,0,0.37796902656555176,0.3303109109401703,0.3015236258506775,0.33836454153060913,0.25163206458091736,0.011749019846320152,0.282754510641098,0.7004007697105408,0.025330835459183673,0.0,0.36034709215164185,941.0697574349355,11384.873923788266,0.0674625318877551,0.027458207681775093,,,,,,
reference,episode_000034,277,1,0.40505078434944153,0.35517069697380066,0.3147129416465759,0.36285415291786194,0.23992450535297394,0.013720001094043255,0.36254197359085083,0.704888641834259,0.017956792091836735,0.0,0.3665856420993805,1141.1719482589492,14277.061742665815,0.08149314413265306,0.03005373850464821,,,,,,
reference,episode_000034,278,0,0.37738582491874695,0.3298076391220093,0.30109521746635437,0.3378497064113617,0.25125426054000854,0.012032156810164452,0.2821882367134094,0.698465883731842,0.02499202806122449,0.0,0.3602861166000366,943.813017641788,11358.690090880102,0.06596779336734694,0.027604367583990097,,,,,,
reference,episode_000034,278,1,0.4049626290798187,0.3550853431224823,0.3145771026611328,0.3627645671367645,0.23994602262973785,0.013735687360167503,0.362368643283844,0.704888641834259,0.01638233418367347,0.0,0.3670361638069153,1136.0405148172913,14264.845902423469,0.08035714285714286,0.03005044534802437,,,,,,
reference,episode_000034,279,0,0.37676912546157837,0.3291822671890259,0.30058711767196655,0.33723464608192444,0.2507850229740143,0.0117647061124444,0.28137490153312683,0.6970455050468445,0.02521125637755102,0.0,0.35877227783203125,943.6839839692217,11320.396245216836,0.06670519770408163,0.02770664542913437,,,,,,
reference,episode_000034,279,1,0.4047149419784546,0.35485929250717163,0.31416213512420654,0.3625202476978302,0.2399498075246811,0.013720001094043255,0.36150825023651123,0.7042705416679382,0.017637914540816327,1.992984693877551e-05,0.3674493432044983,1137.5688629531703,14279.64524872449,0.08159279336734694,0.030153507366776466,,,,,,
reference,episode_000034,280,0,0.37614837288856506,0.32842445373535156,0.29993006587028503,0.3365132510662079,0.25032275915145874,0.011218824423849583,0.2809627652168274,0.6934970617294312,0.027004942602040817,0.0,0.3598751127719879,935.7491825648716,11234.491549744898,0.06678491709183673,0.027720334008336067,,,,,,
reference,episode_000034,280,1,0.40461936593055725,0.3547062277793884,0.31422001123428345,0.36239463090896606,0.23995821177959442,0.013720001094043255,0.3620258867740631,0.704338014125824,0.018534757653061226,0.0,0.36731797456741333,1138.5780878059074,14278.866151147959,0.08266900510204081,0.030171111226081848,,,,,,
reference,episode_000034,281,0,0.37538930773735046,0.32763490080833435,0.29911091923713684,0.3357280492782593,0.24984975159168243,0.011218824423849583,0.27919453382492065,0.6931239366531372,0.027204241071428572,0.0,0.35893940925598145,940.1483297665782,11174.217235331633,0.06487165178571429,0.027758974581956863,,,,,,
reference,episode_000034,281,1,0.40447601675987244,0.35468482971191406,0.3140086531639099,0.3623335659503937,0.23994368314743042,0.013720001094043255,0.36150825023651123,0.7040548920631409,0.01642219387755102,0.0,0.367794930934906,1138.6262559855,14289.917370854591,0.08033721301020408,0.030243191868066788,,,,,,
reference,episode_000034,282,0,0.3744669258594513,0.3268125355243683,0.29831811785697937,0.3348865509033203,0.24916456639766693,0.011749019846320152,0.27883297204971313,0.692557692527771,0.026128029336734693,0.0,0.36178457736968994,915.714518167336,11107.088647959185,0.06471221301020408,0.02775599993765354,,,,,,
reference,episode_000034,282,1,0.40432387590408325,0.35444554686546326,0.3139011859893799,0.36212238669395447,0.23999576270580292,0.013720001094043255,0.361732542514801,0.7040548920631409,0.01775749362244898,0.0,0.36800897121429443,1143.4365345193464,14323.278539540815,0.08103475765306123,0.03035234846174717,,,,,,
reference,episode_000034,283,0,0.3736531138420105,0.3260192573070526,0.2975015938282013,0.33408722281455994,0.24851547181606293,0.011218824423849583,0.27838432788848877,0.6895216107368469,0.02684550382653061,0.0,0.361158162355423,894.688672292138,11038.407565369898,0.06419403698979592,0.027723535895347595,,,,,,
reference,episode_000034,283,1,0.40402859449386597,0.3541899025440216,0.3136453926563263,0.3618582785129547,0.23996694386005402,0.013720001094043255,0.36094197630882263,0.7037513852119446,0.016900510204081634,0.0,0.3684528172016144,1148.1881864004363,14317.496293048469,0.08266900510204081,0.030406637117266655,,,,,,
reference,episode_000034,284,0,0.3730465769767761,0.325284868478775,0.29688242077827454,0.33338838815689087,0.247920960187912,0.011749019846320152,0.27745336294174194,0.6892023682594299,0.025370695153061226,0.0,0.35971003770828247,910.4829063999409,10966.91489955357,0.06449298469387756,0.027741918340325356,,,,,,
reference,episode_000034,284,1,0.4038691222667694,0.3538898229598999,0.31347736716270447,0.36159759759902954,0.23990194499492645,0.013720001094043255,0.36094197630882263,0.7037513852119446,0.01775749362244898,0.0,0.3677365779876709,1147.6202706901395,14308.351243622448,0.07981903698979592,0.030414821580052376,,,,,,
reference,episode_000034,285,0,0.37260910868644714,0.3245549201965332,0.29626941680908203,0.3327290415763855,0.2473711520433426,0.01149725541472435,0.27747610211372375,0.6880651116371155,0.02658641581632653,0.0,0.35992011427879333,885.6421669793596,10897.274035395409,0.06447305484693877,0.02767670527100563,,,,,,
reference,episode_000034,285,1,0.4035046696662903,0.3536667227745056,0.31321460008621216,0.36134159564971924,0.23987311124801636,0.013720001094043255,0.3604337275028229,0.7037513852119446,0.017578125,0.0,0.36871176958084106,1147.1845573634218,14308.588687818878,0.08067602040816327,0.030502257868647575,,,,,,
reference,episode_000034,286,0,0.3719140589237213,0.3239796757698059,0.29570862650871277,0.3321293294429779,0.24688999354839325,0.011388824321329594,0.277118444442749,0.6852807998657227,0.025550063775510203,0.0,0.35888469219207764,888.2692314618232,10850.003268494898,0.06325733418367346,0.027660317718982697,,,,,,
reference,episode_000034,286,1,0.4033184349536896,0.3534661531448364,0.31300467252731323,0.36114341020584106,0.23987288773059845,0.013720001094043255,0.3603709936141968,0.7037513852119446,0.016262755102040817,0.0,0.3682294487953186,1149.7497963736525,14320.755859375,0.0811344068877551,0.03054630197584629,,,,,,
reference,episode_000034,287,0,0.3714071810245514,0.32332339882850647,0.2950102686882019,0.3315017819404602,0.2464442402124405,0.011749019846320152,0.2755741477012634,0.6844470500946045,0.026885363520408163,0.0,0.3606990575790405,871.3231039015466,10771.763352997448,0.06317761479591837,0.02753172256052494,,,,,,
reference,episode_000034,287,1,0.40298178791999817,0.35325393080711365,0.3126625120639801,0.3608953654766083,0.23986533284187317,0.013720001094043255,0.36033570766448975,0.7037513852119446,0.018753985969387755,0.0,0.3688648045063019,1146.862916506712,14322.920479910714,0.08238998724489796,0.030559606850147247,,,,,,
reference,episode_000034,288,0,0.37094607949256897,0.32284030318260193,0.2946774661540985,0.33103424310684204,0.2460463047027588,0.011218824423849583,0.2760486304759979,0.6816784143447876,0.02668606505102041,0.0,0.3601245582103729,854.771863178331,10712.730349170919,0.06343670280612244,0.02742648497223854,,,,,,
reference,episode_000034,288,1,0.40282365679740906,0.35300102829933167,0.31246840953826904,0.3606668710708618,0.23985706269741058,0.013720001094043255,0.35985177755355835,0.7037513852119446,0.01865433673469388,0.0,0.3686276972293854,1145.4968768464976,14334.814931441326,0.08141342474489796,0.030593344941735268,,,,,,
reference,episode_000034,289,0,0.37061333656311035,0.3223825693130493,0.2941979765892029,0.3306014835834503,0.2456567883491516,0.011445490643382072,0.2754823565483093,0.6813592910766602,0.026805644132653062,0.0,0.36004358530044556,852.5942217986915,10685.39596619898,0.06186224489795918,0.02739040181040764,,,,,,
reference,episode_000034,289,1,0.4026370644569397,0.35281792283058167,0.3121805787086487,0.3604755103588104,0.23979736864566803,0.013720001094043255,0.3598047196865082,0.7031851410865784,0.01789700255102041,0.0,0.36970824003219604,1150.1030037402115,14348.673190369898,0.08111447704081633,0.030650677159428596,,,,,,
reference,episode_000034,290,0,0.3697485625743866,0.3217853605747223,0.29374098777770996,0.3299574851989746,0.24524334073066711,0.011445490643382072,0.2754760980606079,0.680525541305542,0.02586894132653061,0.0,0.36058056354522705,842.1845930878792,10639.844826211734,0.06158322704081633,0.02728900872170925,,,,,,
reference,episode_000034,290,1,0.4024945795536041,0.3526226878166199,0.31196245551109314,0.3602897524833679,0.2397008091211319,0.013720001094043255,0.3595482409000397,0.701780378818512,0.016641422193877552,0.0,0.3703952729701996,1143.5619223899319,14311.68821747449,0.08079559948979592,0.030574817210435867,,,,,,
reference,episode_000034,291,0,0.3692469298839569,0.321016401052475,0.2930131256580353,0.3292483389377594,0.24464134871959686,0.012068236246705055,0.2743450999259949,0.6796557307243347,0.024573501275510203,0.0,0.3610081076622009,837.9804440501928,10599.349768813776,0.061045121173469385,0.02717566303908825,,,,,,
reference,episode_000034,291,1,0.40221044421195984,0.3524872958660126,0.31166523694992065,0.3601110279560089,0.23977835476398468,0.013720001094043255,0.35975295305252075,0.7029402256011963,0.017637914540816327,0.0,0.37032702565193176,1141.3684173545855,14322.577487244898,0.08061623086734694,0.0305623821914196,,,,,,
reference,episode_000034,292,0,0.3685695230960846,0.3202657401561737,0.2925293445587158,0.32853251695632935,0.24411989748477936,0.012068236246705055,0.27353179454803467,0.6774376630783081,0.02503188775510204,0.0,0.36062929034233093,842.297434369905,10613.703802614797,0.060048628826530615,0.02718988060951233,,,,,,
reference,episode_000034,292,1,0.402195006608963,0.35241684317588806,0.31190070509910583,0.36007440090179443,0.23977835476398468,0.013720001094043255,0.35896626114845276,0.7025827765464783,0.01700015943877551,0.0,0.369584321975708,1138.440518726363,14319.078563456633,0.07916135204081633,0.030531609430909157,,,,,,
reference,episode_000034,293,0,0.36798933148384094,0.3196122646331787,0.29201582074165344,0.32790476083755493,0.24374189972877502,0.0117647061124444,0.27353179454803467,0.6774376630783081,0.026167889030612245,0.0,0.3616001307964325,846.4330178625829,10583.797791772959,0.06096540178571429,0.027096837759017944,,,,,,
reference,episode_000034,293,1,0.4022279977798462,0.35227513313293457,0.31179288029670715,0.3599722683429718,0.239907369017601,0.013720001094043255,0.358919233083725,0.701780378818512,0.018215880102040817,0.0,0.3713676333427429,1140.9209582270407,14343.968470982143,0.07963966836734694,0.030564671382308006,,,,,,
reference,episode_000034,294,0,0.367275208234787,0.3189760446548462,0.29139426350593567,0.3272530436515808,0.24324434995651245,0.012018038891255856,0.2726980447769165,0.6763004064559937,0.02507174744897959,0.0,0.36103639006614685,826.1334176768567,10483.040457589286,0.060267857142857144,0.026817256584763527,,,,,,
reference,episode_000034,294,1,0.40211930871009827,0.35216307640075684,0.31161147356033325,0.35985592007637024,0.23993808031082153,0.013720001094043255,0.35839998722076416,0.701780378818512,0.017717633928571428,0.0,0.3713301718235016,1138.3921224569488,14346.949697066326,0.08149314413265306,0.030557511374354362,,,,,,
reference,episode_000034,295,0,0.3663376271724701,0.31776583194732666,0.29032841324806213,0.32611122727394104,0.24270235002040863,0.01288627553731203,0.2712933421134949,0.6738353371620178,0.02503188775510204,0.0,0.36295193433761597,813.8580675359469,10410.664620535714,0.060048628826530615,0.02670939825475216,,,,,,
reference,episode_000034,295,1,0.4020061194896698,0.35210976004600525,0.31157559156417847,0.3597911596298218,0.2399577498435974,0.013720001094043255,0.35839998722076416,0.7020007967948914,0.01815609056122449,0.0,0.3696061372756958,1138.5233894735018,14337.575494260203,0.08149314413265306,0.03053908795118332,,,,,,
reference,episode_000034,296,0,0.36538174748420715,0.31660282611846924,0.28937748074531555,0.32500752806663513,0.24212521314620972,0.01288627553731203,0.26995450258255005,0.6726823449134827,0.02463329081632653,0.0,0.36275142431259155,808.1777905484429,10324.390744579081,0.06040736607142857,0.02666587568819523,,,,,,
reference,episode_000034,296,1,0.4018792510032654,0.35201454162597656,0.311266154050827,0.35967373847961426,0.23996059596538544,0.013720001094043255,0.35839998722076416,0.701780378818512,0.018136160714285716,0.0,0.37170183658599854,1132.2041033320204,14329.945392219388,0.08061623086734694,0.030499203130602837,,,,,,
reference,episode_000034,297,0,0.3642787039279938,0.3152547776699066,0.2879076898097992,0.32370278239250183,0.24156203866004944,0.012032156810164452,0.2690439224243164,0.6699137687683105,0.0262874681122449,0.0,0.3635370433330536,799.7935823009989,10296.595543686224,0.05935108418367347,0.02670711651444435,,,,,,
reference,episode_000034,297,1,0.4017205834388733,0.3520263731479645,0.31144577264785767,0.35966140031814575,0.23999536037445068,0.013720001094043255,0.3586784303188324,0.7024088501930237,0.016322544642857144,0.0,0.37244296073913574,1136.6114825813138,14338.554966517857,0.08011798469387756,0.030536264181137085,,,,,,
reference,episode_000034,298,0,0.3631289601325989,0.3140307068824768,0.2867566645145416,0.3224997818470001,0.2408253699541092,0.01288627553731203,0.2678910195827484,0.6695945262908936,0.02451371173469388,0.0,0.3639897406101227,783.641552951325,10245.666573660714,0.058115433673469385,0.026688557118177414,,,,,,
reference,episode_000034,298,1,0.4018346071243286,0.351841002702713,0.31112268567085266,0.3595297336578369,0.2400323897600174,0.013720001094043255,0.35844704508781433,0.701780378818512,0.01793686224489796,0.0,0.3731449246406555,1139.9073383882612,14363.145806760203,0.08063616071428571,0.03063519112765789,,,,,,
reference,episode_000034,299,0,0.36182135343551636,0.31252744793891907,0.2852947413921356,0.3210411071777344,0.24017663300037384,0.011760784313082695,0.266074538230896,0.6687608361244202,0.024972098214285716,0.0,0.36648204922676086,784.163804479263,10274.607102997448,0.05727838010204082,0.026912476867437363,,,,,,
reference,episode_000034,299,1,0.4016426205635071,0.3517071604728699,0.31107380986213684,0.35938966274261475,0.2400551289319992,0.013720001094043255,0.35839998722076416,0.701780378818512,0.01887356505102041,0.0,0.3732326924800873,1137.7830005691033,14368.802574936224,0.08101482780612244,0.03070058301091194,,,,,,
reference,episode_000034,300,0,0.36019933223724365,0.3106369376182556,0.2833015024662018,0.3192002773284912,0.2394009232521057,0.012032156810164452,0.264688640832901,0.665673017501831,0.025330835459183673,0.0,0.3684535026550293,776.2796577459968,10233.718510841836,0.05719866071428571,0.0270231980830431,,,,,,
reference,episode_000034,300,1,0.4015159606933594,0.3516031503677368,0.3109413981437683,0.3592788577079773,0.24002453684806824,0.013720001094043255,0.35788077116012573,0.7017333507537842,0.017558195153061226,0.0,0.3724747598171234,1134.1678913562112,14352.905373086734,0.07912149234693877,0.030730903148651123,,,,,,
reference,episode_000034,301,0,0.3582829535007477,0.3086918294429779,0.28113245964050293,0.31724512577056885,0.23860731720924377,0.011749019846320152,0.2631513774394989,0.6654212474822998,0.025948660714285716,0.0,0.3696659207344055,778.4587391158631,10196.935267857143,0.05901227678571429,0.027127590030431747,,,,,,
reference,episode_000034,301,1,0.40134936571121216,0.3514423668384552,0.31095415353775024,0.3591293394565582,0.240009605884552,0.013720001094043255,0.35815295577049255,0.7009768486022949,0.016661352040816327,0.0,0.3723905086517334,1135.2243811282847,14351.27232142857,0.07948022959183673,0.030784806236624718,,,,,,
reference,episode_000034,302,0,0.3562167286872864,0.3062640130519867,0.2783872187137604,0.31487125158309937,0.2375793308019638,0.012505882419645786,0.26054707169532776,0.661751389503479,0.023895886479591837,0.0,0.37462103366851807,759.5503480745226,10157.239676339286,0.05620216836734694,0.0272283386439085,,,,,,
reference,episode_000034,302,1,0.40124621987342834,0.3512158989906311,0.3104795217514038,0.3589111566543579,0.24001646041870117,0.013720001094043255,0.35703060030937195,0.7009670734405518,0.016541772959183673,0.0,0.3739524781703949,1134.735422263489,14334.717036033164,0.08071588010204081,0.03078649751842022,,,,,,
reference,episode_000034,303,0,0.35408148169517517,0.3035297095775604,0.27563074231147766,0.3122626841068268,0.23657308518886566,0.011749019846320152,0.257602334022522,0.6589670777320862,0.025111607142857144,0.0,0.37674418091773987,749.0444137079921,10111.678730867347,0.05739795918367347,0.027470968663692474,,,,,,
reference,episode_000034,303,1,0.40110522508621216,0.35123521089553833,0.31060683727264404,0.3589041829109192,0.24004875123500824,0.013720001094043255,0.3570156991481781,0.7012141346931458,0.017916932397959183,0.0,0.3729124367237091,1128.39389528547,14324.226642219388,0.07862324617346939,0.030788389965891838,,,,,,
reference,episode_000034,304,0,0.3516080677509308,0.30075234174728394,0.2725866436958313,0.30953073501586914,0.23562653362751007,0.012032156810164452,0.2553035318851471,0.6578298211097717,0.02481265943877551,0.0,0.3832659125328064,743.9799957211837,10099.79544005102,0.05767697704081633,0.027850089594721794,,,,,,
reference,episode_000034,304,1,0.40109845995903015,0.35116642713546753,0.3105945587158203,0.35885268449783325,0.24004948139190674,0.013720001094043255,0.35702040791511536,0.701780378818512,0.018415178571428572,1.992984693877551e-05,0.37298890948295593,1130.5580488119163,14336.050302933674,0.07989875637755102,0.03086211532354355,,,,,,
reference,episode_000034,305,0,0.3493320643901825,0.297967791557312,0.2699792683124542,0.3068670630455017,0.23470750451087952,0.0117647061124444,0.2525749206542969,0.6561984419822693,0.024533641581632654,0.0,0.38555362820625305,739.1142734236043,10230.512197066326,0.057118941326530615,0.028373830020427704,,,,,,
reference,episode_000034,305,1,0.4010685384273529,0.3510797321796417,0.31045180559158325,0.3587740361690521,0.24008303880691528,0.013720001094043255,0.35702040791511536,0.7018672227859497,0.01767777423469388,0.0,0.3745536506175995,1139.624647086881,14341.858737244898,0.07894212372448979,0.030917195603251457,,,,,,
reference,episode_000034,306,0,0.34735599160194397,0.2955034673213959,0.2673168480396271,0.30449220538139343,0.2340337038040161,0.011749019846320152,0.2503058910369873,0.6539335250854492,0.02463329081632653,0.0,0.39129966497421265,739.4846452477076,10271.14401307398,0.05755739795918367,0.028719356283545494,,,,,,
reference,episode_000034,306,1,0.40093833208084106,0.351043164730072,0.31046876311302185,0.35872140526771545,0.24006639420986176,0.013720001094043255,0.35758668184280396,0.7014027833938599,0.01829559948979592,0.0,0.3736634850502014,1133.666097784777,14372.085259885203,0.07967952806122448,0.030993729829788208,,,,,,
reference,episode_000034,307,0,0.34554770588874817,0.29317909479141235,0.26497381925582886,0.3022761940956116,0.23334142565727234,0.012068236246705055,0.2480313628911972,0.6539082527160645,0.024852519132653062,0.0,0.39450502395629883,738.305804327298,10348.019331951531,0.05660076530612245,0.029086675494909286,,,,,,
reference,episode_000034,307,1,0.4009096622467041,0.35098764300346375,0.3103681206703186,0.35866835713386536,0.24008682370185852,0.013720001094043255,0.3564894199371338,0.7012141346931458,0.01823580994897959,0.0,0.3741268217563629,1136.272991288458,14378.02455357143,0.07926100127551021,0.03103930689394474,,,,,,
reference,episode_000034,308,0,0.3437769114971161,0.29107168316841125,0.2626769542694092,0.30022671818733215,0.23289188742637634,0.011928039602935314,0.24633724987506866,0.6539082527160645,0.02499202806122449,0.0,0.39892131090164185,734.4149561385124,10348.018375318878,0.05717873086734694,0.029437685385346413,,,,,,
reference,episode_000034,308,1,0.4007745087146759,0.3509354591369629,0.3103501796722412,0.3586009740829468,0.24005518853664398,0.013720001094043255,0.35757726430892944,0.7012141346931458,0.01700015943877551,0.0,0.3732122778892517,1135.7966499658287,14385.052774234693,0.07940051020408163,0.03107473999261856,,,,,,
reference,episode_000034,309,0,0.34268608689308167,0.2895052433013916,0.26104411482810974,0.29875659942626953,0.23258794844150543,0.012032156810164452,0.24524706602096558,0.6530745625495911,0.025530133928571428,0.0,0.4014964997768402,732.3051164222726,10353.632015306122,0.05787627551020408,0.02967137284576893,,,,,,
reference,episode_000034,309,1,0.4007587730884552,0.3508627712726593,0.31030282378196716,0.35854223370552063,0.2400888055562973,0.013720001094043255,0.35702040791511536,0.7009670734405518,0.01887356505102041,0.0,0.37319448590278625,1137.4910350511195,14377.776387117347,0.08021763392857142,0.031063992530107498,,,,,,
reference,episode_000034,310,0,0.34197908639907837,0.2884643077850342,0.2597217857837677,0.2977663278579712,0.2323717474937439,0.01288627553731203,0.24384234845638275,0.6530745625495911,0.02293925382653061,0.0,0.4053819477558136,694.5401475517913,10304.748286033164,0.05590322066326531,0.02950209006667137,,,,,,
reference,episode_000034,310,1,0.4006476402282715,0.35073766112327576,0.3101651668548584,0.35841915011405945,0.24011249840259552,0.013720001094043255,0.35701099038124084,0.7017490863800049,0.0185546875,0.0,0.373818963766098,1132.7557528713055,14408.051179846938,0.07954001913265306,0.03112618438899517,,,,,,
reference,episode_000034,311,0,0.3417949378490448,0.2875039875507355,0.25879335403442383,0.2969733476638794,0.23241491615772247,0.011749019846320152,0.24246273934841156,0.6539082527160645,0.024035395408163265,0.0,0.40762123465538025,688.0261710348452,10246.818399234693,0.056959502551020405,0.029282648116350174,,,,,,
reference,episode_000034,311,1,0.4005136787891388,0.3507498502731323,0.3101598620414734,0.35839903354644775,0.2401455044746399,0.013720001094043255,0.3567168712615967,0.7017490863800049,0.01725924744897959,0.0,0.37416407465934753,1135.8182676316103,14412.12890625,0.07997847576530612,0.03114978037774563,,,,,,
reference,episode_000034,312,0,0.3413122594356537,0.2864871919155121,0.25748395919799805,0.29604896903038025,0.2321150153875351,0.012068236246705055,0.2418917566537857,0.6539082527160645,0.024374202806122448,0.0,0.41048088669776917,646.9149585026395,10230.765824298469,0.055564413265306124,0.028978146612644196,,,,,,
reference,episode_000034,312,1,0.4004698097705841,0.35061824321746826,0.3101310133934021,0.3582935333251953,0.2401399463415146,0.013720001094043255,0.3564494252204895,0.7012298107147217,0.017717633928571428,0.0,0.37380456924438477,1146.554717413439,14415.434988839286,0.08077566964285714,0.031171653419733047,,,,,,
reference,episode_000034,313,0,0.3409256339073181,0.28512507677078247,0.25607478618621826,0.2948908507823944,0.2318619340658188,0.012068236246705055,0.23992078006267548,0.6539082527160645,0.0243343431122449,0.0,0.4144623875617981,645.638251721288,10226.98828125,0.055165816326530615,0.028958026319742203,,,,,,
reference,episode_000034,313,1,0.4004111886024475,0.3504575192928314,0.30989891290664673,0.35814934968948364,0.2401435226202011,0.013720001094043255,0.3564494252204895,0.7009670734405518,0.01767777423469388,0.0,0.37457147240638733,1145.5498339467524,14418.100924744898,0.08153300382653061,0.031181911006569862,,,,,,
reference,episode_000034,314,0,0.3402802348136902,0.2835558354854584,0.2545734941959381,0.2935229241847992,0.23149539530277252,0.011445490643382072,0.2390603870153427,0.6539082527160645,0.024792729591836735,0.0,0.4181477725505829,646.2292791773309,10250.769371811224,0.05430883290816327,0.029165739193558693,,,,,,
reference,episode_000034,314,1,0.40035414695739746,0.35050976276397705,0.3099607229232788,0.3581790030002594,0.24015864729881287,0.013720001094043255,0.3564494252204895,0.7009670734405518,0.018176020408163265,0.0,0.3740176856517792,1148.8888124372997,14425.631816007653,0.08159279336734694,0.03117281198501587,,,,,,
reference,episode_000034,315,0,0.33939653635025024,0.28193557262420654,0.25281405448913574,0.29204919934272766,0.2310096174478531,0.011749019846320152,0.23659057915210724,0.6533419489860535,0.025111607142857144,0.0,0.42171692848205566,632.8173950764101,9964.263313137755,0.05532525510204082,0.028727911412715912,,,,,,
reference,episode_000034,315,1,0.4003230929374695,0.3505594730377197,0.3100026845932007,0.3582110106945038,0.24017024040222168,0.013720001094043255,0.3565737307071686,0.7020007967948914,0.01775749362244898,0.0,0.374489963054657,1141.504805224878,14424.538066007653,0.08155293367346939,0.031143995001912117,,,,,,
reference,episode_000034,316,0,0.3384634256362915,0.2803760766983032,0.2513207793235779,0.290627658367157,0.23057934641838074,0.011672156862914562,0.23461726307868958,0.6530745625495911,0.025550063775510203,0.0,0.42469432950019836,623.0555796593441,9567.651666135203,0.054567920918367346,0.02796844393014908,,,,,,
reference,episode_000034,316,1,0.4003313481807709,0.35037901997566223,0.30978941917419434,0.3580682575702667,0.24014398455619812,0.013720001094043255,0.3564494252204895,0.7009670734405518,0.01783721301020408,0.0,0.3752123713493347,1136.5133211564046,14418.226482780612,0.08238998724489796,0.031166067346930504,,,,,,
reference,episode_000034,317,0,0.3379542827606201,0.27922919392585754,0.2501581907272339,0.2896152138710022,0.2302146553993225,0.012032156810164452,0.23405569791793823,0.6514071226119995,0.02507174744897959,0.0,0.42737361788749695,602.8955368366106,9280.510204081633,0.05430883290816327,0.027446787804365158,,,,,,
reference,episode_000034,317,1,0.40034353733062744,0.35048818588256836,0.309931218624115,0.35815921425819397,0.24016529321670532,0.013720001094043255,0.3570086359977722,0.7017490863800049,0.0166812818877551,0.0,0.37450817227363586,1135.4632179867174,14410.322464923469,0.08193160076530612,0.0311184823513031,,,,,,
reference,episode_000034,318,0,0.3379667103290558,0.27887627482414246,0.2498931884765625,0.289346307516098,0.22996817529201508,0.011785099282860756,0.23325568437576294,0.6520159244537354,0.024135044642857144,0.0,0.42734599113464355,582.5004727984408,9061.27806122449,0.05510602678571429,0.027109578251838684,,,,,,
reference,episode_000034,318,1,0.4003494381904602,0.3504181206226349,0.30990859866142273,0.3581087291240692,0.24012590944766998,0.013720001094043255,0.3564494252204895,0.7012810111045837,0.01793686224489796,0.0,0.3739931881427765,1133.5397876892823,14399.208346619898,0.08209103954081633,0.03110603243112564,,,,,,
reference,episode_000034,319,0,0.3387845754623413,0.27914005517959595,0.2500334680080414,0.28971895575523376,0.23007674515247345,0.011749019846320152,0.23295685648918152,0.6533419489860535,0.02517139668367347,0.0,0.42886680364608765,576.4622364925971,8980.400988520409,0.05414939413265306,0.026956602931022644,,,,,,
reference,episode_000034,319,1,0.40030062198638916,0.35041919350624084,0.3098283112049103,0.3580932915210724,0.24016942083835602,0.013720001094043255,0.3564494252204895,0.7012141346931458,0.017598054846938774,0.0,0.37471404671669006,1131.9910541170589,14399.868064413266,0.08121412627551021,0.031125932931900024,,,,,,
reference,episode_000034,320,0,0.33959490060806274,0.2800939381122589,0.2509914040565491,0.2906426191329956,0.23007233440876007,0.011672156862914562,0.23431608080863953,0.6533419489860535,0.024473852040816327,0.0,0.4266889989376068,558.0421484196896,8899.216477997448,0.0545280612244898,0.02623758278787136,,,,,,
reference,episode_000034,320,1,0.40039342641830444,0.3503977656364441,0.30976247787475586,0.3580929934978485,0.24012309312820435,0.013735687360167503,0.35702040791511536,0.7012141346931458,0.01588408801020408,0.0,0.3758377134799957,1135.0006823938918,14393.659478635203,0.0790218431122449,0.031120924279093742,,,,,,
reference,episode_000034,321,0,0.3410465121269226,0.2810932397842407,0.2520748972892761,0.2917441427707672,0.23006457090377808,0.011749019846320152,0.23602430522441864,0.6533419489860535,0.02610809948979592,0.0,0.42597538232803345,574.2748243557518,8789.145846619898,0.055783641581632654,0.025453465059399605,,,,,,
reference,episode_000034,321,1,0.40037015080451965,0.35037535429000854,0.3099307119846344,0.35808414220809937,0.2402324080467224,0.013720001094043255,0.3564494252204895,0.7017490863800049,0.01767777423469388,0.0,0.3745002746582031,1130.9530095926973,14378.660554846938,0.08145328443877552,0.03106892667710781,,,,,,
reference,episode_000034,322,0,0.3418567180633545,0.28201931715011597,0.2529118061065674,0.2926391661167145,0.23026369512081146,0.011785099282860756,0.23659057915210724,0.6539082527160645,0.023158482142857144,0.0,0.4246383309364319,627.0051813276546,8808.302256058674,0.05618223852040816,0.025485020130872726,,,,,,
reference,episode_000034,322,1,0.4002131521701813,0.35035112500190735,0.30980926752090454,0.35802462697029114,0.240171879529953,0.013731765560805798,0.3564494252204895,0.7014027833938599,0.017538265306122448,0.0,0.3756396770477295,1129.2041608813602,14380.591836734693,0.08001833545918367,0.03108549676835537,,,,,,
reference,episode_000034,323,0,0.341762900352478,0.28199735283851624,0.25309041142463684,0.2926163971424103,0.23019106686115265,0.011749019846320152,0.23683294653892517,0.6539082527160645,0.025051817602040817,0.0,0.42242440581321716,623.0000239236808,8827.432796556122,0.05564413265306122,0.025536706671118736,,,,,,
reference,episode_000034,323,1,0.4003467857837677,0.35037437081336975,0.30972570180892944,0.358063668012619,0.24020983278751373,0.013720001094043255,0.35649409890174866,0.7015186548233032,0.017378826530612245,0.0,0.37577322125434875,1136.2751606306103,14371.179966517857,0.08123405612244898,0.031085118651390076,,,,,,
reference,episode_000034,324,0,0.3412599265575409,0.28139302134513855,0.25241315364837646,0.29202839732170105,0.23000669479370117,0.011749019846320152,0.2359992116689682,0.6539082527160645,0.025111607142857144,0.0,0.4235929846763611,609.8428693463137,8710.383051658164,0.05448820153061224,0.02536177448928356,,,,,,
reference,episode_000034,324,1,0.4003690183162689,0.3504055440425873,0.3099972903728485,0.35811030864715576,0.2402411848306656,0.013720001094043255,0.3564494252204895,0.7009670734405518,0.017438616071428572,0.0,0.37449198961257935,1136.0782778893645,14381.90963807398,0.08077566964285714,0.03109322302043438,,,,,,
reference,episode_000034,325,0,0.34102222323417664,0.2812102735042572,0.25189945101737976,0.2918100655078888,0.2295965999364853,0.011219999752938747,0.23626667261123657,0.6530745625495911,0.02467315051020408,0.0,0.4251112937927246,579.7828714798907,8514.938376913266,0.055345184948979595,0.02509411796927452,,,,,,
reference,episode_000034,325,1,0.4002971351146698,0.350413978099823,0.3097732961177826,0.35808488726615906,0.24021446704864502,0.013720001094043255,0.3567168712615967,0.7012141346931458,0.016262755102040817,0.0,0.3751237690448761,1132.6630960660693,14385.568000637755,0.08067602040816327,0.0310878474265337,,,,,,
reference,episode_000034,326,0,0.3411954641342163,0.28152996301651,0.252158522605896,0.29209423065185547,0.22944405674934387,0.012068236246705055,0.23637960851192474,0.6530745625495911,0.023497289540816327,0.0,0.4226302206516266,593.7345764747216,8392.063496492347,0.05642139668367347,0.02503344975411892,,,,,,
reference,episode_000034,326,1,0.40036261081695557,0.35032641887664795,0.30989858508110046,0.35804519057273865,0.24021945893764496,0.013720001094043255,0.35649409890174866,0.7012810111045837,0.016900510204081634,0.0,0.37487852573394775,1128.9716232467422,14377.107182716836,0.08163265306122448,0.031076449900865555,,,,,,
reference,episode_000034,327,0,0.34117960929870605,0.2816894054412842,0.2521747946739197,0.2922060489654541,0.22925204038619995,0.012032156810164452,0.23659057915210724,0.6530745625495911,0.02419483418367347,0.0,0.42255517840385437,575.1201111866205,8341.392259247448,0.05626195790816327,0.024976463988423347,,,,,,
reference,episode_000034,327,1,0.4002702236175537,0.350277304649353,0.3098193109035492,0.3579847514629364,0.2402024120092392,0.013720001094043255,0.3564494252204895,0.7012141346931458,0.018315529336734693,0.0,0.3751698434352875,1133.4324602745116,14383.477000956633,0.08021763392857142,0.031090473756194115,,,,,,
reference,episode_000034,328,0,0.340663880109787,0.2812049686908722,0.25154900550842285,0.29170477390289307,0.2288287878036499,0.011749019846320152,0.23601333796977997,0.652276873588562,0.022799744897959183,0.0,0.4243178963661194,564.6071484302392,8335.287069515307,0.05466757015306122,0.02515258826315403,,,,,,
reference,episode_000034,328,1,0.40038537979125977,0.3502948582172394,0.3096541166305542,0.35800981521606445,0.2402351200580597,0.013720001094043255,0.3565121591091156,0.7012141346931458,0.01881377551020408,0.0,0.3747451901435852,1132.588533159198,14382.324856505102,0.07979910714285714,0.031100984662771225,,,,,,
reference,episode_000034,329,0,0.3402923345565796,0.2810559570789337,0.25142940878868103,0.29151055216789246,0.22849030792713165,0.011749019846320152,0.23639020323753357,0.65277099609375,0.02285953443877551,0.0,0.42304980754852295,559.177561091066,8237.076012436224,0.05548469387755102,0.025068184360861778,,,,,,
reference,episode_000034,329,1,0.400215744972229,0.35021352767944336,0.30959704518318176,0.35791146755218506,0.24019846320152283,0.013720001094043255,0.3564494252204895,0.7009670734405518,0.0174984056122449,0.0,0.3758172392845154,1133.7723547027092,14376.874441964286,0.07936065051020408,0.031104309484362602,,,,,,
reference,episode_000034,330,0,0.34015709161758423,0.2813434898853302,0.2516394555568695,0.29170262813568115,0.2283087819814682,0.011749019846320152,0.23659057915210724,0.6530745625495911,0.022879464285714284,0.0,0.4217977225780487,546.94113973755,8151.807278380102,0.055763711734693876,0.02497565932571888,,,,,,
reference,episode_000034,330,1,0.4003239870071411,0.3500896394252777,0.30955633521080017,0.35784298181533813,0.24019171297550201,0.013720001094043255,0.3564494252204895,0.7009670734405518,0.017737563775510203,0.0,0.37556397914886475,1137.676966998042,14389.720025510203,0.08085538903061225,0.031149553135037422,,,,,,
reference,episode_000034,331,0,0.3397403955459595,0.28099343180656433,0.2512056827545166,0.2913323938846588,0.22802911698818207,0.0117647061124444,0.23659057915210724,0.6511240005493164,0.02361686862244898,0.0,0.42256873846054077,544.6320608537031,8131.725366709184,0.05681999362244898,0.024933909997344017,,,,,,
reference,episode_000034,331,1,0.400090754032135,0.3501059114933014,0.3094344139099121,0.35779622197151184,0.24018573760986328,0.013720001094043255,0.35649174451828003,0.7009670734405518,0.018714126275510203,0.0,0.37596413493156433,1135.5977754187752,14387.333346619898,0.0809749681122449,0.031132962554693222,,,,,,
reference,episode_000034,332,0,0.33940452337265015,0.2806248366832733,0.2506617605686188,0.290958046913147,0.22767512500286102,0.01178000122308731,0.23602430522441864,0.6499866843223572,0.023397640306122448,0.0,0.42343956232070923,546.4293302736993,8069.480309311224,0.055584343112244895,0.02482658065855503,,,,,,
reference,episode_000034,332,1,0.39999252557754517,0.3499942719936371,0.30925416946411133,0.357682466506958,0.24013689160346985,0.013720001094043255,0.3564494252204895,0.7009670734405518,0.018016581632653062,0.0,0.3755381107330322,1141.2913309210094,14400.93052455357,0.07924107142857142,0.031192908063530922,,,,,,
reference,episode_000034,333,0,0.33970338106155396,0.2808426320552826,0.25088170170783997,0.29119327664375305,0.22767169773578644,0.011749019846320152,0.23659057915210724,0.6499866843223572,0.023317920918367346,0.0,0.42254549264907837,554.5973402179811,8066.841159119898,0.055783641581632654,0.024817204102873802,,,,,,
reference,episode_000034,333,1,0.3998223841190338,0.3500087559223175,0.3094041049480438,0.3576675057411194,0.24009861052036285,0.013720001094043255,0.3567168712615967,0.7009670734405518,0.01594387755102041,0.0,0.3761783242225647,1137.2478049570996,14392.508729272959,0.08071588010204081,0.031186947599053383,,,,,,
reference,episode_000034,334,0,0.34008145332336426,0.28146228194236755,0.25149059295654297,0.29176074266433716,0.22774738073349,0.011749019846320152,0.2376713752746582,0.6499866843223572,0.024533641581632654,0.0,0.4219033420085907,567.558311929508,8139.352957589285,0.056361607142857144,0.0249482449144125,,,,,,
reference,episode_000034,334,1,0.39980027079582214,0.34992942214012146,0.3092935085296631,0.35759806632995605,0.2400827407836914,0.013731765560805798,0.3564494252204895,0.7009670734405518,0.017059948979591837,0.0,0.376202791929245,1137.3595628841676,14390.018973214286,0.08252949617346939,0.031154202297329903,,,,,,
reference,episode_000034,335,0,0.34067028760910034,0.2818489968776703,0.2519264221191406,0.2921940088272095,0.22782284021377563,0.012068236246705055,0.2382376492023468,0.6499866843223572,0.022999043367346938,0.0,0.4207976460456848,569.1808084549879,8198.458107461734,0.05775669642857143,0.02502373605966568,,,,,,
reference,episode_000034,335,1,0.399843692779541,0.3498165011405945,0.30926910042762756,0.3575247526168823,0.2400730848312378,0.013720001094043255,0.3558831512928009,0.7009670734405518,0.017239317602040817,0.0,0.3754355013370514,1133.6776588273915,14395.433753188776,0.08207110969387756,0.03118165023624897,,,,,,
reference,episode_000034,336,0,0.3410085439682007,0.2823171019554138,0.25259923934936523,0.2926492393016815,0.2278403788805008,0.012032156810164452,0.23854117095470428,0.6499866843223572,0.024553571428571428,0.0,0.4193464517593384,581.1324618449562,8245.559191645409,0.0576171875,0.02511076256632805,,,,,,
reference,episode_000034,336,1,0.399846613407135,0.34990906715393066,0.30921947956085205,0.3575880229473114,0.24004454910755157,0.013720001094043255,0.3559301793575287,0.7009670734405518,0.01779735331632653,0.0,0.3744623363018036,1128.4838083657262,14406.673987563776,0.08085538903061225,0.031189242377877235,,,,,,
reference,episode_000034,337,0,0.341275155544281,0.2827751636505127,0.25289538502693176,0.2930549383163452,0.22783735394477844,0.011218824423849583,0.23877491056919098,0.6499866843223572,0.02369658801020408,0.0,0.4192536771297455,574.8736206806982,8278.922472895409,0.05781648596938776,0.0251790601760149,,,,,,
reference,episode_000034,337,1,0.3998645544052124,0.3498450219631195,0.30918824672698975,0.3575437366962433,0.2400384396314621,0.013720001094043255,0.3564494252204895,0.7009670734405518,0.01747847576530612,0.0,0.3765712380409241,1139.6857332688778,14395.33482142857,0.0791812818877551,0.031224317848682404,,,,,,
reference,episode_000034,338,0,0.3412160575389862,0.2830016613006592,0.2529951333999634,0.29321157932281494,0.22768016159534454,0.011749019846320152,0.2386082261800766,0.6494361162185669,0.025011957908163265,0.0,0.4183318614959717,555.939384406033,8245.386240433674,0.056939572704081634,0.02508465200662613,,,,,,
reference,episode_000034,338,1,0.4000033438205719,0.34988275170326233,0.30927574634552,0.3576066195964813,0.24005264043807983,0.013720001094043255,0.3564494252204895,0.7009670734405518,0.017996651785714284,0.0,0.3757355213165283,1135.6756957330986,14399.088488520409,0.07786591198979592,0.031208481639623642,,,,,,
reference,episode_000034,339,0,0.34075334668159485,0.28314054012298584,0.253238320350647,0.2932300865650177,0.22740572690963745,0.011749019846320152,0.23910744488239288,0.648516058921814,0.023158482142857144,0.0,0.4166174530982971,555.6660715343058,8265.523836096938,0.056939572704081634,0.025221580639481544,,,,,,
reference,episode_000034,339,1,0.3998878300189972,0.349976122379303,0.30926668643951416,0.35764819383621216,0.24006444215774536,0.013720001094043255,0.3564494252204895,0.7009670734405518,0.01903300382653061,0.0,0.374886691570282,1134.5349583735021,14380.993821747448,0.07904177295918367,0.03117937408387661,,,,,,
reference,episode_000034,340,0,0.34046682715415955,0.28312498331069946,0.2531883120536804,0.29315441846847534,0.22719641029834747,0.012634511105716228,0.2396627515554428,0.6482831835746765,0.023497289540816327,0.0,0.4162846505641937,569.1927525120344,8313.329639668367,0.054189253826530615,0.025467583909630775,,,,,,
reference,episode_000034,340,1,0.3999136686325073,0.35003116726875305,0.30922701954841614,0.35769009590148926,0.23997898399829865,0.013720001094043255,0.3564494252204895,0.7009670734405518,0.01670121173469388,0.0,0.3768216669559479,1132.8492530717895,14383.059590242347,0.07948022959183673,0.031184721738100052,,,,,,
reference,episode_000034,341,0,0.34058913588523865,0.28308984637260437,0.253264844417572,0.2931607961654663,0.2271672487258911,0.012068236246705055,0.23910744488239288,0.6465584635734558,0.02122528698979592,0.0,0.4167447090148926,568.7217953863466,8305.437340561224,0.05590322066326531,0.025440281257033348,,,,,,
reference,episode_000034,341,1,0.3999870717525482,0.34994739294052124,0.30926206707954407,0.3576483428478241,0.23998792469501495,0.013720001094043255,0.3564494252204895,0.7009670734405518,0.016900510204081634,0.0,0.3766308128833771,1135.7135803845465,14376.103794642857,0.08047672193877552,0.031173398718237877,,,,,,
reference,episode_000034,342,0,0.3409179449081421,0.28335389494895935,0.25349244475364685,0.2934360206127167,0.22727136313915253,0.011975686065852642,0.23910744488239288,0.6474663019180298,0.023377710459183673,0.0,0.4159690737724304,568.8150416969607,8337.673708545919,0.05504623724489796,0.025457555428147316,,,,,,
reference,episode_000034,342,1,0.4000501334667206,0.35010963678359985,0.3093312382698059,0.35778284072875977,0.2399628907442093,0.013720001094043255,0.3564494252204895,0.7009670734405518,0.016481983418367346,0.0,0.3756577670574188,1142.4201716014318,14389.697425063776,0.08045679209183673,0.031207375228405,,,,,,
reference,episode_000034,343,0,0.3413126468658447,0.2837614119052887,0.2539077401161194,0.2938413918018341,0.22753264009952545,0.01288627553731203,0.23910744488239288,0.6479514241218567,0.021424585459183673,0.0,0.4166417419910431,571.8537533198829,8363.634486607143,0.05506616709183673,0.025446588173508644,,,,,,
reference,episode_000034,343,1,0.40022900700569153,0.3500522971153259,0.30938324332237244,0.35778355598449707,0.23994874954223633,0.013720001094043255,0.3564494252204895,0.7009670734405518,0.016621492346938774,0.0,0.37609875202178955,1138.597691127232,14387.229153380102,0.08061623086734694,0.031195713207125664,,,,,,
reference,episode_000034,344,0,0.34191465377807617,0.28433701395988464,0.25445249676704407,0.29442039132118225,0.22789497673511505,0.011749019846320152,0.23982784152030945,0.6494203805923462,0.02489237882653061,0.0,0.41520947217941284,566.1830895422697,8369.762755102041,0.0564811862244898,0.02538069151341915,,,,,,
reference,episode_000034,344,1,0.4001096487045288,0.35007792711257935,0.3093414008617401,0.35777348279953003,0.23990170657634735,0.013720001094043255,0.3564494252204895,0.7009670734405518,0.018893494897959183,0.0,0.37586045265197754,1140.4176474602605,14379.825773278062,0.08117426658163265,0.031179213896393776,,,,,,
reference,episode_000034,345,0,0.3427066504955292,0.2853219509124756,0.2553695738315582,0.29535940289497375,0.2284027338027954,0.012032156810164452,0.24075451493263245,0.6499866843223572,0.022999043367346938,0.0,0.4146060645580292,565.2335256900652,8354.199099170919,0.05646125637755102,0.02523217350244522,,,,,,
reference,episode_000034,345,1,0.4001239836215973,0.35013923048973083,0.3094381093978882,0.357827365398407,0.23989731073379517,0.013720001094043255,0.3564494252204895,0.7009670734405518,0.017996651785714284,0.0,0.37586745619773865,1140.8496906923185,14404.397122130102,0.08153300382653061,0.031186064705252647,,,,,,
reference,episode_000034,346,0,0.34378862380981445,0.2863464951515198,0.25635308027267456,0.29639315605163574,0.22909297049045563,0.011749019846320152,0.24157725274562836,0.652204692363739,0.024115114795918366,0.0,0.41468966007232666,577.0346958135774,8425.711375956633,0.056560905612244895,0.025303158909082413,,,,,,
reference,episode_000034,346,1,0.40019771456718445,0.35021430253982544,0.3094952702522278,0.35790085792541504,0.23984235525131226,0.013720001094043255,0.3564494252204895,0.7009670734405518,0.0185546875,0.0,0.37481653690338135,1144.1726848025562,14414.18080357143,0.08077566964285714,0.03115815296769142,,,,,,
reference,episode_000034,347,0,0.3449767231941223,0.28744104504585266,0.2572740912437439,0.2974950969219208,0.22980573773384094,0.011749019846320152,0.24215920269489288,0.6539082527160645,0.024115114795918366,0.0,0.4137682616710663,578.3722071506639,8429.498206313776,0.05683992346938776,0.02513703517615795,,,,,,
reference,episode_000034,347,1,0.40031227469444275,0.35022076964378357,0.309594064950943,0.3579370081424713,0.23985321819782257,0.013720001094043255,0.3564494252204895,0.7009670734405518,0.018833705357142856,0.0,0.3751641809940338,1140.1429947638999,14424.435347576531,0.08262914540816327,0.031158313155174255,,,,,,
reference,episode_000034,348,0,0.3462262451648712,0.2885412871837616,0.2584646940231323,0.2986335754394531,0.23057886958122253,0.012052549980580807,0.24305176734924316,0.6539082527160645,0.022042410714285716,0.0,0.4141063690185547,578.7998441404624,8412.948740433674,0.05687978316326531,0.024862298741936684,,,,,,
reference,episode_000034,348,1,0.4002608060836792,0.35022133588790894,0.30955109000205994,0.357923299074173,0.23978696763515472,0.013720001094043255,0.3564494252204895,0.7009670734405518,0.016840720663265307,0.0,0.37504297494888306,1142.954789636335,14416.379344706633,0.08242984693877552,0.031149715185165405,,,,,,
reference,episode_000034,349,0,0.3475850522518158,0.28976553678512573,0.25945591926574707,0.2998695969581604,0.23142053186893463,0.012068236246705055,0.24415528774261475,0.6561984419822693,0.023895886479591837,0.0,0.4156109690666199,587.2756632555032,8422.045878507653,0.056162308673469385,0.02462007664144039,,,,,,
reference,episode_000034,349,1,0.40020501613616943,0.3501821756362915,0.309621125459671,0.3578885495662689,0.23972931504249573,0.013720001094043255,0.3558831512928009,0.7009670734405518,0.01725924744897959,0.0,0.3737059235572815,1142.3093106509348,14438.376554528062,0.08384486607142858,0.031169289723038673,,,,,,
reference,episode_000034,350,0,0.3492630422115326,0.2910975515842438,0.26102542877197266,0.3012923300266266,0.2323688268661499,0.011749019846320152,0.2460729479789734,0.6578298211097717,0.023377710459183673,0.0,0.41368532180786133,588.2304185122958,8455.309988839286,0.05797592474489796,0.024429194629192352,,,,,,
reference,episode_000034,350,1,0.4003125727176666,0.35022497177124023,0.30952489376068115,0.3579350411891937,0.23970939218997955,0.013720001094043255,0.3564494252204895,0.7009670734405518,0.01717952806122449,0.0,0.3745695948600769,1146.69819947433,14429.663863201531,0.08027742346938775,0.03113557957112789,,,,,,
reference,episode_000034,351,0,0.350891649723053,0.29277780652046204,0.26263493299484253,0.3029565215110779,0.23337002098560333,0.012505882419645786,0.24750588834285736,0.6578298211097717,0.0234375,0.0,0.41179582476615906,596.7780232518875,8533.295798788266,0.05819515306122449,0.02445955015718937,,,,,,
reference,episode_000034,351,1,0.4002141058444977,0.35020798444747925,0.30941182374954224,0.35789379477500916,0.23966482281684875,0.013720001094043255,0.3564494252204895,0.7009670734405518,0.01805644132653061,0.0,0.37564024329185486,1143.8869781430587,14408.147441007653,0.07946029974489796,0.03107713721692562,,,,,,
reference,episode_000034,352,0,0.35251617431640625,0.2944577932357788,0.26415014266967773,0.30461278557777405,0.2343331128358841,0.01288627553731203,0.24916863441467285,0.6609333157539368,0.021683673469387755,0.0,0.41137632727622986,591.9221490353954,8586.363480548469,0.058494100765306124,0.02441449649631977,,,,,,
reference,episode_000034,352,1,0.4001424312591553,0.3501477837562561,0.30937033891677856,0.35783255100250244,0.2396240532398224,0.013720001094043255,0.3564494252204895,0.7009670734405518,0.016262755102040817,0.0,0.37447187304496765,1144.9402720182452,14418.765027104591,0.08081552933673469,0.031084999442100525,,,,,,
reference,episode_000034,353,0,0.354154497385025,0.29604125022888184,0.2656761407852173,0.3062037527561188,0.23541699349880219,0.012052549980580807,0.25031059980392456,0.6645357012748718,0.023058832908163265,0.0,0.41036367416381836,587.6847382672177,8663.761639030612,0.06000876913265306,0.024339910596609116,,,,,,
reference,episode_000034,353,1,0.39996036887168884,0.3499700725078583,0.3093147575855255,0.3576626777648926,0.2395601123571396,0.013720001094043255,0.3558831512928009,0.7009670734405518,0.018833705357142856,0.0,0.3743915855884552,1144.365596222709,14410.719148596938,0.08139349489795919,0.031045978888869286,,,,,,
reference,episode_000034,354,0,0.355689138174057,0.29754677414894104,0.26712459325790405,0.3077113926410675,0.23654422163963318,0.01288627553731203,0.2513866722583771,0.665673017501831,0.02295918367346939,0.0,0.41022297739982605,581.0778012162493,8670.181879783164,0.060666454081632654,0.024178894236683846,,,,,,
reference,episode_000034,354,1,0.3999106287956238,0.34998589754104614,0.3091728687286377,0.3576531708240509,0.23949937522411346,0.013720001094043255,0.3564494252204895,0.7009670734405518,0.01837531887755102,0.0,0.3745723366737366,1141.1647995480496,14367.04368622449,0.08151307397959184,0.030967868864536285,,,,,,
reference,episode_000034,355,0,0.3574237525463104,0.2993200421333313,0.2688000202178955,0.3094693720340729,0.23774607479572296,0.01288627553731203,0.25394195318222046,0.6684573292732239,0.022979113520408163,0.0,0.4091903269290924,579.2700701169002,8687.555604272959,0.05990911989795918,0.024109352380037308,,,,,,
reference,episode_000034,355,1,0.3997684419155121,0.3499643802642822,0.3092210590839386,0.3576110005378723,0.23941989243030548,0.013720001094043255,0.3564494252204895,0.7009670734405518,0.01833545918367347,0.0,0.37430518865585327,1142.2752899045204,14350.181999362245,0.08091517857142858,0.030960161238908768,,,,,,
reference,episode_000034,356,0,0.35947200655937195,0.30120962858200073,0.2705879509449005,0.3113853335380554,0.23897895216941833,0.01288627553731203,0.25587451457977295,0.6699137687683105,0.021424585459183673,0.0,0.4089144468307495,587.6199117971926,8802.726084183674,0.06020806760204082,0.024156052619218826,,,,,,
reference,episode_000034,356,1,0.39966917037963867,0.34981656074523926,0.30907052755355835,0.35747337341308594,0.2393811196088791,0.013720001094043255,0.3558831512928009,0.7009670734405518,0.017378826530612245,0.0,0.37408727407455444,1140.9054078861159,14364.606226084185,0.07948022959183673,0.030970945954322815,,,,,,
reference,episode_000034,357,0,0.36134088039398193,0.30308523774147034,0.27247634530067444,0.31326040625572205,0.24042198061943054,0.012068236246705055,0.2592502236366272,0.6749364733695984,0.024354272959183673,0.0,0.40921759605407715,599.3810544500545,8912.567881058674,0.06307796556122448,0.024225153028964996,,,,,,
reference,episode_000034,357,1,0.39969393610954285,0.34975722432136536,0.30883437395095825,0.3574191629886627,0.2393386960029602,0.013720001094043255,0.3556266725063324,0.7009670734405518,0.017996651785714284,0.0,0.3757123351097107,1136.9974802725021,14364.636240433674,0.08177216198979592,0.03098335489630699,,,,,,
reference,episode_000034,358,0,0.3632010221481323,0.305027037858963,0.2743847072124481,0.3151824474334717,0.24170508980751038,0.01316941250115633,0.26151490211486816,0.6777569055557251,0.022401147959183673,0.0,0.4090157449245453,605.9273494571906,9042.06724330357,0.06295838647959184,0.024283748120069504,,,,,,
reference,episode_000034,358,1,0.3996054530143738,0.34967103600502014,0.3088776767253876,0.35734179615974426,0.23927633464336395,0.013720001094043255,0.3556266725063324,0.7009670734405518,0.01865433673469388,0.0,0.37533631920814514,1137.1372590356943,14381.014309630102,0.08157286352040816,0.031035861000418663,,,,,,
reference,episode_000034,359,0,0.3656842112541199,0.3074350655078888,0.27664831280708313,0.3175960183143616,0.24297122657299042,0.01316941250115633,0.26434746384620667,0.6816784143447876,0.021942761479591837,0.0,0.40734127163887024,621.0665824902848,9242.278021364797,0.06495137117346939,0.024588650092482567,,,,,,
reference,episode_000034,359,1,0.39943861961364746,0.3495493531227112,0.3087579905986786,0.3572106659412384,0.23921146988868713,0.013720001094043255,0.3558470606803894,0.7009670734405518,0.017996651785714284,0.0,0.37482959032058716,1135.088775723341,14369.636918048469,0.08029735331632654,0.03102000243961811,,,,,,
reference,episode_000034,360,0,0.36824479699134827,0.3098021447658539,0.2789890468120575,0.32000231742858887,0.24432899057865143,0.01288627553731203,0.2675878703594208,0.6880651116371155,0.02317841198979592,0.0,0.4069434702396393,629.7681296430792,9392.526945153062,0.06253985969387756,0.024782616645097733,,,,,,
reference,episode_000034,360,1,0.39930638670921326,0.3494207561016083,0.3086676299571991,0.3570840358734131,0.23914918303489685,0.013720001094043255,0.3549976348876953,0.7003490328788757,0.01895328443877551,0.0,0.3734527826309204,1140.2166554781854,14362.879544005102,0.08161272321428571,0.031013289466500282,,,,,,
reference,episode_000034,361,0,0.3705565333366394,0.3121263384819031,0.2812560796737671,0.32231977581977844,0.24573545157909393,0.01316941250115633,0.27105334401130676,0.6906039118766785,0.021643813775510203,0.0,0.40529289841651917,651.2158144971123,9589.709741709185,0.06441326530612244,0.025460194796323776,,,,,,
reference,episode_000034,361,1,0.39913561940193176,0.3493204414844513,0.308620810508728,0.3569726347923279,0.2390928417444229,0.013720001094043255,0.3550243377685547,0.7001333832740784,0.018176020408163265,0.0,0.37419092655181885,1139.081282876224,14368.02786192602,0.08169244260204081,0.031030694022774696,,,,,,
reference,episode_000034,362,0,0.37289783358573914,0.31429407000541687,0.2835049629211426,0.3245302736759186,0.2472405731678009,0.01316941250115633,0.2735772728919983,0.6931239366531372,0.023317920918367346,0.0,0.4025717079639435,643.6538441430425,9575.58900669643,0.06475207270408163,0.025684699416160583,,,,,,
reference,episode_000034,362,1,0.3991064727306366,0.3493508994579315,0.3085590600967407,0.3569837808609009,0.2390844225883484,0.013720001094043255,0.354543536901474,0.700404703617096,0.018793845663265307,0.0,0.37373876571655273,1139.7353656185712,14390.618343431122,0.08109454719387756,0.031068189069628716,,,,,,
reference,episode_000034,363,0,0.37446606159210205,0.31604689359664917,0.2852552831172943,0.32624363899230957,0.2483760267496109,0.013056275434792042,0.27480432391166687,0.6973878145217896,0.02198262117346939,1.992984693877551e-05,0.40335607528686523,651.2745945778354,9705.400350765307,0.06285873724489796,0.025423206388950348,,,,,,
reference,episode_000034,363,1,0.3989811837673187,0.3491750955581665,0.3084443211555481,0.3568230867385864,0.23898956179618835,0.013720001094043255,0.3545458912849426,0.7001333832740784,0.017617984693877552,0.0,0.37411168217658997,1140.5803986004819,14386.386160714286,0.07912149234693877,0.03108568862080574,,,,,,
reference,episode_000034,364,0,0.37585553526878357,0.317463219165802,0.28688281774520874,0.32766956090927124,0.24970485270023346,0.01316941250115633,0.2723882496356964,0.7009670734405518,0.021922831632653062,0.0,0.400456964969635,679.534695460865,9956.761080994898,0.06568877551020408,0.02540615387260914,,,,,,
reference,episode_000034,364,1,0.3988754153251648,0.34914642572402954,0.3083263337612152,0.3567715585231781,0.23896276950836182,0.013720001094043255,0.3544784486293793,0.7009670734405518,0.017518335459183673,0.0,0.37457144260406494,1143.0811156829363,14395.456433354591,0.07971938775510204,0.031056981533765793,,,,,,
reference,episode_000034,365,0,0.3766939342021942,0.318114310503006,0.28751054406166077,0.3283587098121643,0.2505728006362915,0.01288627553731203,0.27019137144088745,0.7037513852119446,0.021922831632653062,0.0,0.4036616086959839,682.0143874616039,10109.266581632653,0.06393494897959184,0.024638187140226364,,,,,,
reference,episode_000034,365,1,0.39890098571777344,0.349118709564209,0.30833521485328674,0.35675784945487976,0.23897317051887512,0.013720001094043255,0.354543536901474,0.7009670734405518,0.01837531887755102,0.0,0.37478411197662354,1151.8576627264217,14399.611049107143,0.08143335459183673,0.03110053390264511,,,,,,
reference,episode_000034,366,0,0.3776162266731262,0.3187136650085449,0.28804275393486023,0.3290219306945801,0.2517276704311371,0.01316941250115633,0.2682667076587677,0.704888641834259,0.021205357142857144,0.0,0.4043271541595459,690.2599606511992,10372.947704081633,0.06449298469387756,0.02518569305539131,,,,,,
reference,episode_000034,366,1,0.3988722562789917,0.34920209646224976,0.30847620964050293,0.35682156682014465,0.23897992074489594,0.013720001094043255,0.35448628664016724,0.7003490328788757,0.01650191326530612,0.0,0.3739587068557739,1161.1449860676485,14427.062579719388,0.07979910714285714,0.031126216053962708,,,,,,
reference,episode_000034,367,0,0.37848129868507385,0.3191584050655365,0.28861919045448303,0.32956546545028687,0.2526213228702545,0.01288627553731203,0.2664988338947296,0.7100130915641785,0.023377710459183673,0.0,0.40282633900642395,711.4229498628474,10586.100964604591,0.06265943877551021,0.025202829390764236,,,,,,
reference,episode_000034,367,1,0.3987761437892914,0.3491061329841614,0.3084906339645386,0.3567335307598114,0.2389676868915558,0.013720001094043255,0.35454118251800537,0.7001333832740784,0.01775749362244898,0.0,0.3734906315803528,1158.742181704075,14436.116549744898,0.07973931760204081,0.031121673062443733,,,,,,
reference,episode_000034,368,0,0.3787215054035187,0.31932297348976135,0.2886561453342438,0.32973694801330566,0.25351452827453613,0.01316941250115633,0.2628525495529175,0.7116713523864746,0.021863042091836735,0.0,0.40549924969673157,740.7614939656668,10718.609853316326,0.06248007015306122,0.02556910365819931,,,,,,
reference,episode_000034,368,1,0.3988272249698639,0.3491092324256897,0.3082877993583679,0.35673192143440247,0.23893502354621887,0.013720001094043255,0.3544784486293793,0.7001333832740784,0.01793686224489796,0.0,0.37365734577178955,1158.2786932150457,14429.709622130102,0.07955994897959184,0.03110659122467041,,,,,,
reference,episode_000034,369,0,0.3777710795402527,0.3184720277786255,0.28784382343292236,0.3288676142692566,0.2541745603084564,0.01316941250115633,0.25923216342926025,0.7155160903930664,0.02032844387755102,0.0,0.4061242640018463,770.9450513175606,11094.575892857143,0.06321747448979592,0.026936691254377365,,,,,,
reference,episode_000034,369,1,0.3986344635486603,0.3491241931915283,0.30828502774238586,0.356701523065567,0.23888759315013885,0.013720001094043255,0.35452547669410706,0.7009670734405518,0.018355389030612245,0.0,0.3743228018283844,1151.930804651412,14415.045360331633,0.07922114158163265,0.03107926994562149,,,,,,
reference,episode_000034,370,0,0.3768760561943054,0.3174947500228882,0.28689077496528625,0.32790958881378174,0.2550879418849945,0.01288627553731203,0.2556164860725403,0.7166690230369568,0.022042410714285716,1.992984693877551e-05,0.4084137976169586,755.5187193307712,11308.142299107143,0.061224489795918366,0.028491128236055374,,,,,,
reference,episode_000034,370,1,0.398816853761673,0.34914374351501465,0.3083515465259552,0.35675904154777527,0.23886239528656006,0.013720001094043255,0.3541874289512634,0.7009670734405518,0.017956792091836735,0.0,0.3734653890132904,1160.3387874681123,14397.461057079081,0.07906170280612244,0.03104916773736477,,,,,,
reference,episode_000034,371,0,0.3748190402984619,0.315414160490036,0.2846910059452057,0.32582539319992065,0.25519800186157227,0.01316941250115633,0.2508721649646759,0.7205748558044434,0.019471460459183673,0.0,0.41080769896507263,756.935175819826,11309.855229591836,0.06232063137755102,0.027793776243925095,,,,,,
reference,episode_000034,371,1,0.39875948429107666,0.34911271929740906,0.30835914611816406,0.35672521591186523,0.23877231776714325,0.013720001094043255,0.3544784486293793,0.7001333832740784,0.017817283163265307,0.0,0.3742389678955078,1154.2493842397814,14408.213289221938,0.07981903698979592,0.031082460656762123,,,,,,
reference,episode_000034,372,0,0.37239617109298706,0.313102126121521,0.282189279794693,0.323476105928421,0.2553796172142029,0.01288627553731203,0.24603529274463654,0.7239459156990051,0.019989636479591837,0.0,0.4129917025566101,751.6746120742836,11304.71751434949,0.06010841836734694,0.02772151492536068,,,,,,
reference,episode_000034,372,1,0.39886078238487244,0.34917038679122925,0.3083639442920685,0.35678836703300476,0.23881559073925018,0.013720001094043255,0.3545035421848297,0.7001333832740784,0.01739875637755102,0.0,0.3749544322490692,1154.3995544468548,14447.948182397959,0.07866310586734694,0.031134476885199547,,,,,,
reference,episode_000034,373,0,0.3695734739303589,0.31022971868515015,0.2791454792022705,0.3206019401550293,0.2552134096622467,0.012068236246705055,0.2396627515554428,0.7256466746330261,0.019870057397959183,0.0,0.41762876510620117,725.0553507707556,10894.742665816326,0.058494100765306124,0.02741529606282711,,,,,,
reference,episode_000034,373,1,0.39893078804016113,0.34931111335754395,0.3083762526512146,0.3569047749042511,0.23882776498794556,0.013720001094043255,0.35500550270080566,0.7001333832740784,0.01707987882653061,0.0,0.3747338652610779,1163.5465941768744,14457.480747767857,0.07969945790816327,0.03115834668278694,,,,,,
reference,episode_000034,374,0,0.36650407314300537,0.307013601064682,0.2757571041584015,0.31740453839302063,0.25463995337486267,0.01288627553731203,0.2342345118522644,0.7259169220924377,0.02000956632653061,0.0,0.42235898971557617,724.7118215056471,10589.883888711734,0.058713329081632654,0.0262711551040411,,,,,,
reference,episode_000034,374,1,0.39883172512054443,0.34919142723083496,0.3084748685359955,0.3568051755428314,0.23872336745262146,0.013720001094043255,0.35452547669410706,0.6998298168182373,0.01905293367346939,0.0,0.37283188104629517,1157.3284303120204,14444.36997767857,0.08025749362244898,0.031156117096543312,,,,,,
reference,episode_000034,375,0,0.36338701844215393,0.30370885133743286,0.2720945477485657,0.3141138553619385,0.2539110481739044,0.012505882419645786,0.2291286438703537,0.7258965373039246,0.019870057397959183,0.0,0.4265398681163788,695.3340797499784,10032.616629464286,0.059470663265306124,0.02473651058971882,,,,,,
reference,episode_000034,375,1,0.3989134132862091,0.34923362731933594,0.30848270654678345,0.35685327649116516,0.23871412873268127,0.013720001094043255,0.354533314704895,0.7001333832740784,0.01793686224489796,1.992984693877551e-05,0.37336069345474243,1152.6836571985364,14427.487882653062,0.07995854591836735,0.031154965981841087,,,,,,
reference,episode_000034,376,0,0.3607718050479889,0.30073365569114685,0.26911646127700806,0.31121498346328735,0.25335660576820374,0.0117647061124444,0.22513411939144135,0.7244964838027954,0.019591039540816327,0.0,0.43051278591156006,651.9567072104534,9727.083227040815,0.058314732142857144,0.024215972051024437,,,,,,
reference,episode_000034,376,1,0.39867767691612244,0.3493271768093109,0.30854514241218567,0.3568746745586395,0.2387167364358902,0.013720001094043255,0.35534822940826416,0.7001873254776001,0.018514827806122448,0.0,0.3732048273086548,1151.6667615480592,14409.201929209185,0.0790218431122449,0.03112916275858879,,,,,,
reference,episode_000034,377,0,0.3575499653816223,0.2968427836894989,0.2649599313735962,0.307447224855423,0.25263744592666626,0.012068236246705055,0.2203129529953003,0.7233591675758362,0.020487882653061226,0.0,0.4363495707511902,621.8114054202041,9423.044044961734,0.05797592474489796,0.023596709594130516,,,,,,
reference,episode_000034,377,1,0.39881205558776855,0.3493878245353699,0.30855289101600647,0.3569471538066864,0.23871180415153503,0.013720001094043255,0.3552651107311249,0.7001333832740784,0.01903300382653061,0.0,0.3718443810939789,1147.4991379797038,14362.543008609693,0.07954001913265306,0.031028585508465767,,,,,,
reference,episode_000034,378,0,0.35343852639198303,0.2924706041812897,0.2604450583457947,0.30312013626098633,0.25159120559692383,0.011218824423849583,0.21611295640468597,0.7219952940940857,0.022301498724489797,0.0,0.4408237934112549,620.8183302710523,8656.627869897959,0.05721859056122449,0.02179664932191372,,,,,,
reference,episode_000034,378,1,0.399010568857193,0.34948116540908813,0.3086410462856293,0.357062429189682,0.23873448371887207,0.013720001094043255,0.35501334071159363,0.7001333832740784,0.018355389030612245,0.0,0.3728443384170532,1155.5935150136158,14361.639987244898,0.07930086096938775,0.031018201261758804,,,,,,
reference,episode_000034,379,0,0.35030272603034973,0.28936079144477844,0.2570313513278961,0.29998281598091125,0.25090277194976807,0.011218824423849583,0.21387451887130737,0.7233591675758362,0.02198262117346939,0.0,0.44570931792259216,607.5938168819226,8567.260084502552,0.056959502551020405,0.02220652624964714,,,,,,
reference,episode_000034,379,1,0.3990843594074249,0.34957003593444824,0.30883854627609253,0.357155978679657,0.23876126110553741,0.013720001094043255,0.3549976348876953,0.7001333832740784,0.019551179846938774,0.0,0.37207645177841187,1158.7935648596024,14342.263632015307,0.07940051020408163,0.03096053935587406,,,,,,
reference,episode_000034,380,0,0.34802669286727905,0.2871127426624298,0.2547086179256439,0.2977234721183777,0.25061699748039246,0.011218824423849583,0.21109019219875336,0.7233591675758362,0.01992984693877551,0.0,0.44902458786964417,606.6848879444356,8747.188097895409,0.05604272959183673,0.023793142288923264,,,,,,
reference,episode_000034,380,1,0.39903801679611206,0.349620521068573,0.30867817997932434,0.35717061161994934,0.23873844742774963,0.013720001094043255,0.35563135147094727,0.7009670734405518,0.018395248724489797,0.0,0.37373292446136475,1158.0792339520372,14317.182437818878,0.08041693239795919,0.03087826631963253,,,,,,
reference,episode_000034,381,0,0.3460097312927246,0.28526297211647034,0.2529074251651764,0.29584163427352905,0.25051647424697876,0.011218824423849583,0.20942746102809906,0.7219952940940857,0.022161989795918366,0.0,0.4491896331310272,613.5002067324422,8928.342155612245,0.056321747448979595,0.02496214769780636,,,,,,
reference,episode_000034,381,1,0.3991485834121704,0.34956222772598267,0.3088393211364746,0.3571641147136688,0.23873117566108704,0.013720001094043255,0.35504472255706787,0.7001333832740784,0.01779735331632653,1.992984693877551e-05,0.3730628788471222,1150.0158860199851,14265.601124043367,0.0799984056122449,0.030715731903910637,,,,,,
reference,episode_000034,382,0,0.3435397148132324,0.2827860116958618,0.25036096572875977,0.2933611571788788,0.25017520785331726,0.011445490643382072,0.206298828125,0.7206484079360962,0.01975047831632653,0.0,0.4541257619857788,608.3607686641365,8976.443718112245,0.05699936224489796,0.02472170628607273,,,,,,
reference,episode_000034,382,1,0.3990321755409241,0.3495543301105499,0.3086719214916229,0.3571215271949768,0.23870868980884552,0.013720001094043255,0.355327844619751,0.7001333832740784,0.017817283163265307,0.0,0.37329113483428955,1149.1182045255389,14245.943518813776,0.0803970025510204,0.030604545027017593,,,,,,
reference,episode_000034,383,0,0.34081509709358215,0.2800213396549225,0.2474009245634079,0.29059088230133057,0.2497304379940033,0.011749019846320152,0.2026807963848114,0.7205748558044434,0.02188297193877551,0.0,0.45905277132987976,601.6773730956827,9022.890625,0.057696906887755105,0.02439255267381668,,,,,,
reference,episode_000034,383,1,0.3990916907787323,0.34957146644592285,0.3087868094444275,0.35715481638908386,0.2387390434741974,0.013720001094043255,0.3558831512928009,0.7001333832740784,0.016641422193877552,0.0,0.37375426292419434,1145.6410664419789,14209.907605229591,0.08155293367346939,0.03045170195400715,,,,,,
reference,episode_000034,384,0,0.33802682161331177,0.27738314867019653,0.24454587697982788,0.28790515661239624,0.2492033988237381,0.011445490643382072,0.19922903180122375,0.7180737257003784,0.02018893494897959,3.985969387755102e-05,0.4622541069984436,598.7179000771874,8914.137794961734,0.05799585459183673,0.024200718849897385,,,,,,
reference,episode_000034,384,1,0.3991410732269287,0.34958040714263916,0.30884143710136414,0.3571756184101105,0.23887304961681366,0.013720001094043255,0.3550243377685547,0.6998298168182373,0.018833705357142856,0.0,0.372610867023468,1149.0766590377382,14195.955357142857,0.08025749362244898,0.030358783900737762,,,,,,
reference,episode_000034,385,0,0.33531999588012695,0.27534860372543335,0.2421390563249588,0.2857007682323456,0.24858348071575165,0.012047451920807362,0.19597020745277405,0.7166533470153809,0.02018893494897959,0.0,0.4661920964717865,578.7968856369838,8908.926219706633,0.05552455357142857,0.024315260350704193,,,,,,
reference,episode_000034,385,1,0.39913520216941833,0.3495560884475708,0.30874428153038025,0.35714998841285706,0.23886720836162567,0.013720001094043255,0.3558345139026642,0.7009670734405518,0.01943160076530612,0.0,0.37288427352905273,1154.432810562941,14210.730787627552,0.08117426658163265,0.030378535389900208,,,,,,
reference,episode_000034,386,0,0.33284640312194824,0.27349504828453064,0.24034012854099274,0.28371936082839966,0.24786996841430664,0.011749019846320152,0.19324471056461334,0.7161027193069458,0.019232302295918366,3.985969387755102e-05,0.46623125672340393,580.3673671339513,9077.10546875,0.05568399234693878,0.025021521374583244,,,,,,
reference,episode_000034,386,1,0.39907392859458923,0.3496333062648773,0.3087589740753174,0.357193261384964,0.23882147669792175,0.013720001094043255,0.35583922266960144,0.7001333832740784,0.01793686224489796,0.0,0.3732067346572876,1150.9158609653205,14197.292570153062,0.0823501275510204,0.03034179098904133,,,,,,
reference,episode_000034,387,0,0.33034613728523254,0.27183422446250916,0.23810836672782898,0.2818388342857361,0.2471885234117508,0.011749019846320152,0.19178590178489685,0.7141521573066711,0.01873405612244898,0.0,0.4690679907798767,590.4992159597579,9215.859574298469,0.05683992346938776,0.025877781212329865,,,,,,
reference,episode_000034,387,1,0.3990210294723511,0.34974849224090576,0.30878520011901855,0.35726627707481384,0.2388937920331955,0.013720001094043255,0.35564157366752625,0.7009670734405518,0.01823580994897959,0.0,0.3722657561302185,1149.7090571446004,14198.333625637755,0.07991868622448979,0.03030369244515896,,,,,,
reference,episode_000034,388,0,0.32731717824935913,0.2692951560020447,0.23566734790802002,0.2792026996612549,0.24620501697063446,0.011749019846320152,0.18945804238319397,0.7115945816040039,0.01845503826530612,0.0,0.4698467254638672,608.4236168025285,9176.555444834185,0.05546476403061224,0.026432868093252182,,,,,,
reference,episode_000034,388,1,0.3991846442222595,0.3496290445327759,0.3086364269256592,0.3572049140930176,0.23885831236839294,0.013720001094043255,0.3549976348876953,0.7001333832740784,0.017916932397959183,0.0,0.3730185329914093,1142.7998573195187,14205.575294961734,0.08205117984693877,0.030314750969409943,,,,,,
reference,episode_000034,389,0,0.32412564754486084,0.26621267199516296,0.23254434764385223,0.27609413862228394,0.24496939778327942,0.011218824423849583,0.18701648712158203,0.7076729536056519,0.02138472576530612,0.0,0.47443342208862305,580.7981853870391,8626.989795918367,0.05357142857142857,0.025056280195713043,,,,,,
reference,episode_000034,389,1,0.39932146668434143,0.34978896379470825,0.308758020401001,0.3573571741580963,0.23885801434516907,0.013720001094043255,0.355629026889801,0.7009670734405518,0.01805644132653061,0.0,0.37374094128608704,1153.994025926697,14208.88137755102,0.08117426658163265,0.030332326889038086,,,,,,
reference,episode_000034,390,0,0.3215031325817108,0.263769268989563,0.22991791367530823,0.27359941601753235,0.24412481486797333,0.011218824423849583,0.1839631348848343,0.704888641834259,0.021823182397959183,0.0,0.4779590368270874,564.9625313090364,8141.4482621173465,0.05395009566326531,0.02397080510854721,,,,,,
reference,episode_000034,390,1,0.3992895483970642,0.34973758459091187,0.3088812828063965,0.35732248425483704,0.238884836435318,0.013720001094043255,0.3556266725063324,0.7001333832740784,0.018694196428571428,0.0,0.3723069429397583,1157.803396940728,14209.271285076531,0.08157286352040816,0.030383016914129257,,,,,,
reference,episode_000034,391,0,0.31933534145355225,0.26202648878097534,0.22797292470932007,0.27175164222717285,0.24342703819274902,0.011218824423849583,0.1811380386352539,0.7037513852119446,0.021823182397959183,0.0,0.48100873827934265,533.3345799555336,7730.57350127551,0.05199697066326531,0.0233136173337698,,,,,,
reference,episode_000034,391,1,0.3994717597961426,0.34978023171424866,0.3088247776031494,0.3573876917362213,0.23890173435211182,0.013720001094043255,0.3558831512928009,0.7001873254776001,0.017777423469387755,0.0,0.3739803731441498,1156.2427225998667,14212.482740752552,0.08193160076530612,0.030405893921852112,,,,,,
reference,episode_000034,392,0,0.3176274299621582,0.260677695274353,0.22663474082946777,0.27032729983329773,0.2429254949092865,0.011218824423849583,0.17945019900798798,0.7023874521255493,0.019810267857142856,0.0,0.48287802934646606,524.3937489971524,7691.199298469388,0.05309311224489796,0.023605933412909508,,,,,,
reference,episode_000034,392,1,0.39956554770469666,0.3497945964336395,0.30906757712364197,0.3574353754520416,0.23889164626598358,0.013720001094043255,0.3558831512928009,0.7001333832740784,0.018993144132653062,0.0,0.3732578754425049,1159.7441985953703,14225.945591517857,0.07946029974489796,0.03048183210194111,,,,,,
reference,episode_000034,393,0,0.3160232901573181,0.25935038924217224,0.22528284788131714,0.26893940567970276,0.24252083897590637,0.011218824423849583,0.17749649286270142,0.7009670734405518,0.021643813775510203,0.0,0.48320889472961426,516.2935258705683,7634.931800063776,0.05287388392857143,0.023708857595920563,,,,,,
reference,episode_000034,393,1,0.3994865417480469,0.3499199151992798,0.3088320791721344,0.3574911952018738,0.23894549906253815,0.013720001094043255,0.3558831512928009,0.7001333832740784,0.018176020408163265,0.0,0.3740042448043823,1152.624798462918,14213.165896045919,0.08145328443877552,0.03046558052301407,,,,,,
reference,episode_000034,394,0,0.31438130140304565,0.25806668400764465,0.22390246391296387,0.2675725221633911,0.24202686548233032,0.011218824423849583,0.17522981762886047,0.6992635130882263,0.020388233418367346,0.0,0.4846463203430176,508.34989396595347,7573.678411989796,0.052634725765306124,0.023733416572213173,,,,,,
reference,episode_000034,394,1,0.3994795083999634,0.3498395085334778,0.30874744057655334,0.35742610692977905,0.23891355097293854,0.013720001094043255,0.3556266725063324,0.7009670734405518,0.018435108418367346,0.0,0.3749171197414398,1162.1151643520295,14189.479711415815,0.08294802295918367,0.03046566992998123,,,,,,
reference,episode_000034,395,0,0.3130536675453186,0.2569850981235504,0.22280731797218323,0.2664376199245453,0.24161754548549652,0.011198431253433228,0.17340511083602905,0.6964792013168335,0.021942761479591837,0.0,0.4855261743068695,503.39610285919827,7533.192044005102,0.051279496173469385,0.02368675172328949,,,,,,
reference,episode_000034,395,1,0.3996354043483734,0.34992101788520813,0.30890318751335144,0.35752880573272705,0.23894640803337097,0.013720001094043255,0.355629026889801,0.7004007697105408,0.01793686224489796,0.0,0.374172180891037,1159.9981450303703,14200.684191645409,0.08117426658163265,0.030502159148454666,,,,,,
reference,episode_000034,396,0,0.3121120035648346,0.25593698024749756,0.2215554118156433,0.26539742946624756,0.24129806458950043,0.011218824423849583,0.17217804491519928,0.6931856870651245,0.023477359693877552,0.0,0.48939645290374756,515.3614184305302,7545.189931441327,0.051279496173469385,0.023775260895490646,,,,,,
reference,episode_000034,396,1,0.3998135030269623,0.3499651849269867,0.30906662344932556,0.3576100468635559,0.23892588913440704,0.013720001094043255,0.3564494252204895,0.7001333832740784,0.018574617346938774,0.0,0.37440168857574463,1145.6968108466742,14177.431242028062,0.08416374362244898,0.030451901257038116,,,,,,
reference,episode_000034,397,0,0.31119221448898315,0.2550961971282959,0.22091470658779144,0.26455429196357727,0.24103759229183197,0.011218824423849583,0.17053569853305817,0.6931239366531372,0.023098692602040817,0.0,0.4882271885871887,520.4806224242293,7571.476163903061,0.052455357142857144,0.023844750598073006,,,,,,
reference,episode_000034,397,1,0.39986059069633484,0.3500361144542694,0.3089570701122284,0.3576628565788269,0.23897157609462738,0.013720001094043255,0.3558831512928009,0.7009364366531372,0.01797672193877551,0.0,0.3737460970878601,1148.4178119704702,14193.70774872449,0.08071588010204081,0.030461499467492104,,,,,,
reference,episode_000034,398,0,0.31021496653556824,0.2543708384037018,0.2199515849351883,0.26375824213027954,0.2406756430864334,0.011218824423849583,0.16992393136024475,0.6919866800308228,0.020368303571428572,0.0,0.49124830961227417,525.6386816365577,7632.933354591837,0.05229591836734694,0.023938508704304695,,,,,,
reference,episode_000034,398,1,0.39978522062301636,0.3501361012458801,0.3090460002422333,0.3577248454093933,0.2389792948961258,0.013720001094043255,0.3564494252204895,0.7009670734405518,0.018016581632653062,0.0,0.3734224736690521,1138.1347928025334,14166.986527423469,0.07969945790816327,0.030421141535043716,,,,,,
reference,episode_000034,399,0,0.30944645404815674,0.2537633180618286,0.21933329105377197,0.26311567425727844,0.24038201570510864,0.011218824423849583,0.16851922869682312,0.6919866800308228,0.02100605867346939,0.0,0.48999491333961487,525.8720153465415,7659.82350127551,0.05237563775510204,0.023968081921339035,,,,,,
reference,episode_000034,399,1,0.3997158110141754,0.3500755727291107,0.309129923582077,0.3576728403568268,0.23894241452217102,0.013720001094043255,0.35590195655822754,0.7001333832740784,0.016741071428571428,0.0,0.373620867729187,1147.224203431472,14163.046117665815,0.08215082908163265,0.030455006286501884,,,,,,
reference,episode_000034,400,0,0.30872631072998047,0.2532684803009033,0.21880879998207092,0.2625708281993866,0.24015995860099792,0.011198431253433228,0.16795295476913452,0.6919866800308228,0.020946269132653062,0.0,0.49079298973083496,528.1438618393453,7710.42115752551,0.05179767219387755,0.024101952090859413,,,,,,
reference,episode_000034,400,1,0.39987578988075256,0.35008248686790466,0.30923745036125183,0.3577195405960083,0.23897497355937958,0.013720001094043255,0.3564494252204895,0.6998298168182373,0.0186344068877551,0.0,0.3724096715450287,1151.2074201008718,14182.413903061224,0.08324697066326531,0.030477549880743027,,,,,,
reference,episode_000034,401,0,0.3082433342933655,0.25278329849243164,0.21802392601966858,0.26206448674201965,0.2399149239063263,0.011218824423849583,0.16739138960838318,0.6892023682594299,0.02268016581632653,0.0,0.49296683073043823,529.5027878636969,7738.0555644132655,0.05235570790816327,0.024174561724066734,,,,,,
reference,episode_000034,401,1,0.3998569846153259,0.3501201868057251,0.30912458896636963,0.3577343821525574,0.23894071578979492,0.013720001094043255,0.3564494252204895,0.6998298168182373,0.01779735331632653,0.0,0.3747943043708801,1140.7518621172221,14175.331712372448,0.08119419642857142,0.030438436195254326,,,,,,
reference,episode_000034,402,0,0.30772262811660767,0.2522830069065094,0.2175561785697937,0.2615622282028198,0.2397690713405609,0.011218824423849583,0.1665215790271759,0.6892023682594299,0.0223812181122449,0.0,0.4949788451194763,532.6685552247511,7718.815927933673,0.05229591836734694,0.024191660806536674,,,,,,
reference,episode_000034,402,1,0.39996975660324097,0.35018402338027954,0.30923599004745483,0.3578120768070221,0.2390458583831787,0.013720001094043255,0.35641413927078247,0.7004165053367615,0.0204280931122449,0.0,0.37281176447868347,1153.1723346305062,14171.810507015307,0.08125398596938775,0.03044281341135502,,,,,,
reference,episode_000034,403,0,0.30739328265190125,0.2519091069698334,0.21713513135910034,0.2611943781375885,0.2397046536207199,0.011218824423849583,0.16573961079120636,0.6892023682594299,0.021524234693877552,0.0,0.49382856488227844,529.6669297315636,7707.358816964285,0.05229591836734694,0.02415061928331852,,,,,,
reference,episode_000034,403,1,0.400070458650589,0.35024121403694153,0.3091965913772583,0.35787147283554077,0.2390448898077011,0.013720001094043255,0.3570156991481781,0.6998298168182373,0.019870057397959183,0.0,0.3745424747467041,1156.25155831416,14154.820711096938,0.08219068877551021,0.030390771105885506,,,,,,
reference,episode_000034,404,0,0.3071872591972351,0.25146016478538513,0.21685518324375153,0.2608092725276947,0.239618718624115,0.011218824423849583,0.16492629051208496,0.6889553070068359,0.021942761479591837,0.0,0.4941478669643402,533.0856128420148,7676.73170440051,0.050880899234693876,0.024116382002830505,,,,,,
reference,episode_000034,404,1,0.4002131223678589,0.3502484858036041,0.3092973232269287,0.3579142689704895,0.23907499015331268,0.013720001094043255,0.35670748353004456,0.7003490328788757,0.01877391581632653,0.0,0.37471699714660645,1156.0426179309131,14176.487842793367,0.08320711096938775,0.030436912551522255,,,,,,
reference,episode_000034,405,0,0.30683884024620056,0.2511928379535675,0.2165692150592804,0.26052334904670715,0.23953451216220856,0.011218824423849583,0.1643553078174591,0.6883686184883118,0.021205357142857144,0.0,0.4958311915397644,530.8050391178537,7682.876434948979,0.05157844387755102,0.02415645495057106,,,,,,
reference,episode_000034,405,1,0.4001508057117462,0.3503793179988861,0.3092579245567322,0.3579917550086975,0.23908501863479614,0.013720001094043255,0.3564494252204895,0.7009670734405518,0.018395248724489797,0.0,0.3739936947822571,1164.5055848625689,14198.441964285714,0.08408402423469388,0.03046899102628231,,,,,,
reference,episode_000034,406,0,0.30639442801475525,0.25098204612731934,0.21618320047855377,0.2602502405643463,0.23936837911605835,0.011218824423849583,0.16403137147426605,0.6880651116371155,0.02210220025510204,0.0,0.4956772029399872,532.1385364572191,7682.404655612245,0.052076690051020405,0.024175802245736122,,,,,,
reference,episode_000034,406,1,0.400117963552475,0.3503890037536621,0.30951470136642456,0.3580102324485779,0.23909908533096313,0.013720001094043255,0.3567168712615967,0.7009670734405518,0.017299107142857144,0.0,0.37350133061408997,1164.478778780326,14187.851363201531,0.08374521683673469,0.030417561531066895,,,,,,
reference,episode_000034,407,0,0.30592548847198486,0.2507801949977875,0.21590104699134827,0.2599857747554779,0.2391846626996994,0.011218824423849583,0.16387882828712463,0.6874988675117493,0.019870057397959183,0.0,0.4968961179256439,537.3213741103096,7712.763073979592,0.05195711096938776,0.02433587796986103,,,,,,
reference,episode_000034,407,1,0.4003102481365204,0.3505205810070038,0.3095036447048187,0.35814449191093445,0.23910671472549438,0.013720001094043255,0.3567168712615967,0.7009670734405518,0.019511320153061226,0.0,0.37357866764068604,1164.678681536845,14206.04225127551,0.08242984693877552,0.030407162383198738,,,,,,
reference,episode_000034,408,0,0.305747389793396,0.2504556477069855,0.2155340313911438,0.2596893310546875,0.23915502429008484,0.011218824423849583,0.16297569870948792,0.6867011785507202,0.021065848214285716,0.0,0.49660569429397583,539.6641736517147,7703.043447066327,0.05177774234693878,0.024318696931004524,,,,,,
reference,episode_000034,408,1,0.40029123425483704,0.3506542146205902,0.3095512092113495,0.35823938250541687,0.23910237848758698,0.013720001094043255,0.3567168712615967,0.7001333832740784,0.01709980867346939,0.0,0.3742525279521942,1162.287696472559,14190.034199617347,0.08520009566326531,0.030377546325325966,,,,,,
reference,episode_000034,409,0,0.30560538172721863,0.250230997800827,0.21542969346046448,0.2594909071922302,0.2390812486410141,0.011218824423849583,0.16269256174564362,0.6860706806182861,0.02184311224489796,0.0,0.4969519078731537,533.2101372794676,7654.805125956633,0.051259566326530615,0.02422994188964367,,,,,,
reference,episode_000034,409,1,0.40038639307022095,0.3507576286792755,0.3096853792667389,0.35834336280822754,0.23913361132144928,0.013720001094043255,0.3570156991481781,0.7004007697105408,0.019371811224489797,0.0,0.37459680438041687,1173.2376434500145,14183.396404655612,0.0830078125,0.030394939705729485,,,,,,
reference,episode_000034,410,0,0.30549222230911255,0.250124454498291,0.215384379029274,0.25938737392425537,0.2391078770160675,0.011218824423849583,0.16236864030361176,0.6852807998657227,0.022839604591836735,0.0,0.49581924080848694,529.8354763156522,7633.116071428572,0.05201690051020408,0.02419067919254303,,,,,,
reference,episode_000034,410,1,0.4005934000015259,0.3508601188659668,0.30970850586891174,0.35846227407455444,0.23915894329547882,0.013720001094043255,0.35714471340179443,0.7009670734405518,0.018315529336734693,0.0,0.37427860498428345,1171.7096276460018,14191.832190688776,0.08199139030612244,0.03039529360830784,,,,,,
reference,episode_000034,411,0,0.30549728870391846,0.2501077950000763,0.21550050377845764,0.25938495993614197,0.2390623539686203,0.011218824423849583,0.16260001063346863,0.6852807998657227,0.022082270408163265,0.0,0.4969255030155182,534.4046289061864,7653.269371811224,0.05135921556122449,0.02423625811934471,,,,,,
reference,episode_000034,411,1,0.4006633460521698,0.3507850170135498,0.3097570538520813,0.35842692852020264,0.23918363451957703,0.013720001094043255,0.35725176334381104,0.7009670734405518,0.017717633928571428,0.0,0.37411803007125854,1169.664740492532,14188.757653061224,0.0843032525510204,0.03036978468298912,,,,,,
reference,episode_000034,412,0,0.30540311336517334,0.25001785159111023,0.21527861058712006,0.2592845857143402,0.23894843459129333,0.011218824423849583,0.16260001063346863,0.6856000423431396,0.022022480867346938,0.0,0.49749845266342163,537.2021940323474,7679.97193877551,0.049904336734693876,0.024297764524817467,,,,,,
reference,episode_000034,412,1,0.40069785714149475,0.3509058654308319,0.30979806184768677,0.3585236668586731,0.2392040640115738,0.013720001094043255,0.35788077116012573,0.7009670734405518,0.01895328443877551,0.0,0.3729802668094635,1161.933119500989,14176.27272002551,0.08149314413265306,0.030325761064887047,,,,,,
reference,episode_000034,413,0,0.305210143327713,0.25000080466270447,0.2152007818222046,0.2592257261276245,0.2389102280139923,0.011218824423849583,0.1625121533870697,0.6855435371398926,0.021544164540816327,0.0,0.49712011218070984,546.3501277285682,7689.130859375,0.05137914540816327,0.024295836687088013,,,,,,
reference,episode_000034,413,1,0.4007553458213806,0.3509109914302826,0.3098777234554291,0.35854530334472656,0.239201620221138,0.013720001094043255,0.35792234539985657,0.7009670734405518,0.01988998724489796,0.0,0.37369295954704285,1167.9595496615784,14187.263711734693,0.08426339285714286,0.03036031685769558,,,,,,
reference,episode_000034,414,0,0.3051896095275879,0.24994178116321564,0.21500274538993835,0.25916486978530884,0.23887090384960175,0.011198431253433228,0.16265177726745605,0.6867011785507202,0.02098612882653061,0.0,0.49907395243644714,543.2029575215237,7680.903180803572,0.051080197704081634,0.02427620068192482,,,,,,
reference,episode_000034,414,1,0.4007726013660431,0.3510357141494751,0.309893935918808,0.35863935947418213,0.239195317029953,0.013720001094043255,0.3580917716026306,0.7009670734405518,0.01873405612244898,0.0,0.37416428327560425,1165.8218712844434,14186.894331951531,0.08302774234693877,0.030331993475556374,,,,,,
reference,episode_000034,415,0,0.3051650822162628,0.2500777840614319,0.21536006033420563,0.2592827081680298,0.23892223834991455,0.011218824423849583,0.16265177726745605,0.6852807998657227,0.021025988520408163,0.0,0.49409183859825134,538.0482303932378,7672.797991071428,0.051638233418367346,0.02422521449625492,,,,,,
reference,episode_000034,415,1,0.4008672535419464,0.35104259848594666,0.31007274985313416,0.35867729783058167,0.23916955292224884,0.013720001094043255,0.35839998722076416,0.7009670734405518,0.01725924744897959,0.0,0.37421268224716187,1166.9935591414487,14192.288942920919,0.08252949617346939,0.030348680913448334,,,,,,
reference,episode_000034,416,0,0.30541539192199707,0.2500062584877014,0.21510596573352814,0.2592664659023285,0.23889970779418945,0.011218824423849583,0.162887841463089,0.6867011785507202,0.02174346301020408,0.0,0.4971905052661896,530.4097430552109,7649.337930484694,0.05173788265306122,0.024117955937981606,,,,,,
reference,episode_000034,416,1,0.4010040760040283,0.3511291444301605,0.31010836362838745,0.35877087712287903,0.23920831084251404,0.013720001094043255,0.35846272110939026,0.7009670734405518,0.017996651785714284,0.0,0.3740159571170807,1165.7809298768334,14203.625199298469,0.0830875318877551,0.030363818630576134,,,,,,
reference,episode_000034,417,0,0.3052225112915039,0.25005269050598145,0.215254008769989,0.2592692971229553,0.23889844119548798,0.011218824423849583,0.162887841463089,0.6852807998657227,0.0205078125,0.0,0.49694037437438965,528.9566246133603,7662.170599489796,0.05181760204081633,0.024117818102240562,,,,,,
reference,episode_000034,417,1,0.40083467960357666,0.35117846727371216,0.3100529611110687,0.3587660789489746,0.2391810119152069,0.013720001094043255,0.35788077116012573,0.7009670734405518,0.017418686224489797,0.0,0.374264657497406,1168.6267439914911,14218.580516581633,0.08340640943877552,0.030385935679078102,,,,,,
reference,episode_000034,418,0,0.305210143327713,0.2500554025173187,0.21530206501483917,0.25927212834358215,0.23881982266902924,0.011218824423849583,0.16354745626449585,0.6867011785507202,0.022580516581632654,0.0,0.4965413510799408,534.788283274999,7688.3642378826535,0.052076690051020405,0.024196643382310867,,,,,,
reference,episode_000034,418,1,0.4008558690547943,0.35118958353996277,0.30993616580963135,0.35877013206481934,0.23915845155715942,0.013720001094043255,0.35815295577049255,0.7009670734405518,0.01735889668367347,0.0,0.37502261996269226,1167.5370566107144,14209.48549107143,0.08286830357142858,0.030367936939001083,,,,,,
reference,episode_000034,419,0,0.30527499318122864,0.2500133812427521,0.2153273969888687,0.2592576742172241,0.23878756165504456,0.011218824423849583,0.16301608085632324,0.6867011785507202,0.02264030612244898,0.0,0.495937705039978,536.7094932406806,7694.384167729592,0.05141900510204082,0.024200519546866417,,,,,,
reference,episode_000034,419,1,0.4009343683719635,0.3511737585067749,0.31002676486968994,0.3587820529937744,0.23920273780822754,0.013720001094043255,0.3581607937812805,0.7009670734405518,0.01819595025510204,0.0,0.3732898533344269,1170.5605234271632,14222.614277742347,0.08422353316326531,0.030408695340156555,,,,,,
reference,episode_000034,420,0,0.30498310923576355,0.250053733587265,0.21519795060157776,0.2592151165008545,0.23877103626728058,0.011218824423849583,0.16297569870948792,0.685954749584198,0.020567602040816327,1.992984693877551e-05,0.4973861575126648,537.1914628710861,7697.849051339285,0.05121970663265306,0.024209337309002876,,,,,,
reference,episode_000034,420,1,0.4008888602256775,0.3510757088661194,0.3101111948490143,0.35870832204818726,0.23916837573051453,0.013720001094043255,0.3578988313674927,0.7009670734405518,0.018176020408163265,0.0,0.37331095337867737,1181.2461078962351,14215.883609693878,0.08358577806122448,0.030422989279031754,,,,,,
reference,episode_000034,421,0,0.30511605739593506,0.2499629408121109,0.21515285968780518,0.25917521119117737,0.23874202370643616,0.011218824423849583,0.1628941297531128,0.68534255027771,0.02122528698979592,0.0,0.4984085261821747,537.8447095671578,7691.01100127551,0.05169802295918367,0.024186426773667336,,,,,,
reference,episode_000034,421,1,0.4008253514766693,0.3511090576648712,0.3100770115852356,0.35871621966362,0.23914505541324615,0.013720001094043255,0.3581216037273407,0.7009670734405518,0.017418686224489797,0.0,0.3734253942966461,1171.896083018324,14207.377072704081,0.08324697066326531,0.030405864119529724,,,,,,
reference,episode_000034,422,0,0.30517396330833435,0.2499849945306778,0.21521727740764618,0.25920793414115906,0.23880797624588013,0.011218824423849583,0.1629035472869873,0.6867011785507202,0.021603954081632654,0.0,0.4968075156211853,538.017462984615,7691.848134566327,0.05112005739795918,0.024171508848667145,,,,,,
reference,episode_000034,422,1,0.40089598298072815,0.3510846495628357,0.31009653210639954,0.3587152063846588,0.23914127051830292,0.013720001094043255,0.3575819730758667,0.7009670734405518,0.018674266581632654,0.0,0.37287700176239014,1171.920218820425,14211.08932557398,0.08428332270408163,0.030378416180610657,,,,,,
reference,episode_000034,423,0,0.30502215027809143,0.24991631507873535,0.2152092158794403,0.2591259479522705,0.23878413438796997,0.011218824423849583,0.16272039711475372,0.6852807998657227,0.022401147959183673,0.0,0.49664297699928284,537.932454183468,7687.88404815051,0.05036272321428571,0.024152860045433044,,,,,,
reference,episode_000034,423,1,0.40097126364707947,0.35123535990715027,0.31006062030792236,0.3588363528251648,0.23920126259326935,0.013720001094043255,0.35788077116012573,0.7009670734405518,0.01823580994897959,0.0,0.3741926848888397,1170.02468087841,14225.00318877551,0.08354591836734694,0.030384857207536697,,,,,,
reference,episode_000034,424,0,0.30486276745796204,0.24987849593162537,0.21511965990066528,0.25905853509902954,0.23876799643039703,0.011218824423849583,0.16266745328903198,0.6870047450065613,0.021603954081632654,0.0,0.4962178170681,541.1840136554628,7704.614038584184,0.050283003826530615,0.02420317940413952,,,,,,
reference,episode_000034,424,1,0.40097150206565857,0.3512256145477295,0.3101312518119812,0.35883450508117676,0.23917080461978912,0.013720001094043255,0.3581216037273407,0.7009670734405518,0.019591039540816327,0.0,0.3726195991039276,1163.4430466476751,14203.070073341836,0.08404416454081633,0.03031845949590206,,,,,,
reference,episode_000034,425,0,0.30493152141571045,0.2497740387916565,0.21515412628650665,0.2590009868144989,0.23874233663082123,0.011218824423849583,0.16269256174564362,0.6874988675117493,0.019989636479591837,0.0,0.4958965480327606,542.6460026761285,7721.386918048469,0.05117984693877551,0.024244127795100212,,,,,,
reference,episode_000034,425,1,0.4010588228702545,0.3512406349182129,0.3100396692752838,0.3588572144508362,0.23919570446014404,0.013720001094043255,0.35844704508781433,0.7009670734405518,0.017518335459183673,0.0,0.3743917644023895,1166.8548256752144,14208.057278380102,0.08336654974489796,0.03035200759768486,,,,,,
reference,episode_000034,426,0,0.30485662817955017,0.24980539083480835,0.215262770652771,0.2590153217315674,0.23866406083106995,0.011218824423849583,0.16269256174564362,0.6874988675117493,0.021045918367346938,0.0,0.4953083395957947,544.6726503030602,7713.414461096939,0.05155851403061224,0.02422945573925972,,,,,,
reference,episode_000034,426,1,0.4009699523448944,0.35120585560798645,0.3103006184101105,0.35883232951164246,0.23915690183639526,0.013720001094043255,0.3581121563911438,0.7009670734405518,0.01877391581632653,0.0,0.37148165702819824,1167.1037050820748,14214.738759566326,0.08478156887755102,0.030355367809534073,,,,,,
reference,episode_000034,427,0,0.30494755506515503,0.24960672855377197,0.21499811112880707,0.25887346267700195,0.23867040872573853,0.011198431253433228,0.16289883852005005,0.6880651116371155,0.022421077806122448,0.0,0.4973830282688141,544.8669113288666,7730.897082270408,0.052036830357142856,0.02425176464021206,,,,,,
reference,episode_000034,427,1,0.4009736478328705,0.35123300552368164,0.3102421760559082,0.35884833335876465,0.2391538918018341,0.013720001094043255,0.35839998722076416,0.7009670734405518,0.017617984693877552,0.0,0.372885525226593,1173.9155226599817,14230.448979591836,0.08478156887755102,0.030398311093449593,,,,,,
reference,episode_000034,428,0,0.30478060245513916,0.2496066391468048,0.21499653160572052,0.2588377892971039,0.23865003883838654,0.011218824423849583,0.16276980936527252,0.6867011785507202,0.022401147959183673,0.0,0.4958913326263428,542.66917974082,7725.286830357143,0.05219626913265306,0.024203995242714882,,,,,,
reference,episode_000034,428,1,0.40110981464385986,0.35127323865890503,0.3102032542228699,0.3589032292366028,0.23915687203407288,0.013720001094043255,0.35815295577049255,0.7009670734405518,0.019371811224489797,0.0,0.3727435767650604,1167.5526273374705,14232.191246811224,0.0848812181122449,0.03037412092089653,,,,,,
reference,episode_000034,429,0,0.304686576128006,0.24966982007026672,0.21493442356586456,0.25885847210884094,0.2386818826198578,0.011218824423849583,0.16346509754657745,0.6880651116371155,0.021285076530612245,0.0,0.49642863869667053,542.594448699697,7707.530652104592,0.05199697066326531,0.02416456677019596,,,,,,
reference,episode_000034,429,1,0.40128588676452637,0.35140761733055115,0.3102918863296509,0.3590431213378906,0.23921842873096466,0.013720001094043255,0.3581639230251312,0.7009670734405518,0.018116230867346938,0.0,0.3721056580543518,1170.5036401677162,14228.587412308674,0.08288823341836735,0.03034912422299385,,,,,,
reference,episode_000034,430,0,0.30469319224357605,0.24955178797245026,0.21504764258861542,0.2587836682796478,0.23868989944458008,0.011218824423849583,0.1631709784269333,0.6880651116371155,0.02285953443877551,0.0,0.4963705837726593,548.1154526146885,7724.891820790816,0.05084103954081633,0.024187549948692322,,,,,,
reference,episode_000034,430,1,0.40117233991622925,0.3515109121799469,0.3103621006011963,0.35909801721572876,0.23920345306396484,0.013720001094043255,0.35839998722076416,0.7009670734405518,0.01903300382653061,0.0,0.37259283661842346,1163.1591463224036,14244.10104432398,0.08278858418367346,0.03035556524991989,,,,,,
reference,episode_000034,431,0,0.30464836955070496,0.249475359916687,0.21481859683990479,0.2587029039859772,0.23859575390815735,0.011218824423849583,0.16265177726745605,0.6880651116371155,0.021863042091836735,0.0,0.49677109718322754,542.311570286304,7711.373046875,0.05038265306122449,0.02415449731051922,,,,,,
reference,episode_000034,431,1,0.40125951170921326,0.351456880569458,0.31040334701538086,0.35908085107803345,0.23913510143756866,0.013720001094043255,0.3581686317920685,0.7009670734405518,0.017737563775510203,0.0,0.37314286828041077,1164.8884508656442,14227.625797193878,0.08440290178571429,0.030333513393998146,,,,,,
reference,episode_000034,432,0,0.3047201633453369,0.2493622601032257,0.21487832069396973,0.2586416006088257,0.23861347138881683,0.011218824423849583,0.16269256174564362,0.6880651116371155,0.021863042091836735,0.0,0.4969444274902344,542.8500684728626,7719.071149553572,0.05137914540816327,0.024150043725967407,,,,,,
reference,episode_000034,432,1,0.4012410640716553,0.35148265957832336,0.31043678522109985,0.35909777879714966,0.23913633823394775,0.013720001094043255,0.35839998722076416,0.7009670734405518,0.01903300382653061,0.0,0.37292611598968506,1158.7453860144276,14202.625,0.08388472576530612,0.030278271064162254,,,,,,
reference,episode_000034,433,0,0.3046462833881378,0.24939703941345215,0.21494661271572113,0.25865569710731506,0.23854151368141174,0.011218824423849583,0.16297569870948792,0.6880651116371155,0.022341358418367346,0.0,0.4947488307952881,545.5926531462409,7728.964923469388,0.051438934948979595,0.02418285794556141,,,,,,
reference,episode_000034,433,1,0.4013204276561737,0.35141414403915405,0.3104325532913208,0.35906535387039185,0.23913635313510895,0.013720001094043255,0.35788077116012573,0.7013001441955566,0.018275669642857144,0.0,0.37260085344314575,1152.6296680228802,14183.027702487245,0.08400430484693877,0.030239734798669815,,,,,,
reference,episode_000034,434,0,0.30452388525009155,0.2493416965007782,0.21480153501033783,0.2585796117782593,0.23855243623256683,0.011218824423849583,0.1628941297531128,0.6880651116371155,0.022839604591836735,0.0,0.49791809916496277,544.5328454677388,7713.110491071428,0.050900829081632654,0.02412230335175991,,,,,,
reference,episode_000034,434,1,0.40120479464530945,0.3515892028808594,0.3104999363422394,0.3591707944869995,0.2390848845243454,0.013720001094043255,0.35844704508781433,0.7009670734405518,0.01797672193877551,0.0,0.37160083651542664,1161.2428869766177,14189.690848214286,0.08276865433673469,0.030230749398469925,,,,,,
reference,episode_000034,435,0,0.3045208156108856,0.24938422441482544,0.21475060284137726,0.2586057186126709,0.23849408328533173,0.011218824423849583,0.1628941297531128,0.6880651116371155,0.020846619897959183,0.0,0.4964400827884674,544.2282380291146,7716.963169642857,0.05072146045918367,0.02416982688009739,,,,,,
reference,episode_000034,435,1,0.40114501118659973,0.35137760639190674,0.3102494478225708,0.3589886724948883,0.23906786739826202,0.013720001094043255,0.35781097412109375,0.7009670734405518,0.019112723214285716,0.0,0.3730206787586212,1157.956094547194,14211.192044005102,0.08286830357142858,0.03029443323612213,,,,,,
reference,episode_000034,436,0,0.30456456542015076,0.24930723011493683,0.21492864191532135,0.2585727870464325,0.23849454522132874,0.011218824423849583,0.16265177726745605,0.6880651116371155,0.019511320153061226,0.0,0.49598830938339233,542.5755474908012,7710.480030293367,0.05016342474489796,0.024149756878614426,,,,,,
reference,episode_000034,436,1,0.40124139189720154,0.35134515166282654,0.3104037940502167,0.358997106552124,0.2390255630016327,0.013720001094043255,0.3581607937812805,0.7009670734405518,0.01735889668367347,0.0,0.37282368540763855,1162.0747741129635,14189.731505102041,0.08320711096938775,0.030286410823464394,,,,,,
reference,episode_000035,0,0,0.3765868842601776,0.3289892375469208,0.3000873327255249,0.3370217978954315,0.25150570273399353,0.011218824423849583,0.2802603840827942,0.704338014125824,0.026327327806122448,0.0,0.3622708320617676,945.8588865753612,11202.559789540815,0.06670519770408163,0.027203897014260292,,,,,,
reference,episode_000035,0,1,0.39594635367393494,0.3460662364959717,0.30595991015434265,0.3537750542163849,0.23514780402183533,0.013720001094043255,0.35257020592689514,0.6939373016357422,0.018614477040816327,0.0,0.3698161840438843,1079.9687684359824,13852.10825892857,0.0768295599489796,0.02998177707195282,,,,,,
reference,episode_000035,1,0,0.3765419125556946,0.32905125617980957,0.30018600821495056,0.337063729763031,0.25148144364356995,0.011218824423849583,0.2805066704750061,0.704338014125824,0.028380102040816327,0.0,0.3610135614871979,946.385611794681,11214.961933992347,0.06694435586734694,0.02722613885998726,,,,,,
reference,episode_000035,1,1,0.3958573639392853,0.34605929255485535,0.30599865317344666,0.3537540137767792,0.2351575642824173,0.013735687360167503,0.3530988097190857,0.6944721937179565,0.017617984693877552,0.0,0.3691667914390564,1084.2912969525682,13866.722536670919,0.07858338647959184,0.03002839721739292,,,,,,
reference,episode_000035,2,0,0.37642353773117065,0.3290090262889862,0.3000960350036621,0.33700183033943176,0.25147923827171326,0.011218824423849583,0.28041213750839233,0.704338014125824,0.0254703443877551,0.0,0.36231380701065063,943.8631871917356,11191.014987244898,0.06678491709183673,0.02718340791761875,,,,,,
reference,episode_000035,2,1,0.3959540128707886,0.34605029225349426,0.30604618787765503,0.35377150774002075,0.23513071238994598,0.013720001094043255,0.3525490164756775,0.6939373016357422,0.0174984056122449,0.0,0.36888837814331055,1083.460483180836,13857.997289540815,0.07734773596938775,0.029998723417520523,,,,,,
reference,episode_000035,3,0,0.37635552883148193,0.32891055941581726,0.29998093843460083,0.33690863847732544,0.25146815180778503,0.011218824423849583,0.28005725145339966,0.7041335701942444,0.026805644132653062,0.0,0.3636183738708496,946.8730796025922,11223.767338966836,0.06704400510204081,0.0272440817207098,,,,,,
reference,episode_000035,3,1,0.3957396149635315,0.34595105051994324,0.30589956045150757,0.35364434123039246,0.23507146537303925,0.013720001094043255,0.3527858853340149,0.6939373016357422,0.019551179846938774,1.992984693877551e-05,0.3679387867450714,1079.6686487988302,13860.665776466836,0.07824457908163265,0.030000761151313782,,,,,,
reference,episode_000035,4,0,0.3763730227947235,0.3288692235946655,0.30005162954330444,0.3368878662586212,0.25142091512680054,0.011218824423849583,0.28052547574043274,0.704338014125824,0.028758769132653062,0.0,0.3616876006126404,946.020940259912,11203.233059630102,0.06678491709183673,0.027215013280510902,,,,,,
reference,episode_000035,4,1,0.3957803547382355,0.3459266424179077,0.305793821811676,0.3536279499530792,0.23505666851997375,0.013720001094043255,0.3525749146938324,0.6934249401092529,0.01696029974489796,0.0,0.37015300989151,1085.3916510657834,13850.99876434949,0.07786591198979592,0.030019814148545265,,,,,,
reference,episode_000035,5,0,0.37634608149528503,0.32887712121009827,0.30002954602241516,0.3368862271308899,0.25138887763023376,0.011218824423849583,0.28102630376815796,0.704338014125824,0.027543048469387755,0.0,0.36322635412216187,945.0407949477026,11214.999402104591,0.06688456632653061,0.02722451649606228,,,,,,
reference,episode_000035,5,1,0.3956834375858307,0.34591254591941833,0.30562952160835266,0.3535853922367096,0.23506104946136475,0.013720001094043255,0.35257020592689514,0.6939373016357422,0.019292091836734693,0.0,0.37009572982788086,1082.942747040224,13837.783282844388,0.07712850765306123,0.02999347262084484,,,,,,
reference,episode_000035,6,0,0.376392126083374,0.3288410007953644,0.29998454451560974,0.33686697483062744,0.2513936161994934,0.011218824423849583,0.28054121136665344,0.704338014125824,0.026068239795918366,0.0,0.3623078763484955,942.0962363357894,11199.54420440051,0.06686463647959184,0.02718397043645382,,,,,,
reference,episode_000035,6,1,0.39587265253067017,0.3458210229873657,0.3056124746799469,0.35355889797210693,0.23500725626945496,0.013720001094043255,0.3525749146938324,0.6939373016357422,0.019411670918367346,0.0,0.36944758892059326,1081.5483544602687,13842.479432397959,0.07708864795918367,0.02999873273074627,,,,,,
reference,episode_000035,7,0,0.37633875012397766,0.32885289192199707,0.30009523034095764,0.3368721306324005,0.2514265477657318,0.011218824423849583,0.28023451566696167,0.704338014125824,0.026825573979591837,0.0,0.3626442849636078,947.1895595472685,11198.740991709185,0.06790098852040816,0.027168288826942444,,,,,,
reference,episode_000035,7,1,0.3957357704639435,0.34591132402420044,0.30556708574295044,0.3535911440849304,0.23497700691223145,0.013735687360167503,0.3527733385562897,0.6939137578010559,0.017518335459183673,0.0,0.3702484965324402,1079.650838411038,13819.332948022959,0.07680963010204081,0.02997327782213688,,,,,,
reference,episode_000035,8,0,0.3763934075832367,0.3289594054222107,0.3000178337097168,0.336954265832901,0.2514520287513733,0.011218824423849583,0.27971217036247253,0.7043223977088928,0.026646205357142856,0.0,0.36363640427589417,944.9947439600458,11209.551419005102,0.0682796556122449,0.02719576470553875,,,,,,
reference,episode_000035,8,1,0.39566588401794434,0.34588125348091125,0.3056313991546631,0.3535594046115875,0.23498009145259857,0.013720001094043255,0.3525749146938324,0.6938941478729248,0.01833545918367347,0.0,0.37054675817489624,1087.82187502129,13841.4609375,0.07657047193877552,0.029998542740941048,,,,,,
reference,episode_000035,9,0,0.3764607608318329,0.32901304960250854,0.3001314103603363,0.33701515197753906,0.2515006363391876,0.011218824423849583,0.2809854745864868,0.704338014125824,0.026526626275510203,0.0,0.3630344271659851,945.6397936879372,11209.215122767857,0.06766183035714286,0.027181774377822876,,,,,,
reference,episode_000035,9,1,0.39563411474227905,0.345765084028244,0.30552658438682556,0.3534620702266693,0.23495833575725555,0.013720001094043255,0.35252782702445984,0.6931239366531372,0.018494897959183673,0.0,0.3700941801071167,1080.7991308842238,13810.374003507653,0.07669005102040816,0.029945774003863335,,,,,,
reference,episode_000035,10,0,0.37661275267601013,0.32901522517204285,0.3000629246234894,0.3370440602302551,0.25152698159217834,0.011218824423849583,0.28080078959465027,0.704338014125824,0.026666135204081634,0.0,0.3634134531021118,948.4998970190617,11231.345663265307,0.0667251275510204,0.027217678725719452,,,,,,
reference,episode_000035,10,1,0.39583420753479004,0.3457021117210388,0.30554163455963135,0.3534606099128723,0.23494340479373932,0.013735687360167503,0.35252782702445984,0.6939373016357422,0.01682079081632653,0.0,0.37047475576400757,1075.7581690792638,13820.246133609693,0.07720822704081633,0.029946424067020416,,,,,,
reference,episode_000035,11,0,0.3765597343444824,0.3291104733943939,0.3001299202442169,0.33710578083992004,0.25149962306022644,0.011218824423849583,0.2809388041496277,0.704338014125824,0.027642697704081634,0.0,0.3615987300872803,947.5845992514511,11215.042330994898,0.06855867346938775,0.027195565402507782,,,,,,
reference,episode_000035,11,1,0.3958229124546051,0.3457879424095154,0.30554255843162537,0.3535196781158447,0.23496218025684357,0.013720001094043255,0.3525749146938324,0.6939373016357422,0.0184749681122449,0.0,0.3710729777812958,1077.7122390902773,13814.397441007653,0.076171875,0.029939834028482437,,,,,,
reference,episode_000035,12,0,0.37666285037994385,0.3291672170162201,0.3002275228500366,0.3371753394603729,0.251514732837677,0.011218824423849583,0.28080862760543823,0.704338014125824,0.026128029336734693,0.0,0.3635072410106659,948.0997943345928,11226.695711096938,0.06732302295918367,0.027201134711503983,,,,,,
reference,episode_000035,12,1,0.3958848714828491,0.34589627385139465,0.30559468269348145,0.35361403226852417,0.23492245376110077,0.013720001094043255,0.35252782702445984,0.6939373016357422,0.017697704081632654,0.0,0.37032297253608704,1069.714196684558,13787.063496492347,0.07651068239795919,0.029856007546186447,,,,,,
reference,episode_000035,13,0,0.37671104073524475,0.3291870057582855,0.30023109912872314,0.3372000455856323,0.2515172064304352,0.011218824423849583,0.2802368998527527,0.704338014125824,0.024473852040816327,0.0,0.3637765347957611,945.193698182398,11198.802973533164,0.06646603954081633,0.027162842452526093,,,,,,
reference,episode_000035,13,1,0.3960327208042145,0.3459949195384979,0.3057263493537903,0.3537255525588989,0.23496951162815094,0.013720001094043255,0.3527953028678894,0.695408821105957,0.01903300382653061,0.0,0.3703749477863312,1076.3595980398363,13814.049625318878,0.07665019132653061,0.029927970841526985,,,,,,
reference,episode_000035,14,0,0.37674981355667114,0.32917317748069763,0.30025479197502136,0.3372000455856323,0.2515607178211212,0.011218824423849583,0.28080862760543823,0.704338014125824,0.02716438137755102,0.0,0.36355286836624146,944.1006262448369,11215.338767538266,0.06821986607142858,0.027176078408956528,,,,,,
reference,episode_000035,14,1,0.396039217710495,0.34612008929252625,0.30599871277809143,0.35383614897727966,0.23497436940670013,0.013720001094043255,0.3527953028678894,0.6947278380393982,0.01823580994897959,0.0,0.3695146143436432,1076.812636433021,13793.820272640307,0.07643096301020408,0.029844358563423157,,,,,,
reference,episode_000035,15,0,0.37661677598953247,0.3290975093841553,0.3001880943775177,0.33711281418800354,0.2515019178390503,0.011218824423849583,0.280803918838501,0.7043223977088928,0.027004942602040817,0.0,0.3634151816368103,939.7188219342913,11200.058793048469,0.06750239158163265,0.027149852365255356,,,,,,
reference,episode_000035,15,1,0.39608636498451233,0.34621718525886536,0.30597123503685,0.3539136052131653,0.23497237265110016,0.013720001094043255,0.35309410095214844,0.695341944694519,0.01807637117346939,0.0,0.369876503944397,1084.744765812335,13787.751395089286,0.07702885841836735,0.029865365475416183,,,,,,
reference,episode_000035,16,0,0.37657129764556885,0.32899919152259827,0.300246000289917,0.33703702688217163,0.25143828988075256,0.01169921550899744,0.2802172601222992,0.7043223977088928,0.025350765306122448,0.0,0.36166077852249146,933.9609558533649,11192.83932557398,0.06829958545918367,0.027134254574775696,,,,,,
reference,episode_000035,16,1,0.3963259756565094,0.34624892473220825,0.3060801029205322,0.35399508476257324,0.23495419323444366,0.013720001094043255,0.35305333137512207,0.69590824842453,0.01845503826530612,0.0,0.36991381645202637,1090.164727174059,13791.373525191326,0.07838408801020408,0.02988927997648716,,,,,,
reference,episode_000035,17,0,0.3766190707683563,0.32895582914352417,0.3000466823577881,0.3370017111301422,0.2514220178127289,0.011218824423849583,0.27970510721206665,0.704338014125824,0.025251116071428572,0.0,0.3628285825252533,943.6639395590277,11193.299426020409,0.0657485650510204,0.027154631912708282,,,,,,
reference,episode_000035,17,1,0.3962990939617157,0.346365749835968,0.30620458722114563,0.3540819585323334,0.23489059507846832,0.013720001094043255,0.35404667258262634,0.69590824842453,0.018514827806122448,0.0,0.3694009482860565,1076.3482119021241,13781.19654815051,0.07742745535714286,0.02985241636633873,,,,,,
reference,episode_000035,18,0,0.37634095549583435,0.32894212007522583,0.30004918575286865,0.33693304657936096,0.25136828422546387,0.011218824423849583,0.279403954744339,0.7043223977088928,0.02770248724489796,0.0,0.3614070415496826,942.670518855262,11207.73353794643,0.06676498724489796,0.027177397161722183,,,,,,
reference,episode_000035,18,1,0.39648276567459106,0.34646937251091003,0.30601006746292114,0.35418105125427246,0.2349286526441574,0.013720001094043255,0.35450980067253113,0.6942404508590698,0.018793845663265307,0.0,0.3698861002922058,1072.5710989500471,13775.622169961734,0.07772640306122448,0.029844112694263458,,,,,,
reference,episode_000035,19,0,0.3765011727809906,0.32894405722618103,0.3000999689102173,0.3369721472263336,0.2513597309589386,0.011218824423849583,0.2802172601222992,0.704338014125824,0.025151466836734693,0.0,0.3625324070453644,935.1832546943529,11186.913066007653,0.06704400510204081,0.027099404484033585,,,,,,
reference,episode_000035,19,1,0.3967190980911255,0.3467409312725067,0.30629122257232666,0.35444578528404236,0.2350282222032547,0.013731765560805798,0.35505568981170654,0.69590824842453,0.017119738520408163,0.0,0.37109047174453735,1080.6894238335747,13814.022640306122,0.07635124362244898,0.02991764433681965,,,,,,
reference,episode_000035,20,0,0.3764331340789795,0.3289463520050049,0.29998135566711426,0.33695071935653687,0.25140541791915894,0.011729803867638111,0.28022196888923645,0.704338014125824,0.02574936224489796,0.0,0.36216604709625244,950.4879622135693,11203.560586734693,0.06704400510204081,0.027185162529349327,,,,,,
reference,episode_000035,20,1,0.3971896767616272,0.3469690978527069,0.30673667788505554,0.35474124550819397,0.2350485771894455,0.013720001094043255,0.3552090525627136,0.69590824842453,0.01807637117346939,0.0,0.36962711811065674,1088.0542152830583,13830.156648596938,0.0768295599489796,0.02994885854423046,,,,,,
reference,episode_000035,21,0,0.37646177411079407,0.3288232386112213,0.2999308109283447,0.3368651866912842,0.25127530097961426,0.011218824423849583,0.279887855052948,0.704338014125824,0.025908801020408163,0.0,0.3635595738887787,939.8769909256156,11203.206712372448,0.06742267219387756,0.027127714827656746,,,,,,
reference,episode_000035,21,1,0.3974734842777252,0.34728941321372986,0.30697134137153625,0.3550475835800171,0.2350860983133316,0.013735687360167503,0.3558831512928009,0.69590824842453,0.018016581632653062,0.0,0.3693987727165222,1087.1766057358043,13843.725007971938,0.07810507015306123,0.029976345598697662,,,,,,
reference,episode_000035,22,0,0.3761335611343384,0.32877084612846375,0.299701452255249,0.3367413580417633,0.251239150762558,0.011672156862914562,0.2794698178768158,0.7040548920631409,0.0254703443877551,0.0,0.3637758791446686,943.3584551511334,11231.567562181122,0.0680404974489796,0.027210606262087822,,,,,,
reference,episode_000035,22,1,0.3978053033351898,0.347711980342865,0.30711525678634644,0.3554307520389557,0.23512893915176392,0.013735687360167503,0.3564494252204895,0.69590824842453,0.017518335459183673,0.0,0.3710649013519287,1086.5024201910678,13859.95396205357,0.07798549107142858,0.029987454414367676,,,,,,
reference,episode_000035,23,0,0.3760279715061188,0.32860973477363586,0.2995619773864746,0.3365936279296875,0.25113072991371155,0.012052549980580807,0.27916157245635986,0.704338014125824,0.025370695153061226,0.0,0.36268505454063416,941.6067042082659,11218.567203443878,0.06704400510204081,0.027186192572116852,,,,,,
reference,episode_000035,23,1,0.39827078580856323,0.34805986285209656,0.3074782192707062,0.3558047115802765,0.23514322936534882,0.013735687360167503,0.3570086359977722,0.69590824842453,0.01739875637755102,0.0,0.3714205324649811,1092.7799612674453,13856.017338966836,0.07643096301020408,0.030023662373423576,,,,,,
reference,episode_000035,24,0,0.375952810049057,0.32849621772766113,0.2996788024902344,0.33650490641593933,0.25107046961784363,0.011749019846320152,0.27921807765960693,0.7040548920631409,0.02481265943877551,0.0,0.36196228861808777,953.0257576776017,11226.45774872449,0.06602758290816327,0.027204317972064018,,,,,,
reference,episode_000035,24,1,0.3986895680427551,0.34847187995910645,0.30778101086616516,0.35621029138565063,0.23522000014781952,0.013735687360167503,0.3578133285045624,0.6964792013168335,0.017119738520408163,0.0,0.3696068823337555,1082.3504661296317,13858.600805165815,0.0797592474489796,0.02999218925833702,,,,,,
reference,episode_000035,25,0,0.37591543793678284,0.32832667231559753,0.2992751896381378,0.3363465368747711,0.25098854303359985,0.011445490643382072,0.27887845039367676,0.7040548920631409,0.025769292091836735,0.0,0.36424240469932556,944.2503725021693,11242.51088169643,0.06734295280612244,0.027241958305239677,,,,,,
reference,episode_000035,25,1,0.39928606152534485,0.3489374816417694,0.3083498179912567,0.35671117901802063,0.23528854548931122,0.013735687360167503,0.3586784303188324,0.6962118148803711,0.01797672193877551,0.0,0.36925649642944336,1083.0028517884743,13884.333665497448,0.07816485969387756,0.030044881626963615,,,,,,
reference,episode_000035,26,0,0.3755587041378021,0.3281947076320648,0.29920437932014465,0.3361711800098419,0.25089967250823975,0.011749019846320152,0.27860552072525024,0.7040548920631409,0.025251116071428572,0.0,0.3622190058231354,954.1243032080489,11222.448820153062,0.06881776147959184,0.02725605107843876,,,,,,
reference,episode_000035,26,1,0.3997485935688019,0.3493606448173523,0.30867934226989746,0.3571358919143677,0.23524461686611176,0.014173333533108234,0.3589819669723511,0.6970455050468445,0.01634247448979592,1.992984693877551e-05,0.3702031373977661,1072.679966469796,13829.176379145409,0.078125,0.029908306896686554,,,,,,
reference,episode_000035,27,0,0.3755779564380646,0.32798314094543457,0.2989281117916107,0.33600401878356934,0.25089794397354126,0.011749019846320152,0.27813923358917236,0.703593373298645,0.026327327806122448,0.0,0.363147109746933,960.0588587511088,11265.03053252551,0.06744260204081633,0.027353156358003616,,,,,,
reference,episode_000035,27,1,0.40018191933631897,0.3498568534851074,0.3090323805809021,0.3576084077358246,0.2352847307920456,0.014306667260825634,0.3598047196865082,0.6970455050468445,0.01594387755102041,0.0,0.369625061750412,1082.491340170101,13827.927933673469,0.07868303571428571,0.029909314587712288,,,,,,
reference,episode_000035,28,0,0.3753463923931122,0.3278278708457947,0.29890865087509155,0.3358423709869385,0.2507878839969635,0.011218824423849583,0.27826669812202454,0.7028816342353821,0.025350765306122448,0.0,0.36313703656196594,957.316777528797,11249.415696747448,0.06740274234693877,0.02733447030186653,,,,,,
reference,episode_000035,28,1,0.4009535312652588,0.350259393453598,0.30946457386016846,0.3580915629863739,0.23534297943115234,0.014023530296981335,0.3597866892814636,0.6970455050468445,0.018614477040816327,0.0,0.36901503801345825,1078.1010052523284,13809.29185267857,0.07955994897959184,0.029819726943969727,,,,,,
reference,episode_000035,29,0,0.3752787113189697,0.3276367485523224,0.29880839586257935,0.33568403124809265,0.2507559657096863,0.011749019846320152,0.27807295322418213,0.7023874521255493,0.026646205357142856,0.0,0.3625039756298065,959.4851764502599,11269.173588966836,0.06788105867346939,0.027432885020971298,,,,,,
reference,episode_000035,29,1,0.4013710916042328,0.35081493854522705,0.30995768308639526,0.3586133122444153,0.23537878692150116,0.014306667260825634,0.3598596155643463,0.6970455050468445,0.016541772959183673,0.0,0.3693123161792755,1064.4076477358215,13782.834382971938,0.07864317602040816,0.029755501076579094,,,,,,
reference,episode_000035,30,0,0.37505826354026794,0.3274784982204437,0.2984618842601776,0.33549895882606506,0.25066477060317993,0.012068236246705055,0.27770042419433594,0.7021282315254211,0.02459343112244898,0.0,0.3641730844974518,958.0444527224472,11281.611248405612,0.06821986607142858,0.027509180828928947,,,,,,
reference,episode_000035,30,1,0.4019932746887207,0.351317435503006,0.3105205297470093,0.35914552211761475,0.23553405702114105,0.014250196516513824,0.3597686290740967,0.6970455050468445,0.01678093112244898,0.0,0.3697395324707031,1079.0820671885472,13826.33470184949,0.0770687181122449,0.029871495440602303,,,,,,
reference,episode_000035,31,0,0.3749197721481323,0.32747429609298706,0.29850271344184875,0.33546942472457886,0.25067898631095886,0.0117647061124444,0.27770042419433594,0.7009828090667725,0.025769292091836735,0.0,0.36312946677207947,961.2476455183239,11307.235770089286,0.06702407525510204,0.02760348469018936,,,,,,
reference,episode_000035,31,1,0.40243569016456604,0.3517037332057953,0.3108857274055481,0.35954225063323975,0.2356298565864563,0.014306667260825634,0.3598047196865082,0.6970455050468445,0.01670121173469388,1.992984693877551e-05,0.367742657661438,1074.2934985047625,13820.824537627552,0.07613201530612244,0.029822684824466705,,,,,,
reference,episode_000035,32,0,0.3749117851257324,0.32730773091316223,0.2981475591659546,0.3353229761123657,0.2506198287010193,0.01288627553731203,0.2771858870983124,0.7009828090667725,0.023198341836734693,0.0,0.3658277690410614,955.8701224619028,11299.530851403062,0.06788105867346939,0.02765115350484848,,,,,,
reference,episode_000035,32,1,0.4028719961643219,0.3520050346851349,0.3112107515335083,0.3598739802837372,0.2357107251882553,0.014250196516513824,0.3598047196865082,0.6970455050468445,0.017279177295918366,0.0,0.36848244071006775,1067.5816633358738,13766.635522959185,0.07776626275510204,0.029733989387750626,,,,,,
reference,episode_000035,33,0,0.3747936487197876,0.3271646201610565,0.29799211025238037,0.33518433570861816,0.25058987736701965,0.011445490643382072,0.27727648615837097,0.7023670077323914,0.024713010204081634,0.0,0.3649992346763611,960.6178424168704,11300.421556122448,0.06798070790816327,0.027713781222701073,,,,,,
reference,episode_000035,33,1,0.40340644121170044,0.3524608314037323,0.311474084854126,0.3603326082229614,0.23585493862628937,0.014553726650774479,0.36009570956230164,0.6970455050468445,0.017279177295918366,1.992984693877551e-05,0.36960503458976746,1066.4702255061547,13756.462970344388,0.07748724489795919,0.029662907123565674,,,,,,
reference,episode_000035,34,0,0.3745381832122803,0.3270576000213623,0.29786035418510437,0.33504387736320496,0.25054115056991577,0.01288627553731203,0.2766478657722473,0.7023670077323914,0.02401546556122449,0.0,0.36485186219215393,950.1243129143961,11279.380062181122,0.06722337372448979,0.027728741988539696,,,,,,
reference,episode_000035,34,1,0.40380677580833435,0.3529025912284851,0.31185734272003174,0.3607613742351532,0.23592603206634521,0.014306667260825634,0.3598047196865082,0.6970455050468445,0.01783721301020408,0.0,0.36940664052963257,1070.7805699348846,13730.39114317602,0.07784598214285714,0.029515061527490616,,,,,,
reference,episode_000035,35,0,0.3746017813682556,0.3268124759197235,0.29779013991355896,0.33487701416015625,0.2505229115486145,0.012621569447219372,0.2762933373451233,0.7009828090667725,0.02521125637755102,0.0,0.3638670742511749,956.1287816884567,11293.621970663266,0.06825972576530612,0.027798864990472794,,,,,,
reference,episode_000035,35,1,0.4045225977897644,0.3534492254257202,0.312476247549057,0.3613491356372833,0.23610545694828033,0.014306667260825634,0.36036157608032227,0.6972925662994385,0.01670121173469388,0.0,0.3696376383304596,1068.1257957639618,13760.820432079081,0.07694913903061225,0.029437342658638954,,,,,,
reference,episode_000035,36,0,0.3742429316043854,0.3267257809638977,0.2976181209087372,0.33472633361816406,0.25054121017456055,0.011749019846320152,0.27579060196876526,0.7009828090667725,0.0243343431122449,0.0,0.36363375186920166,960.767171569786,11300.529177295919,0.06708386479591837,0.02788856066763401,,,,,,
reference,episode_000035,36,1,0.4052465260028839,0.35416844487190247,0.31313151121139526,0.36206477880477905,0.23619034886360168,0.014858824200928211,0.3608902394771576,0.6978588700294495,0.01717952806122449,0.0,0.37019166350364685,1067.7398903178253,13720.295041454081,0.07710857780612244,0.029205968603491783,,,,,,
reference,episode_000035,37,0,0.3741007447242737,0.32638078927993774,0.29730910062789917,0.3344270884990692,0.25050145387649536,0.012052549980580807,0.2760627567768097,0.7009670734405518,0.02556999362244898,0.0,0.36684319376945496,966.8243793227781,11294.803890306122,0.06825972576530612,0.027946822345256805,,,,,,
reference,episode_000035,37,1,0.4061599671840668,0.3548968434333801,0.3138563632965088,0.36283227801322937,0.23643718659877777,0.014553726650774479,0.361433744430542,0.6991686820983887,0.016481983418367346,0.0,0.3685680031776428,1072.854423118998,13752.637276785714,0.07591278698979592,0.02912588231265545,,,,,,
reference,episode_000035,38,0,0.3738938271999359,0.32624170184135437,0.29731306433677673,0.33428385853767395,0.2505083382129669,0.012052549980580807,0.27529647946357727,0.7009670734405518,0.024792729591836735,0.0,0.36434534192085266,954.6700772194503,11273.910514987245,0.06879783163265306,0.027927545830607414,,,,,,
reference,episode_000035,38,1,0.4069272577762604,0.35573697090148926,0.31466150283813477,0.3636544346809387,0.23659832775592804,0.014306667260825634,0.36312395334243774,0.6989647150039673,0.016741071428571428,0.0,0.3688197731971741,1083.3735004788089,13755.573222257653,0.07886240433673469,0.029007570818066597,,,,,,
reference,episode_000035,39,0,0.3735901713371277,0.3259532153606415,0.29684963822364807,0.3339795470237732,0.25051555037498474,0.011445490643382072,0.27461254596710205,0.7009670734405518,0.02499202806122449,0.0,0.3660804331302643,948.6021500173979,11256.542809311224,0.06742267219387756,0.027929995208978653,,,,,,
reference,episode_000035,39,1,0.4077836573123932,0.3565329313278198,0.31542134284973145,0.3644605875015259,0.2366877794265747,0.014816471375524998,0.3640635311603546,0.6987358331680298,0.016163105867346938,0.0,0.3683139681816101,1086.259229399869,13812.212252869898,0.07816485969387756,0.028966447338461876,,,,,,
reference,episode_000035,40,0,0.3733406960964203,0.32575616240501404,0.29668158292770386,0.3337734341621399,0.2505645751953125,0.011749019846320152,0.2743450999259949,0.7009670734405518,0.02489237882653061,0.0,0.36523935198783875,955.0098118001547,11282.448939732143,0.0682796556122449,0.028042098507285118,,,,,,
reference,episode_000035,40,1,0.4086994528770447,0.35724133253097534,0.3159136474132538,0.36519747972488403,0.2367517650127411,0.014869020320475101,0.3645505905151367,0.6998298168182373,0.017578125,0.0,0.3680659234523773,1072.5937318396736,13798.124322385203,0.0772281568877551,0.028869781643152237,,,,,,
reference,episode_000035,41,0,0.37328845262527466,0.32562902569770813,0.29665881395339966,0.3336697518825531,0.250598281621933,0.011749019846320152,0.27451568841934204,0.7009670734405518,0.026666135204081634,0.0,0.3662126362323761,947.9742020043369,11257.28268494898,0.06752232142857142,0.027979638427495956,,,,,,
reference,episode_000035,41,1,0.4094659090042114,0.35804909467697144,0.316858172416687,0.36600634455680847,0.23685036599636078,0.014306667260825634,0.3657396137714386,0.6998298168182373,0.014748086734693877,0.0,0.3674378991127014,1080.581531935759,13826.914301658164,0.07762675382653061,0.028881780803203583,,,,,,
reference,episode_000035,42,0,0.37295493483543396,0.3253282904624939,0.2962031364440918,0.3333508372306824,0.25060322880744934,0.012032156810164452,0.27351608872413635,0.7009670734405518,0.024852519132653062,0.0,0.36751261353492737,957.4875995408792,11301.380939094388,0.06849888392857142,0.028152262791991234,,,,,,
reference,episode_000035,42,1,0.4102106988430023,0.3587123453617096,0.31745558977127075,0.36668214201927185,0.23694485425949097,0.014553726650774479,0.36652159690856934,0.6998298168182373,0.016442123724489797,0.0,0.36722254753112793,1070.3226931364225,13844.249322385203,0.07740752551020408,0.028856424614787102,,,,,,
reference,episode_000035,43,0,0.37275707721710205,0.3251282572746277,0.2959434688091278,0.3331470489501953,0.25062933564186096,0.011749019846320152,0.27353179454803467,0.7009670734405518,0.025011957908163265,0.0,0.36817559599876404,952.7073406567428,11285.2265625,0.06847895408163265,0.02813485637307167,,,,,,
reference,episode_000035,43,1,0.4109760522842407,0.359304815530777,0.31816351413726807,0.3673197329044342,0.2369648516178131,0.014780392870306969,0.36652159690856934,0.6998298168182373,0.016581632653061226,0.0,0.3662979006767273,1069.9524864044251,13829.004783163266,0.07744738520408163,0.028819940984249115,,,,,,
reference,episode_000035,44,0,0.37241411209106445,0.3247000575065613,0.2957557439804077,0.3327542841434479,0.25065702199935913,0.011218824423849583,0.27162668108940125,0.7009670734405518,0.025829081632653062,0.0,0.3675365746021271,954.5558181232037,11315.450374681122,0.06714365433673469,0.02824891172349453,,,,,,
reference,episode_000035,44,1,0.4112265110015869,0.3597634732723236,0.3184306025505066,0.36772024631500244,0.23702222108840942,0.014306667260825634,0.36764782667160034,0.6998298168182373,0.01709980867346939,0.0,0.3653135895729065,1072.8098293862113,13818.696588010203,0.07786591198979592,0.028783107176423073,,,,,,
reference,episode_000035,45,0,0.37219861149787903,0.3245268762111664,0.29557108879089355,0.33257126808166504,0.250667929649353,0.0117647061124444,0.2718345522880554,0.7009670734405518,0.02459343112244898,0.0,0.366290420293808,948.1738596069769,11274.62025669643,0.0686782525510204,0.028193414211273193,,,,,,
reference,episode_000035,45,1,0.41170617938041687,0.3599526584148407,0.318764328956604,0.3679816722869873,0.23692438006401062,0.014553726650774479,0.36821410059928894,0.6998298168182373,0.01815609056122449,0.0,0.3656555116176605,1065.7053985718835,13805.24916294643,0.07850366709183673,0.02871306799352169,,,,,,
reference,episode_000035,46,0,0.371920108795166,0.32414305210113525,0.29502952098846436,0.33219844102859497,0.2506982386112213,0.011749019846320152,0.2711690366268158,0.7009670734405518,0.026965082908163265,0.0,0.368590384721756,952.1352258922159,11261.562659438776,0.06802056760204081,0.028240792453289032,,,,,,
reference,episode_000035,46,1,0.411941260099411,0.3602961301803589,0.3190408945083618,0.3682973086833954,0.23680686950683594,0.014553726650774479,0.3690376579761505,0.6998298168182373,0.016143176020408163,0.0,0.3660034239292145,1076.9491393320861,13838.367346938776,0.07794563137755102,0.028785070404410362,,,,,,
reference,episode_000035,47,0,0.3715817928314209,0.32388386130332947,0.29495561122894287,0.331935852766037,0.2506435513496399,0.011749019846320152,0.27099451422691345,0.7004165053367615,0.02570950255102041,0.0,0.367133229970932,952.5310586196888,11261.703523596938,0.06859853316326531,0.028264017775654793,,,,,,
reference,episode_000035,47,1,0.41211602091789246,0.36037543416023254,0.3191086947917938,0.36839601397514343,0.23658519983291626,0.015120001509785652,0.368754506111145,0.6986494064331055,0.01686065051020408,0.0,0.36573317646980286,1057.7549873425137,13771.148397640307,0.07736766581632654,0.028665095567703247,,,,,,
reference,episode_000035,48,0,0.3712182641029358,0.3236370086669922,0.29455164074897766,0.33165284991264343,0.250614732503891,0.011218824423849583,0.27016863226890564,0.7004007697105408,0.02529097576530612,0.0,0.3696438670158386,947.9704391399257,11276.857102997448,0.06927614795918367,0.028281332924962044,,,,,,
reference,episode_000035,48,1,0.4121900200843811,0.3606420159339905,0.3191928565502167,0.3686084747314453,0.2364872545003891,0.014780392870306969,0.3693074584007263,0.6981514096260071,0.015664859693877552,0.0,0.36533263325691223,1071.43923358528,13783.619778380102,0.07862324617346939,0.028726058080792427,,,,,,
reference,episode_000035,49,0,0.3710532784461975,0.32334795594215393,0.29426902532577515,0.3313906192779541,0.2506248950958252,0.011218824423849583,0.26987767219543457,0.7009670734405518,0.026566485969387755,0.0,0.3693106472492218,944.1559679757454,11271.581273915815,0.06818000637755102,0.028263811022043228,,,,,,
reference,episode_000035,49,1,0.4124596118927002,0.3606559932231903,0.3193349242210388,0.3686860501766205,0.23627734184265137,0.015083922073245049,0.36992549896240234,0.6991647481918335,0.01634247448979592,0.0,0.3661688268184662,1060.9129462363271,13760.810985331633,0.08017777423469388,0.028702793642878532,,,,,,
reference,episode_000035,50,0,0.3707937002182007,0.3231331706047058,0.29422566294670105,0.3311786949634552,0.25060799717903137,0.011218824423849583,0.26962822675704956,0.7004165053367615,0.025928730867346938,0.0,0.36883649230003357,948.0132470275897,11302.92135682398,0.06873804209183673,0.028346465900540352,,,,,,
reference,episode_000035,50,1,0.4125591218471527,0.36079588532447815,0.319469153881073,0.36881697177886963,0.23609477281570435,0.014553726650774479,0.3696611821651459,0.69708651304245,0.01642219387755102,0.0,0.36605513095855713,1075.4277381610987,13714.807039221938,0.07788584183673469,0.02860642410814762,,,,,,
reference,episode_000035,51,0,0.370511919260025,0.3229074776172638,0.2938506007194519,0.33093029260635376,0.250578910112381,0.011218824423849583,0.2695945203304291,0.7004165053367615,0.025729432397959183,0.0,0.36954012513160706,947.9002848684368,11296.835459183674,0.06825972576530612,0.028318924829363823,,,,,,
reference,episode_000035,51,1,0.41266652941703796,0.3608968257904053,0.3197031319141388,0.3689288794994354,0.2359744906425476,0.014306667260825634,0.3698890209197998,0.6978588700294495,0.01917251275510204,0.0,0.36357900500297546,1065.1674280825976,13723.099968112245,0.07932079081632654,0.02855190448462963,,,,,,
reference,episode_000035,52,0,0.3703796863555908,0.32277318835258484,0.29381927847862244,0.33080384135246277,0.25057512521743774,0.011218824423849583,0.26877647638320923,0.7004165053367615,0.026426977040816327,0.0,0.3697240650653839,953.8203132463366,11320.825932716836,0.06851881377551021,0.028344081714749336,,,,,,
reference,episode_000035,52,1,0.41265764832496643,0.36088883876800537,0.31972330808639526,0.36892271041870117,0.23569180071353912,0.014553726650774479,0.37112703919410706,0.6970455050468445,0.016302614795918366,0.0,0.36513829231262207,1057.4358518219947,13706.869698660714,0.07872289540816327,0.028502551838755608,,,,,,
reference,episode_000035,53,0,0.37006109952926636,0.3224393129348755,0.2933023273944855,0.33045998215675354,0.25051721930503845,0.011218824423849583,0.26827138662338257,0.7001490592956543,0.026347257653061226,0.0,0.37047281861305237,947.016449371411,11311.55221619898,0.06881776147959184,0.028368908911943436,,,,,,
reference,episode_000035,53,1,0.41269421577453613,0.3608657717704773,0.31985414028167725,0.3689234256744385,0.23546288907527924,0.014306667260825634,0.3702195882797241,0.6970455050468445,0.016761001275510203,0.0,0.36423438787460327,1041.217745080286,13607.896285076531,0.07832429846938775,0.028286876156926155,,,,,,
reference,episode_000035,54,0,0.36994510889053345,0.3221867084503174,0.29318785667419434,0.3302464485168457,0.25045493245124817,0.011218824423849583,0.2674172520637512,0.7001333832740784,0.026506696428571428,0.0,0.3699916899204254,951.2496546070461,11323.49856505102,0.06883769132653061,0.02842484414577484,,,,,,
reference,episode_000035,54,1,0.4124927222728729,0.36091190576553345,0.3198246657848358,0.368911474943161,0.23524315655231476,0.014306667260825634,0.37073880434036255,0.6970455050468445,0.017299107142857144,0.0,0.3643251061439514,1041.988255619556,13566.616031568878,0.07764668367346939,0.02823846973478794,,,,,,
reference,episode_000035,55,0,0.3697442412376404,0.3220337927341461,0.29312121868133545,0.3300895690917969,0.25043389201164246,0.011218824423849583,0.2676392197608948,0.7001490592956543,0.027204241071428572,0.0,0.36962610483169556,951.9653617603885,11307.455436862245,0.06861846301020408,0.028439590707421303,,,,,,
reference,episode_000035,55,1,0.41242915391921997,0.36072081327438354,0.3197212517261505,0.3687538206577301,0.2348761111497879,0.014306667260825634,0.3707309663295746,0.69590824842453,0.01610331632653061,0.0,0.3643640875816345,1036.975354340413,13502.85794005102,0.078125,0.028137974441051483,,,,,,
reference,episode_000035,56,0,0.3696231544017792,0.3218052089214325,0.29284778237342834,0.32988062500953674,0.25036999583244324,0.011218824423849583,0.2670729458332062,0.7001333832740784,0.02724410076530612,0.0,0.36984071135520935,950.9647095397036,11311.255779655612,0.06919642857142858,0.028474796563386917,,,,,,
reference,episode_000035,56,1,0.4123687744140625,0.3605917692184448,0.31972628831863403,0.36864903569221497,0.23461376130580902,0.014780392870306969,0.37101882696151733,0.695609450340271,0.016402264030612245,0.0,0.3641890585422516,1025.8143157764357,13429.14401307398,0.07605229591836735,0.02805260382592678,,,,,,
reference,episode_000035,57,0,0.3694746792316437,0.3215809166431427,0.2926797568798065,0.32967647910118103,0.25032755732536316,0.011218824423849583,0.2667921781539917,0.6992635130882263,0.027483258928571428,0.0,0.37250399589538574,953.4960925234501,11302.322106186224,0.06885762117346939,0.028459038585424423,,,,,,
reference,episode_000035,57,1,0.41216620802879333,0.3604860007762909,0.31963223218917847,0.36852356791496277,0.23431462049484253,0.014553726650774479,0.3718196153640747,0.6939058899879456,0.016641422193877552,0.0,0.36452192068099976,1013.2262631864758,13358.568598533164,0.07595264668367346,0.027916578575968742,,,,,,
reference,episode_000035,58,0,0.36921894550323486,0.32152873277664185,0.29246488213539124,0.3295692205429077,0.2501910924911499,0.011218824423849583,0.2665066719055176,0.6998298168182373,0.026905293367346938,0.0,0.37182900309562683,949.3187668183504,11287.676857461734,0.06877790178571429,0.02844843454658985,,,,,,
reference,episode_000035,58,1,0.4121718108654022,0.36048105359077454,0.31961527466773987,0.36851999163627625,0.2340586632490158,0.014306667260825634,0.37131765484809875,0.6933709979057312,0.016581632653061226,0.0,0.3642823398113251,1019.8953532545032,13313.873046875,0.07547433035714286,0.027768192812800407,,,,,,
reference,episode_000035,59,0,0.36910733580589294,0.3213734030723572,0.2925224006175995,0.32943856716156006,0.25015711784362793,0.011749019846320152,0.26681020855903625,0.6992635130882263,0.02626753826530612,0.0,0.3709522485733032,952.476344561388,11297.766063456633,0.06871811224489796,0.028480278328061104,,,,,,
reference,episode_000035,59,1,0.4123307168483734,0.3605540990829468,0.31971219182014465,0.36861300468444824,0.23382985591888428,0.014306667260825634,0.37213099002838135,0.6931239366531372,0.017199457908163265,0.0,0.36399781703948975,1016.3644590429444,13241.65234375,0.07615194515306123,0.027568107470870018,,,,,,
reference,episode_000035,60,0,0.3692820370197296,0.3213407099246979,0.29252761602401733,0.3294527530670166,0.25019893050193787,0.011218824423849583,0.26721376180648804,0.6984454989433289,0.0272640306122449,0.0,0.37128955125808716,953.914748630341,11310.921117665815,0.06855867346938775,0.028473837301135063,,,,,,
reference,episode_000035,60,1,0.41267523169517517,0.36082419753074646,0.3198988139629364,0.3688928782939911,0.23367445170879364,0.014306667260825634,0.3726996183395386,0.6931239366531372,0.01731903698979592,0.0,0.36451706290245056,1002.0964044728214,13203.920798788266,0.07567362882653061,0.027288561686873436,,,,,,
reference,episode_000035,61,0,0.3691461980342865,0.32118096947669983,0.2921883463859558,0.3292851448059082,0.25016698241233826,0.011218824423849583,0.2667694091796875,0.6998298168182373,0.027144451530612245,0.0,0.37285563349723816,956.2222380787072,11296.222855548469,0.06927614795918367,0.028467582538723946,,,,,,
reference,episode_000035,61,1,0.41268447041511536,0.36093300580978394,0.32015857100486755,0.3689913749694824,0.23343521356582642,0.014534510672092438,0.37323999404907227,0.6931239366531372,0.017518335459183673,0.0,0.3630547821521759,992.2408223495737,13098.702965561224,0.07555404974489796,0.026969462633132935,,,,,,
reference,episode_000035,62,0,0.3689044117927551,0.32124438881874084,0.29239585995674133,0.32929399609565735,0.25012868642807007,0.011218824423849583,0.2668870687484741,0.698465883731842,0.027363679846938774,0.0,0.37036529183387756,954.4651672982117,11308.492785395409,0.06953523596938775,0.02841801568865776,,,,,,
reference,episode_000035,62,1,0.41279473900794983,0.361092746257782,0.3202442526817322,0.369135320186615,0.23315301537513733,0.014250196516513824,0.3735670745372772,0.6931239366531372,0.015545280612244899,0.0,0.363811194896698,990.6437808965852,13026.952048788266,0.07545440051020408,0.026862366124987602,,,,,,
reference,episode_000035,63,0,0.36883747577667236,0.32120588421821594,0.29216915369033813,0.3292359411716461,0.2501330077648163,0.011218824423849583,0.266558438539505,0.6984454989433289,0.0272640306122449,0.0,0.3718450963497162,954.7032494836924,11307.439772002552,0.06967474489795919,0.028403479605913162,,,,,,
reference,episode_000035,63,1,0.41295748949050903,0.3612034320831299,0.3204105794429779,0.3692610561847687,0.23287902772426605,0.014250196516513824,0.3743647038936615,0.6931239366531372,0.017637914540816327,0.0,0.36430901288986206,966.2504109752422,12926.639668367347,0.07465720663265306,0.026913896203041077,,,,,,
reference,episode_000035,64,0,0.3689468801021576,0.32103076577186584,0.2923942804336548,0.32915017008781433,0.2500819265842438,0.011218824423849583,0.2659356892108917,0.6992635130882263,0.0282405931122449,0.0,0.3700619637966156,949.4505673253204,11298.942044005102,0.06825972576530612,0.028335582464933395,,,,,,
reference,episode_000035,64,1,0.41342389583587646,0.36161649227142334,0.3206750750541687,0.3696747124195099,0.23260924220085144,0.014306667260825634,0.37694746255874634,0.6919866800308228,0.016561702806122448,0.0,0.36378300189971924,944.2910081449522,12916.419802295919,0.07196667729591837,0.02734929323196411,,,,,,
reference,episode_000035,65,0,0.3688211739063263,0.32101184129714966,0.29221513867378235,0.32909703254699707,0.25008559226989746,0.011218824423849583,0.26595139503479004,0.6970455050468445,0.02853954081632653,0.0,0.3708031177520752,949.7348636355514,11278.965282206633,0.06869818239795919,0.02829458750784397,,,,,,
reference,episode_000035,65,1,0.41377654671669006,0.3619949221611023,0.3213084638118744,0.37006619572639465,0.23233705759048462,0.014306667260825634,0.3777199983596802,0.692290186882019,0.016083386479591837,0.0,0.3630543053150177,938.7988819784049,12871.764668367347,0.07232541454081633,0.02777010202407837,,,,,,
reference,episode_000035,66,0,0.36870014667510986,0.3210033178329468,0.29219478368759155,0.32906365394592285,0.2500876486301422,0.011218824423849583,0.266663134098053,0.6972925662994385,0.027642697704081634,0.0,0.3701523244380951,949.7160960951729,11281.942960778062,0.06889748086734694,0.028252486139535904,,,,,,
reference,episode_000035,66,1,0.41438359022140503,0.36247125267982483,0.32175031304359436,0.3705677390098572,0.23188351094722748,0.014306667260825634,0.37945958971977234,0.6919866800308228,0.016581632653061226,0.0,0.3625198304653168,917.2244869611105,12835.644610969388,0.072265625,0.027921875938773155,,,,,,
reference,episode_000035,67,0,0.3687104284763336,0.32085561752319336,0.2919657230377197,0.32894372940063477,0.25000280141830444,0.011218824423849583,0.2659356892108917,0.6970455050468445,0.02507174744897959,0.0,0.3727973997592926,946.0845782026953,11284.177814094388,0.06839923469387756,0.028246821835637093,,,,,,
reference,episode_000035,67,1,0.41471585631370544,0.36286377906799316,0.3221590518951416,0.3709486424922943,0.231399804353714,0.014306667260825634,0.3805427551269531,0.6919866800308228,0.015625,0.0,0.3609255254268646,907.0420430225912,12826.10012755102,0.07154815051020408,0.027657674625515938,,,,,,
reference,episode_000035,68,0,0.3685350716114044,0.32071033120155334,0.2919612526893616,0.3288021981716156,0.24998565018177032,0.011218824423849583,0.2668721675872803,0.6970455050468445,0.027323820153061226,0.0,0.37099990248680115,949.1714885795874,11278.96568080357,0.06887755102040816,0.02824527956545353,,,,,,
reference,episode_000035,68,1,0.4150071144104004,0.36307185888290405,0.3224042057991028,0.371177077293396,0.23090891540050507,0.014306667260825634,0.3819293975830078,0.6919866800308228,0.015904017857142856,0.0,0.360373854637146,902.0462994748281,12764.588329081633,0.07174744897959184,0.026935314759612083,,,,,,
reference,episode_000035,69,0,0.36848169565200806,0.3206673562526703,0.29181456565856934,0.32874950766563416,0.2499583512544632,0.011218824423849583,0.2663360834121704,0.6970611810684204,0.02686543367346939,0.0,0.3718703091144562,956.1610650011322,11275.614756058674,0.06895727040816327,0.02824111096560955,,,,,,
reference,episode_000035,69,1,0.41511455178260803,0.3633231818675995,0.32261961698532104,0.37139520049095154,0.23039056360721588,0.014306667260825634,0.3830329477787018,0.6906523704528809,0.0165218431122449,0.0,0.35997670888900757,899.4141893045249,12710.822146045919,0.07386001275510204,0.026283206418156624,,,,,,
reference,episode_000035,70,0,0.3683241605758667,0.32063886523246765,0.29179564118385315,0.32869428396224976,0.24988949298858643,0.011218824423849583,0.26592785120010376,0.6970455050468445,0.02618781887755102,0.0,0.370657742023468,946.1708353905318,11285.028499681122,0.06913663903061225,0.028255315497517586,,,,,,
reference,episode_000035,70,1,0.4153164029121399,0.3633773922920227,0.32290002703666687,0.37149712443351746,0.2300216257572174,0.014306667260825634,0.38390040397644043,0.6905208230018616,0.0166812818877551,0.0,0.35869279503822327,905.1856030039567,12564.462292729591,0.07118941326530612,0.02596074901521206,,,,,,
reference,episode_000035,71,0,0.36827611923217773,0.32048124074935913,0.2917163670063019,0.3285656273365021,0.24986061453819275,0.011218824423849583,0.2656196057796478,0.6970455050468445,0.026387117346938774,0.0,0.3708603084087372,950.6132513961411,11289.359016262755,0.06810028698979592,0.02823551371693611,,,,,,
reference,episode_000035,71,1,0.4152861535549164,0.36331620812416077,0.3230135440826416,0.3714551329612732,0.22970183193683624,0.014306667260825634,0.38390040397644043,0.6911215782165527,0.016003667091836735,0.0,0.358004093170166,892.307687097269,12375.327566964286,0.07190688775510204,0.025757361203432083,,,,,,
reference,episode_000035,72,0,0.3681614100933075,0.3203560709953308,0.29152700304985046,0.32843804359436035,0.24982573091983795,0.011218824423849583,0.2652917504310608,0.6970455050468445,0.026705994897959183,0.0,0.37002500891685486,947.5675017544748,11282.305723852041,0.06849888392857142,0.028228148818016052,,,,,,
reference,episode_000035,72,1,0.41540783643722534,0.36319926381111145,0.3228679895401001,0.371386855840683,0.22932219505310059,0.014306667260825634,0.3827788233757019,0.6902008056640625,0.015505420918367346,0.0,0.357816606760025,877.3486160459443,12275.681242028062,0.07045200892857142,0.02539227344095707,,,,,,
reference,episode_000035,73,0,0.36795830726623535,0.32007452845573425,0.29128384590148926,0.3281759023666382,0.2496902346611023,0.011218824423849583,0.26485493779182434,0.6970455050468445,0.026566485969387755,0.0,0.3724936246871948,941.8883648113328,11278.197624362245,0.06945551658163265,0.02823389135301113,,,,,,
reference,episode_000035,73,1,0.41523095965385437,0.3632158637046814,0.32287588715553284,0.37136170268058777,0.22894509136676788,0.014306667260825634,0.3825113773345947,0.6899725794792175,0.016442123724489797,0.0,0.35787057876586914,881.2746020217382,12046.647879464286,0.06957509566326531,0.02448227070271969,,,,,,
reference,episode_000035,74,0,0.36789464950561523,0.3199693262577057,0.29118916392326355,0.32808032631874084,0.24961155652999878,0.011218824423849583,0.26491767168045044,0.6964949369430542,0.02668606505102041,0.0,0.37208518385887146,933.3729639462458,11259.969905931122,0.06873804209183673,0.0282124113291502,,,,,,
reference,episode_000035,74,1,0.41494429111480713,0.3630223274230957,0.32283782958984375,0.3711596429347992,0.22866588830947876,0.014306667260825634,0.38164159655570984,0.6892023682594299,0.016163105867346938,0.0,0.3571431338787079,868.6344478087641,11884.839764030612,0.06885762117346939,0.023925097659230232,,,,,,
reference,episode_000035,75,0,0.3678881525993347,0.31986525654792786,0.2909606397151947,0.3279879689216614,0.24961303174495697,0.011218824423849583,0.26434510946273804,0.6970455050468445,0.027782206632653062,0.0,0.37326300144195557,945.4644718221801,11255.983378507653,0.06921635841836735,0.028218116611242294,,,,,,
reference,episode_000035,75,1,0.41459035873413086,0.36270269751548767,0.32271865010261536,0.37084710597991943,0.22847993671894073,0.014306667260825634,0.3814258575439453,0.6892023682594299,0.015106823979591837,0.0,0.3560605049133301,872.5184850883403,11708.376275510203,0.06955516581632654,0.02383824624121189,,,,,,
reference,episode_000035,76,0,0.3678491413593292,0.3198254406452179,0.29116740822792053,0.32796618342399597,0.24958869814872742,0.011218824423849583,0.2638514041900635,0.6962274312973022,0.028021364795918366,0.0,0.37104254961013794,946.0760619796249,11260.128746811224,0.06778140943877552,0.028236927464604378,,,,,,
reference,episode_000035,76,1,0.41395217180252075,0.3623162806034088,0.32241788506507874,0.3704134225845337,0.22831928730010986,0.014306667260825634,0.3814258575439453,0.6883062720298767,0.014807876275510204,0.0,0.35552239418029785,865.6617799093206,11418.49693080357,0.06865832270408163,0.02379777282476425,,,,,,
reference,episode_000035,77,0,0.36772024631500244,0.31977322697639465,0.29110071063041687,0.3278966248035431,0.24957984685897827,0.011218824423849583,0.2642839252948761,0.6965298652648926,0.02800143494897959,0.0,0.3718872368335724,946.7633462291816,11242.701371173469,0.06774154974489796,0.028191104531288147,,,,,,
reference,episode_000035,77,1,0.413606733083725,0.3620906472206116,0.32230472564697266,0.3701704442501068,0.2283134162425995,0.014306667260825634,0.3814258575439453,0.6883949041366577,0.016163105867346938,0.0,0.35445135831832886,875.1458240236553,11158.959223533164,0.06833944515306123,0.023565471172332764,,,,,,
reference,episode_000035,78,0,0.367709219455719,0.31979450583457947,0.29103541374206543,0.32790473103523254,0.24956312775611877,0.011218824423849583,0.2645764946937561,0.6964949369430542,0.02770248724489796,0.0,0.37276870012283325,945.4008591126421,11264.532206632653,0.06865832270408163,0.028247728943824768,,,,,,
reference,episode_000035,78,1,0.4135854244232178,0.3622206151485443,0.3225633203983307,0.3702775239944458,0.2281915843486786,0.014306667260825634,0.38272157311439514,0.6883686184883118,0.014548788265306123,0.0,0.3545472025871277,840.5018175801156,11008.897680165815,0.06748246173469388,0.023246321827173233,,,,,,
reference,episode_000035,79,0,0.3676084280014038,0.31963878870010376,0.29104089736938477,0.3277723789215088,0.2495298534631729,0.011218824423849583,0.2642839252948761,0.6964792013168335,0.028041294642857144,0.0,0.3696928918361664,944.3216753669303,11259.826610331633,0.06736288265306123,0.0282313022762537,,,,,,
reference,episode_000035,79,1,0.41403812170028687,0.36246752738952637,0.32269909977912903,0.3705601692199707,0.22832348942756653,0.014306667260825634,0.3838909864425659,0.6892023682594299,0.015385841836734694,0.0,0.3542063236236572,836.6919140988516,10915.873485331633,0.0663265306122449,0.02323855087161064,,,,,,
reference,episode_000035,80,0,0.36752450466156006,0.3196875751018524,0.290793776512146,0.3277716040611267,0.2495051473379135,0.011218824423849583,0.26485493779182434,0.6962274312973022,0.027303890306122448,0.0,0.3722175657749176,942.8244891498348,11262.956991390307,0.06841916454081633,0.02826969511806965,,,,,,
reference,episode_000035,80,1,0.414044052362442,0.3625902831554413,0.3227715790271759,0.370654433965683,0.2284872680902481,0.014306667260825634,0.38405293226242065,0.6900156736373901,0.01468829719387755,0.0,0.3539315462112427,834.6082094944006,10987.812659438776,0.06600765306122448,0.023392602801322937,,,,,,
reference,episode_000035,81,0,0.367475301027298,0.3195199966430664,0.29083409905433655,0.32764413952827454,0.24948878586292267,0.011218824423849583,0.2643294334411621,0.6962118148803711,0.02774234693877551,0.0,0.3708028495311737,948.6387599069641,11274.560626594388,0.06991390306122448,0.02828929014503956,,,,,,
reference,episode_000035,81,1,0.4139876961708069,0.36272358894348145,0.3229868710041046,0.37075337767601013,0.22858767211437225,0.013735687360167503,0.3855631351470947,0.6894494295120239,0.016302614795918366,0.0,0.35277724266052246,835.0448127911022,10947.435905612245,0.06618702168367346,0.023226190358400345,,,,,,
reference,episode_000035,82,0,0.36726289987564087,0.31962496042251587,0.2908111810684204,0.32767242193222046,0.24943296611309052,0.011218824423849583,0.264839231967926,0.6962118148803711,0.026486766581632654,0.0,0.37199515104293823,950.7167983998461,11269.594666772959,0.06778140943877552,0.028257226571440697,,,,,,
reference,episode_000035,82,1,0.4139854311943054,0.36286643147468567,0.32315465807914734,0.37086713314056396,0.22871913015842438,0.013735687360167503,0.38589805364608765,0.6899843215942383,0.01584422831632653,0.0,0.3530179560184479,827.5171246431312,10884.338687818878,0.06742267219387756,0.023058930411934853,,,,,,
reference,episode_000035,83,0,0.367352694272995,0.3194221258163452,0.2905791997909546,0.3275296986103058,0.24937215447425842,0.011218824423849583,0.2648423910140991,0.69590824842453,0.026905293367346938,0.0,0.3727435767650604,944.4877790409743,11271.000318877552,0.06823979591836735,0.028282128274440765,,,,,,
reference,episode_000035,83,1,0.4140058755874634,0.3628378212451935,0.32303866744041443,0.3708426356315613,0.2286309152841568,0.014250196516513824,0.3859058916568756,0.6892262697219849,0.01634247448979592,0.0,0.35322892665863037,812.2478197265397,10756.070432079081,0.06664540816326531,0.022831952199339867,,,,,,
reference,episode_000035,84,0,0.36741411685943604,0.3194211721420288,0.2906777262687683,0.3275490999221802,0.24937424063682556,0.011218824423849583,0.26429885625839233,0.6962118148803711,0.027802136479591837,0.0,0.37171512842178345,950.8966636065888,11271.412786989797,0.06758211096938775,0.028302691876888275,,,,,,
reference,episode_000035,84,1,0.4141025245189667,0.3628871440887451,0.3229205906391144,0.37088990211486816,0.2286253273487091,0.013735687360167503,0.38585883378982544,0.6892023682594299,0.016003667091836735,0.0,0.35433971881866455,791.2679868421669,10641.10227997449,0.06521045918367346,0.022557232528924942,,,,,,
reference,episode_000035,85,0,0.3674417734146118,0.31946006417274475,0.2906469702720642,0.32758066058158875,0.24942605197429657,0.011218824423849583,0.26377883553504944,0.6962903738021851,0.027463329081632654,0.0,0.372210830450058,949.411772499577,11276.127272002552,0.06764190051020408,0.028288643807172775,,,,,,
reference,episode_000035,85,1,0.41412875056266785,0.3627668023109436,0.3231201171875,0.3708238899707794,0.22859452664852142,0.013720001094043255,0.3855631351470947,0.6899843215942383,0.01650191326530612,0.0,0.3526269495487213,774.4890910013175,10571.267099808674,0.06626674107142858,0.02238178625702858,,,,,,
reference,episode_000035,86,0,0.3674342632293701,0.3195234537124634,0.29055798053741455,0.32761794328689575,0.2493775635957718,0.011218824423849583,0.26413923501968384,0.6962274312973022,0.026167889030612245,0.0,0.3733731508255005,944.8792908079472,11265.669802295919,0.06897720025510204,0.02824297547340393,,,,,,
reference,episode_000035,86,1,0.41384661197662354,0.3627268373966217,0.3232559561729431,0.37074509263038635,0.22859150171279907,0.014306667260825634,0.38589805364608765,0.6894494295120239,0.015565210459183673,0.0,0.3518797755241394,777.619862177927,10562.75143494898,0.06662547831632654,0.02233201451599598,,,,,,
reference,episode_000035,87,0,0.3674546778202057,0.31965482234954834,0.2907414436340332,0.3277295231819153,0.24948269128799438,0.011218824423849583,0.26403844356536865,0.6962274312973022,0.027582908163265307,0.0,0.3718526363372803,951.306649609637,11279.08677455357,0.06780133928571429,0.028277641162276268,,,,,,
reference,episode_000035,87,1,0.4138733148574829,0.36268505454063416,0.32300177216529846,0.3707025945186615,0.2286984771490097,0.013720001094043255,0.3858509957790375,0.6899843215942383,0.015345982142857142,0.0,0.35322874784469604,789.0570489834965,10571.648118622448,0.0647720025510204,0.022332295775413513,,,,,,
reference,episode_000035,88,0,0.3676758110523224,0.3197953701019287,0.29101476073265076,0.32789677381515503,0.24953418970108032,0.011218824423849583,0.2642839252948761,0.6962903738021851,0.025849011479591837,0.0,0.37207740545272827,950.7177729910486,11290.446588010203,0.06760204081632654,0.028254959732294083,,,,,,
reference,episode_000035,88,1,0.4138915538787842,0.36278343200683594,0.32308879494667053,0.3707830607891083,0.228824183344841,0.013720001094043255,0.3864172697067261,0.6899843215942383,0.016541772959183673,0.0,0.3530353903770447,793.2450449275058,10520.331632653062,0.06604751275510204,0.02218877151608467,,,,,,
reference,episode_000035,89,0,0.36776041984558105,0.31996017694473267,0.29102766513824463,0.32803356647491455,0.24954448640346527,0.011218824423849583,0.26537102460861206,0.6964949369430542,0.028738839285714284,0.0,0.3719096779823303,941.9557729015645,11306.485889668367,0.06812021683673469,0.02827838994562626,,,,,,
reference,episode_000035,89,1,0.414016455411911,0.3629162013530731,0.32298943400382996,0.37089741230010986,0.2289852648973465,0.013735687360167503,0.386432945728302,0.6908180713653564,0.016262755102040817,0.0,0.35329970717430115,800.3125544956753,10397.619220344388,0.06419403698979592,0.021977396681904793,,,,,,
reference,episode_000035,90,0,0.36792343854904175,0.31996551156044006,0.29114794731140137,0.3280807435512543,0.2496165782213211,0.011218824423849583,0.26485493779182434,0.6970455050468445,0.028778698979591837,0.0,0.3722957968711853,948.1899803980646,11303.642020089286,0.0682796556122449,0.02828153595328331,,,,,,
reference,episode_000035,90,1,0.41462528705596924,0.3632919490337372,0.32347536087036133,0.3713306486606598,0.2293052077293396,0.013735687360167503,0.3872556984424591,0.6919866800308228,0.015565210459183673,0.0,0.3528915047645569,800.2958141356295,10338.004783163266,0.06487165178571429,0.02180216833949089,,,,,,
reference,episode_000035,91,0,0.36807379126548767,0.3202134370803833,0.29119953513145447,0.32829374074935913,0.24963906407356262,0.011218824423849583,0.2643294334411621,0.6970455050468445,0.027722417091836735,0.0,0.37317416071891785,946.4520252069698,11281.305963010203,0.06979432397959184,0.02823166362941265,,,,,,
reference,episode_000035,91,1,0.4153905510902405,0.36405032873153687,0.32397937774658203,0.37207213044166565,0.2298164814710617,0.013735687360167503,0.38837531208992004,0.6919866800308228,0.015166613520408163,0.0,0.35396134853363037,816.302530757788,10318.226642219388,0.0655094068877551,0.021689699962735176,,,,,,
reference,episode_000035,92,0,0.3682697117328644,0.3203165829181671,0.2914455831050873,0.32842695713043213,0.24973370134830475,0.011218824423849583,0.2651223838329315,0.6970455050468445,0.02604830994897959,0.0,0.3720509707927704,946.6550672337295,11283.768654336734,0.06907684948979592,0.02823987789452076,,,,,,
reference,episode_000035,92,1,0.4163041412830353,0.36484768986701965,0.3246185779571533,0.37288275361061096,0.23043064773082733,0.013735687360167503,0.38926902413368225,0.6931239366531372,0.015664859693877552,0.0,0.35462409257888794,812.7075628481622,10319.900271045919,0.06640625,0.021541129797697067,,,,,,
reference,episode_000035,93,0,0.36831241846084595,0.32023724913597107,0.29128286242485046,0.3283674716949463,0.24975129961967468,0.011218824423849583,0.26485493779182434,0.6970455050468445,0.027044802295918366,0.0,0.3711341917514801,944.9518657574697,11275.952048788266,0.06929607780612244,0.028254235163331032,,,,,,
reference,episode_000035,93,1,0.4174821674823761,0.3660581409931183,0.32566508650779724,0.3740745186805725,0.23118501901626587,0.013735687360167503,0.3907478451728821,0.69590824842453,0.015664859693877552,0.0,0.35483017563819885,810.3763805545901,10413.990553252552,0.06698421556122448,0.021522974595427513,,,,,,
reference,episode_000035,94,0,0.36810922622680664,0.3203941583633423,0.29140397906303406,0.32844534516334534,0.24971958994865417,0.011218824423849583,0.26462823152542114,0.6970455050468445,0.02702487244897959,0.0,0.3710324466228485,941.2547834619588,11263.147480867347,0.06800063775510204,0.028235988691449165,,,,,,
reference,episode_000035,94,1,0.41881251335144043,0.36715468764305115,0.32661908864974976,0.3752104640007019,0.231878861784935,0.013720001094043255,0.3923051059246063,0.6972925662994385,0.016262755102040817,0.0,0.3548548221588135,810.0463128933951,10485.700215242347,0.06808035714285714,0.02150522544980049,,,,,,
reference,episode_000035,95,0,0.36826634407043457,0.3204284906387329,0.2914769947528839,0.32850852608680725,0.24973073601722717,0.011218824423849583,0.2648831605911255,0.6979157328605652,0.026247608418367346,0.0,0.3716994822025299,948.225251022253,11250.407924107143,0.0682796556122449,0.028264563530683517,,,,,,
reference,episode_000035,95,1,0.4203338623046875,0.3685213327407837,0.3276351988315582,0.3765847086906433,0.23270174860954285,0.013720001094043255,0.39427605271339417,0.6998298168182373,0.01775749362244898,0.0,0.35666224360466003,820.2639648218247,10603.069953762755,0.06702407525510204,0.021505849435925484,,,,,,
reference,episode_000035,96,0,0.3682944178581238,0.32040244340896606,0.29124751687049866,0.3284793496131897,0.24975764751434326,0.011218824423849583,0.26462823152542114,0.6970611810684204,0.026486766581632654,0.0,0.37105241417884827,947.2338435126562,11285.50462372449,0.06774154974489796,0.028360946103930473,,,,,,
reference,episode_000035,96,1,0.4217678904533386,0.3698051869869232,0.3288330137729645,0.37789422273635864,0.23335403203964233,0.013720001094043255,0.3957121670246124,0.7009670734405518,0.016980229591836735,0.0,0.35676953196525574,833.9216701816588,10719.685148278062,0.06782126913265306,0.02145528420805931,,,,,,
reference,episode_000035,97,0,0.3683370053768158,0.3204769492149353,0.2913966774940491,0.32855239510536194,0.24976634979248047,0.011218824423849583,0.2648596465587616,0.6984454989433289,0.0272640306122449,0.0,0.37301644682884216,936.9349439192791,11265.139469068878,0.06794084821428571,0.02833656221628189,,,,,,
reference,episode_000035,97,1,0.42335933446884155,0.37114453315734863,0.3299408257007599,0.3792705237865448,0.23395036160945892,0.014004314318299294,0.39789411425590515,0.7034525871276855,0.016721141581632654,0.0,0.3562001585960388,841.6114203446311,10853.089644451531,0.06810028698979592,0.021515818312764168,,,,,,
reference,episode_000035,98,0,0.36828604340553284,0.3204415440559387,0.2913057208061218,0.328509658575058,0.24974912405014038,0.011218824423849583,0.2650180459022522,0.6984454989433289,0.02744339923469388,0.0,0.37285560369491577,946.6416832138627,11280.404456313776,0.0693359375,0.02844785340130329,,,,,,
reference,episode_000035,98,1,0.4247375726699829,0.3725946843624115,0.33092889189720154,0.38067197799682617,0.23456762731075287,0.013735687360167503,0.39859098196029663,0.704888641834259,0.016541772959183673,0.0,0.35617202520370483,852.5183163201597,11009.803930165815,0.06818000637755102,0.021745864301919937,,,,,,
reference,episode_000035,99,0,0.36828991770744324,0.32036611437797546,0.29115280508995056,0.32844552397727966,0.24976108968257904,0.011218824423849583,0.26485493779182434,0.6973646879196167,0.02672592474489796,0.0,0.3737940788269043,950.4779554058838,11301.82174744898,0.06877790178571429,0.02855955995619297,,,,,,
reference,episode_000035,99,1,0.42642971873283386,0.3739781975746155,0.332104355096817,0.38210612535476685,0.23532208800315857,0.0139415692538023,0.39984941482543945,0.7076729536056519,0.016362404336734693,0.0,0.3582634925842285,867.5944297946231,11190.587093431122,0.07073102678571429,0.022046616300940514,,,,,,
reference,episode_000035,100,0,0.3682883381843567,0.32027891278266907,0.29119718074798584,0.32838600873947144,0.24981124699115753,0.011218824423849583,0.2637176513671875,0.698465883731842,0.027981505102040817,0.0,0.3723648190498352,948.3375689348843,11335.093590561224,0.0684390943877551,0.028699958696961403,,,,,,
reference,episode_000035,100,1,0.4279734194278717,0.3753879964351654,0.3330806791782379,0.38351303339004517,0.23606446385383606,0.014306667260825634,0.4021192193031311,0.7096235752105713,0.017020089285714284,0.0,0.3588711619377136,889.7857330553437,11432.274593431122,0.07009327168367346,0.022401710972189903,,,,,,
reference,episode_000035,101,0,0.3681560158729553,0.32018473744392395,0.2911311686038971,0.32828572392463684,0.24979357421398163,0.011218824423849583,0.26355409622192383,0.6984454989433289,0.028160873724489797,0.0,0.3720967471599579,941.1906626807405,11350.803332270409,0.06859853316326531,0.028788885101675987,,,,,,
reference,episode_000035,101,1,0.42944008111953735,0.37668153643608093,0.3341415524482727,0.3848266303539276,0.23668469488620758,0.014306667260825634,0.4026854932308197,0.7127317786216736,0.015545280612244899,0.0,0.35953161120414734,905.6252160999785,11671.385722257653,0.07122927295918367,0.022629637271165848,,,,,,
reference,episode_000035,102,0,0.3681117594242096,0.32024890184402466,0.29102978110313416,0.3283149302005768,0.24984604120254517,0.011218824423849583,0.2637176513671875,0.698465883731842,0.026506696428571428,0.0,0.37319666147232056,953.5694114716041,11337.419363839286,0.06949537627551021,0.028767256066203117,,,,,,
reference,episode_000035,102,1,0.43063855171203613,0.3780372738838196,0.3350563049316406,0.3861171305179596,0.2371201515197754,0.014306667260825634,0.404640793800354,0.7135451436042786,0.015246332908163265,0.0,0.3585849404335022,929.8001095737234,11917.579599808674,0.07190688775510204,0.022844722494482994,,,,,,
reference,episode_000035,103,0,0.36814889311790466,0.32019490003585815,0.29112762212753296,0.32829129695892334,0.24980728328227997,0.011218824423849583,0.26315373182296753,0.6992635130882263,0.0284000318877551,0.0,0.3727714419364929,958.6533089808154,11338.72377232143,0.06953523596938775,0.028748279437422752,,,,,,
reference,episode_000035,103,1,0.43179070949554443,0.3791472911834717,0.33615440130233765,0.38723522424697876,0.2374574989080429,0.014230980537831783,0.4051709771156311,0.7155160903930664,0.01612324617346939,0.0,0.3579864501953125,942.3585525315685,12070.970105229591,0.07021285076530612,0.022927306592464447,,,,,,
reference,episode_000035,104,0,0.3682400584220886,0.3202601671218872,0.2910691797733307,0.3283531069755554,0.24983032047748566,0.011218824423849583,0.2637176513671875,0.6992635130882263,0.028021364795918366,0.0,0.3738272190093994,962.6718108110853,11382.52200255102,0.06829958545918367,0.028757652267813683,,,,,,
reference,episode_000035,104,1,0.4329088032245636,0.3803137242794037,0.3370756506919861,0.38837361335754395,0.23774349689483643,0.014250196516513824,0.4060407876968384,0.7169004082679749,0.017438616071428572,1.992984693877551e-05,0.35597139596939087,948.9624325435691,12202.893973214286,0.07051179846938775,0.022982856258749962,,,,,,
reference,episode_000035,105,0,0.36823219060897827,0.3202236592769623,0.29109498858451843,0.3283271789550781,0.24984873831272125,0.011218824423849583,0.2631615996360779,0.7001333832740784,0.026426977040816327,0.0,0.3733726143836975,963.4940232257452,11369.711694834185,0.06877790178571429,0.028730174526572227,,,,,,
reference,episode_000035,105,1,0.43413710594177246,0.38160693645477295,0.3380107879638672,0.38962721824645996,0.23796497285366058,0.015083922073245049,0.4074297845363617,0.7194376587867737,0.014768016581632654,1.992984693877551e-05,0.3561928868293762,960.0244091431929,12356.994180484693,0.07122927295918367,0.023057544603943825,,,,,,
reference,episode_000035,106,0,0.3682968318462372,0.3202509880065918,0.2911233603954315,0.3283625543117523,0.24986356496810913,0.011218824423849583,0.2632133364677429,0.698465883731842,0.026028380102040817,0.0,0.37317851185798645,956.6621936220569,11373.202128507653,0.06720344387755102,0.028691474348306656,,,,,,
reference,episode_000035,106,1,0.43542417883872986,0.3827751576900482,0.33917945623397827,0.39082071185112,0.2383691966533661,0.014306667260825634,0.4079913794994354,0.7205748558044434,0.01572464923469388,0.0,0.35587847232818604,985.1766265077127,12523.641422193878,0.07138871173469388,0.023179540410637856,,,,,,
reference,episode_000035,107,0,0.36821362376213074,0.32020193338394165,0.2910863757133484,0.3283070921897888,0.24988994002342224,0.011218824423849583,0.2631717920303345,0.6992635130882263,0.027981505102040817,0.0,0.37352100014686584,961.508390459206,11352.584263392857,0.07019292091836735,0.028664113953709602,,,,,,
reference,episode_000035,107,1,0.43647781014442444,0.38393035531044006,0.3399524688720703,0.39192673563957214,0.23880843818187714,0.014306667260825634,0.40939605236053467,0.7213882207870483,0.01709980867346939,0.0,0.35510313510894775,1002.2298303685156,12710.37376434949,0.07467713647959184,0.02330472320318222,,,,,,
reference,episode_000035,108,0,0.36822983622550964,0.3203847110271454,0.2911311686038971,0.3284445106983185,0.24985407292842865,0.011218824423849583,0.2633592188358307,0.698465883731842,0.02556999362244898,0.0,0.37278154492378235,953.889555660996,11355.008370535714,0.06949537627551021,0.028645522892475128,,,,,,
reference,episode_000035,108,1,0.4376201927661896,0.38482826948165894,0.3410380482673645,0.39289015531539917,0.2391141802072525,0.014306667260825634,0.41093724966049194,0.7233591675758362,0.015565210459183673,0.0,0.3538029193878174,1022.9213274149834,12918.452686543367,0.07507573341836735,0.02352614887058735,,,,,,
reference,episode_000035,109,0,0.368304044008255,0.32026898860931396,0.2909966707229614,0.32836776971817017,0.2498188018798828,0.011218824423849583,0.2637145221233368,0.7001490592956543,0.02596859056122449,0.0,0.37443146109580994,959.8010838328676,11342.504862882653,0.06875797193877552,0.02865714207291603,,,,,,
reference,episode_000035,109,1,0.4382718503475189,0.38562726974487305,0.34153351187705994,0.39363595843315125,0.2394842803478241,0.014250196516513824,0.4133490324020386,0.7233591675758362,0.016481983418367346,0.0,0.35484951734542847,1053.0233386499294,13109.178332270409,0.07477678571428571,0.02385781891644001,,,,,,
reference,episode_000035,110,0,0.36826276779174805,0.32034939527511597,0.2910171151161194,0.32841798663139343,0.24978265166282654,0.011672156862914562,0.2634549140930176,0.6998298168182373,0.023776307397959183,0.0,0.37430912256240845,957.3448218838568,11370.827806122448,0.06995376275510204,0.02872331254184246,,,,,,
reference,episode_000035,110,1,0.43863770365715027,0.38604459166526794,0.34199514985084534,0.39404553174972534,0.23991794884204865,0.014434313401579857,0.4133647084236145,0.7244964838027954,0.016800860969387755,0.0,0.35476332902908325,1063.2461441195742,13302.027104591836,0.07770647321428571,0.024271706119179726,,,,,,
reference,episode_000035,111,0,0.36828410625457764,0.3203359544277191,0.291053831577301,0.32841557264328003,0.24973604083061218,0.011445490643382072,0.2638741135597229,0.7001333832740784,0.02668606505102041,0.0,0.37230443954467773,962.6587895171338,11386.62232940051,0.06957509566326531,0.028772203251719475,,,,,,
reference,episode_000035,111,1,0.4388701021671295,0.38626712560653687,0.3422071635723114,0.3942694365978241,0.240452840924263,0.014250196516513824,0.41467058658599854,0.7244964838027954,0.01837531887755102,0.0,0.3542143702507019,1081.0003146541362,13560.228874362245,0.0780452806122449,0.02486925758421421,,,,,,
reference,episode_000035,112,0,0.3683607578277588,0.32033950090408325,0.29096001386642456,0.32842761278152466,0.24974989891052246,0.011218824423849583,0.2631717920303345,0.6998298168182373,0.02662627551020408,0.0,0.37452733516693115,954.1265070024306,11375.250956632653,0.06855867346938775,0.028711441904306412,,,,,,
reference,episode_000035,112,1,0.4390847384929657,0.3865264058113098,0.34251096844673157,0.39452236890792847,0.2409275770187378,0.015120001509785652,0.41382119059562683,0.7247434854507446,0.01584422831632653,0.0,0.3533153533935547,1104.5647081949471,13793.031210140307,0.07908163265306123,0.025426706299185753,,,,,,
reference,episode_000035,113,0,0.3681919574737549,0.32030031085014343,0.2910378575325012,0.3283693492412567,0.24974167346954346,0.011218824423849583,0.2631513774394989,0.6998298168182373,0.02549027423469388,0.0,0.3729363977909088,962.9614433306846,11415.757453762755,0.06963488520408163,0.028818242251873016,,,,,,
reference,episode_000035,113,1,0.4389236271381378,0.38642314076423645,0.3425254821777344,0.39441537857055664,0.24146413803100586,0.015368235297501087,0.4136321544647217,0.727280855178833,0.018315529336734693,0.0,0.3526715338230133,1142.1846237305747,14114.639429209185,0.07946029974489796,0.026094963774085045,,,,,,
reference,episode_000035,114,0,0.36816632747650146,0.32016438245773315,0.2907944619655609,0.32824909687042236,0.24970826506614685,0.011218824423849583,0.26258039474487305,0.6998298168182373,0.0262874681122449,0.0,0.37321963906288147,961.5719389428898,11442.191964285714,0.06929607780612244,0.028871074318885803,,,,,,
reference,episode_000035,114,1,0.4386332035064697,0.3864295482635498,0.34252408146858215,0.3943580389022827,0.241887167096138,0.015120001509785652,0.41356468200683594,0.727280855178833,0.015824298469387755,0.0,0.35403504967689514,1161.7737113570531,14392.098294005102,0.07954001913265306,0.02663920447230339,,,,,,
reference,episode_000035,115,0,0.36785951256752014,0.3200417757034302,0.29052114486694336,0.32807642221450806,0.24963390827178955,0.011218824423849583,0.26207059621810913,0.6992635130882263,0.024294483418367346,0.0,0.3741055428981781,970.8902784392815,11462.535514987245,0.06963488520408163,0.028925515711307526,,,,,,
reference,episode_000035,115,1,0.4383890926837921,0.38613665103912354,0.3421761393547058,0.3940715789794922,0.24228383600711823,0.015120001509785652,0.41278275847435,0.727280855178833,0.01610331632653061,3.985969387755102e-05,0.3557323217391968,1158.5540327475699,14594.016103316326,0.08382493622448979,0.027010155841708183,,,,,,
reference,episode_000035,116,0,0.3677985966205597,0.3198779225349426,0.2905535101890564,0.32794860005378723,0.2496407926082611,0.011445490643382072,0.2618078589439392,0.6984454989433289,0.024972098214285716,0.0,0.3748117983341217,983.9687841618772,11470.225286989797,0.06831951530612244,0.028924135491251945,,,,,,
reference,episode_000035,116,1,0.43807822465896606,0.3858599066734314,0.34201470017433167,0.393795907497406,0.2426210641860962,0.015120001509785652,0.41273096203804016,0.727280855178833,0.016541772959183673,0.0,0.354464054107666,1162.6061620732141,14709.843510841836,0.08242984693877552,0.027276400476694107,,,,,,
reference,episode_000035,117,0,0.3676323890686035,0.31973135471343994,0.29022079706192017,0.3277844786643982,0.24953573942184448,0.011672156862914562,0.26150432229042053,0.6978588700294495,0.025111607142857144,0.0,0.37411877512931824,981.0142211405648,11446.409996811224,0.06857860331632654,0.028872458264231682,,,,,,
reference,episode_000035,117,1,0.43763887882232666,0.38554805517196655,0.341619074344635,0.39345091581344604,0.24296706914901733,0.015083922073245049,0.41213804483413696,0.727280855178833,0.01504703443877551,0.0,0.35591453313827515,1186.2225361716394,14881.356823979591,0.08272879464285714,0.027683066204190254,,,,,,
reference,episode_000035,118,0,0.3675879240036011,0.31948161125183105,0.2900388538837433,0.3275831937789917,0.24950651824474335,0.011218824423849583,0.26140666007995605,0.6970455050468445,0.02676578443877551,0.0,0.3752984404563904,985.3670779267534,11419.813456632653,0.07013313137755102,0.028831621631979942,,,,,,
reference,episode_000035,118,1,0.4373551905155182,0.3854811489582062,0.3416159152984619,0.3933424651622772,0.2433186024427414,0.015120001509785652,0.4113937020301819,0.727280855178833,0.015027104591836735,0.0,0.35496786236763,1175.7160706617394,15015.345424107143,0.08318718112244898,0.027827294543385506,,,,,,
reference,episode_000035,119,0,0.36735042929649353,0.3193358778953552,0.2900621294975281,0.32743021845817566,0.24947135150432587,0.011218824423849583,0.2604258954524994,0.6972925662994385,0.026745854591836735,0.0,0.3731512427330017,970.9757303510395,11431.662547831633,0.06963488520408163,0.028837168589234352,,,,,,
reference,episode_000035,119,1,0.4369771480560303,0.3849901854991913,0.3412923216819763,0.3928876519203186,0.243621364235878,0.015064706094563007,0.41009294986724854,0.7253097891807556,0.01634247448979592,0.0,0.355496883392334,1176.4078709679015,15143.32864317602,0.08434311224489796,0.02799006551504135,,,,,,
reference,episode_000035,120,0,0.36728936433792114,0.3192504346370697,0.2897079288959503,0.3273305594921112,0.24945169687271118,0.011218824423849583,0.2609129548072815,0.6970455050468445,0.024832589285714284,0.0,0.3756725490093231,968.7926078631153,11392.437101403062,0.06937579719387756,0.0286856796592474,,,,,,
reference,episode_000035,120,1,0.43636929988861084,0.3844693899154663,0.34076952934265137,0.39234820008277893,0.24393457174301147,0.014553726650774479,0.40887686610221863,0.7241725325584412,0.017059948979591837,1.992984693877551e-05,0.3559706509113312,1194.9986421357885,15255.088767538266,0.08380500637755102,0.028172163292765617,,,,,,
reference,episode_000035,121,0,0.3671681582927704,0.31928718090057373,0.28971242904663086,0.32733139395713806,0.2495303452014923,0.011445490643382072,0.2614996135234833,0.6970611810684204,0.025988520408163265,0.0,0.37640202045440674,964.3974572753272,11336.877830038266,0.06945551658163265,0.0285587627440691,,,,,,
reference,episode_000035,121,1,0.4354693293571472,0.3837054967880249,0.3400493860244751,0.3915584683418274,0.24421250820159912,0.014306667260825634,0.40800079703330994,0.7239459156990051,0.015864158163265307,0.0,0.3563098609447479,1181.4835140445937,15299.45169005102,0.08587771045918367,0.028336087241768837,,,,,,
reference,episode_000035,122,0,0.3670376241207123,0.31911203265190125,0.2893507182598114,0.3271522521972656,0.24953332543373108,0.011218824423849583,0.2608478367328644,0.6970455050468445,0.025829081632653062,0.0,0.37783318758010864,948.3899281889832,11311.346460459185,0.06881776147959184,0.028438732028007507,,,,,,
reference,episode_000035,122,1,0.43449604511260986,0.3828241527080536,0.33920642733573914,0.39066043496131897,0.24437980353832245,0.014780392870306969,0.40464550256729126,0.7241725325584412,0.015385841836734694,3.985969387755102e-05,0.35780906677246094,1207.557857356137,15328.685068558674,0.08354591836734694,0.028563182801008224,,,,,,
reference,episode_000035,123,0,0.3668674826622009,0.31897854804992676,0.28941044211387634,0.3270248770713806,0.24961107969284058,0.011218824423849583,0.2609615921974182,0.6970455050468445,0.025769292091836735,0.0,0.37660735845565796,950.9915606563461,11338.203523596938,0.0694156568877551,0.028470037505030632,,,,,,
reference,episode_000035,123,1,0.43362054228782654,0.38194406032562256,0.3384547829627991,0.3897905647754669,0.24459907412528992,0.014250196516513824,0.4035552740097046,0.7239459156990051,0.014748086734693877,1.992984693877551e-05,0.3601524829864502,1209.252362283852,15429.018056441326,0.08613679846938775,0.02904122695326805,,,,,,
reference,episode_000035,124,0,0.36697033047676086,0.31887543201446533,0.2896086573600769,0.3269873559474945,0.24978850781917572,0.011218824423849583,0.2614996135234833,0.6970455050468445,0.02716438137755102,0.0,0.375070184469223,950.2808630441635,11366.018853635203,0.06961495535714286,0.028518296778202057,,,,,,
reference,episode_000035,124,1,0.4324137568473816,0.3807539939880371,0.337356299161911,0.3886035680770874,0.2448579967021942,0.014553726650774479,0.3996337354183197,0.7239459156990051,0.014887595663265306,1.992984693877551e-05,0.3606276214122772,1212.1513287096607,15526.382214604591,0.08378507653061225,0.029463715851306915,,,,,,
reference,episode_000035,125,0,0.36688438057899475,0.318913996219635,0.2893916070461273,0.32698097825050354,0.24999698996543884,0.011218824423849583,0.2614996135234833,0.6970455050468445,0.026646205357142856,0.0,0.37651050090789795,948.2698768685631,11406.071069834185,0.07067123724489796,0.028574112802743912,,,,,,
reference,episode_000035,125,1,0.43082085251808167,0.3794116973876953,0.3358171880245209,0.3871937692165375,0.24491432309150696,0.014553726650774479,0.3961843252182007,0.7221946716308594,0.015764508928571428,1.992984693877551e-05,0.3627016544342041,1232.7142218304198,15543.822504783164,0.08693399234693877,0.029638618230819702,,,,,,
reference,episode_000035,126,0,0.36696702241897583,0.3188419044017792,0.289595365524292,0.3269617259502411,0.25018924474716187,0.011218824423849583,0.26207059621810913,0.6978651285171509,0.027323820153061226,0.0,0.37643885612487793,954.9951369517152,11432.276785714286,0.0690170599489796,0.028647813946008682,,,,,,
reference,episode_000035,126,1,0.4293612241744995,0.37806621193885803,0.3346771001815796,0.38583874702453613,0.24498386681079865,0.013946667313575745,0.39447370171546936,0.7213882207870483,0.016741071428571428,3.985969387755102e-05,0.36454111337661743,1227.532716711776,15541.167610012755,0.0869140625,0.029786793515086174,,,,,,
reference,episode_000035,127,0,0.36700156331062317,0.3188595771789551,0.2896409034729004,0.3269849419593811,0.25040605664253235,0.011218824423849583,0.261785089969635,0.6970455050468445,0.02810108418367347,0.0,0.37759077548980713,959.5477707718672,11454.208705357143,0.06977439413265306,0.028664639219641685,,,,,,
reference,episode_000035,127,1,0.4279630184173584,0.37657397985458374,0.3333442807197571,0.3843781352043152,0.2450210005044937,0.014023530296981335,0.39231452345848083,0.7194376587867737,0.015365911989795918,3.985969387755102e-05,0.3664085268974304,1221.3804146708273,15502.250358737245,0.08482142857142858,0.03016538731753826,,,,,,
reference,episode_000035,128,0,0.3667677938938141,0.31901097297668457,0.28967151045799255,0.327045738697052,0.2505851984024048,0.011198431253433228,0.26176705956459045,0.6978588700294495,0.026167889030612245,0.0,0.3772437870502472,954.4275133573029,11460.969108737245,0.06963488520408163,0.02863597683608532,,,,,,
reference,episode_000035,128,1,0.4262096881866455,0.3750092387199402,0.3318871557712555,0.382781058549881,0.24487100541591644,0.013735687360167503,0.3898274600505829,0.7161027193069458,0.016462053571428572,5.978954081632653e-05,0.36704587936401367,1234.1201164753227,15445.547911352041,0.08414381377551021,0.03062416985630989,,,,,,
reference,episode_000035,129,0,0.36686474084854126,0.318904846906662,0.28959211707115173,0.326984703540802,0.2507917582988739,0.011218824423849583,0.26180315017700195,0.6970455050468445,0.027802136479591837,0.0,0.378703773021698,955.521028706949,11457.166972257653,0.07045200892857142,0.028652865439653397,,,,,,
reference,episode_000035,129,1,0.4243624806404114,0.3731367290019989,0.33037638664245605,0.3809400200843811,0.24457989633083344,0.014306667260825634,0.3892015814781189,0.7135451436042786,0.01634247448979592,5.978954081632653e-05,0.3685056269168854,1197.8771011971373,15361.567283163266,0.0840640943877551,0.030780915170907974,,,,,,
reference,episode_000035,130,0,0.3669140338897705,0.3189461827278137,0.28961679339408875,0.3270265758037567,0.2510530352592468,0.011218824423849583,0.2617513835430145,0.698465883731842,0.028200733418367346,0.0,0.37736138701438904,953.9426511754995,11438.807796556122,0.07069116709183673,0.028638266026973724,,,,,,
reference,episode_000035,130,1,0.4225209355354309,0.3715188503265381,0.3288952708244324,0.37928450107574463,0.24422842264175415,0.014023530296981335,0.3878219723701477,0.7121812105178833,0.015963807397959183,1.992984693877551e-05,0.37053072452545166,1193.9950178397394,15316.971022002552,0.08091517857142858,0.030892448499798775,,,,,,
reference,episode_000035,131,0,0.3669658899307251,0.3189687728881836,0.28988921642303467,0.3270733952522278,0.25128376483917236,0.011218824423849583,0.26150667667388916,0.6970455050468445,0.028280452806122448,0.0,0.3773919641971588,959.1682622699824,11477.770009566326,0.07017299107142858,0.028752390295267105,,,,,,
reference,episode_000035,131,1,0.4209621250629425,0.3699086904525757,0.3276990056037903,0.3777150511741638,0.24352046847343445,0.014023530296981335,0.3878219723701477,0.7088102102279663,0.01522640306122449,0.0,0.3705486059188843,1195.3255970552532,15271.292291135203,0.08611686862244898,0.030966278165578842,,,,,,
reference,episode_000035,132,0,0.3668806254863739,0.31911489367485046,0.29014864563941956,0.3271785378456116,0.25149762630462646,0.011198431253433228,0.26207059621810913,0.698465883731842,0.029296875,0.0,0.37645089626312256,955.9520872180434,11491.250558035714,0.06943558673469388,0.028811139985919,,,,,,
reference,episode_000035,132,1,0.4194169044494629,0.36841151118278503,0.3262959420681,0.37621456384658813,0.24257588386535645,0.013735687360167503,0.3872556984424591,0.704888641834259,0.015505420918367346,0.0,0.37135252356529236,1181.9397293207596,15195.65736607143,0.08229033801020408,0.031037505716085434,,,,,,
reference,episode_000035,133,0,0.36706212162971497,0.3192647397518158,0.2904176115989685,0.32734373211860657,0.2516310513019562,0.011218824423849583,0.262394517660141,0.6998298168182373,0.028698979591836735,0.0,0.377272367477417,962.8007851834598,11514.432118941326,0.07126913265306123,0.028872443363070488,,,,,,
reference,episode_000035,133,1,0.41781333088874817,0.366854190826416,0.3247756063938141,0.3746500611305237,0.24124285578727722,0.013735687360167503,0.3870062828063965,0.701780378818512,0.0176578443877551,3.985969387755102e-05,0.37063828110694885,1177.558694533237,15050.902383609693,0.08360570790816327,0.0310879647731781,,,,,,
reference,episode_000035,134,0,0.3672013580799103,0.3194098174571991,0.2904947102069855,0.3274826109409332,0.2517615854740143,0.011218824423849583,0.262888640165329,0.6984454989433289,0.026885363520408163,0.0,0.3769094944000244,950.7002762520826,11552.32864317602,0.07027264030612244,0.02888459712266922,,,,,,
reference,episode_000035,134,1,0.4159681499004364,0.36520591378211975,0.32318055629730225,0.37296372652053833,0.23971940577030182,0.013720001094043255,0.38640159368515015,0.6992635130882263,0.01731903698979592,3.985969387755102e-05,0.3707864284515381,1191.4065012187075,14950.873963647959,0.08101482780612244,0.031205443665385246,,,,,,
reference,episode_000035,135,0,0.3676121234893799,0.3195940852165222,0.2907658517360687,0.3277212977409363,0.25189027190208435,0.011218824423849583,0.26290589570999146,0.698465883731842,0.02822066326530612,0.0,0.37690064311027527,949.652375587867,11580.295240752552,0.0690170599489796,0.02887616865336895,,,,,,
reference,episode_000035,135,1,0.41416725516319275,0.3633362948894501,0.32147255539894104,0.371120423078537,0.23837794363498688,0.014023530296981335,0.38394275307655334,0.695341944694519,0.017538265306122448,3.985969387755102e-05,0.3708038032054901,1196.989642418111,14756.759845344388,0.08071588010204081,0.031042765825986862,,,,,,
reference,episode_000035,136,0,0.36763283610343933,0.3198005259037018,0.29092898964881897,0.32788515090942383,0.25190040469169617,0.011218824423849583,0.264299601316452,0.6981827616691589,0.02646683673469388,0.0,0.37789416313171387,948.1491820666255,11569.168965242347,0.07140864158163265,0.028842812404036522,,,,,,
reference,episode_000035,136,1,0.41215643286705017,0.36129090189933777,0.3197636306285858,0.3691066801548004,0.23696297407150269,0.013946667313575745,0.3824799954891205,0.6914768815040588,0.017697704081632654,0.0,0.36998531222343445,1169.195497078282,14431.587930484693,0.08075573979591837,0.03049878031015396,,,,,,
reference,episode_000035,137,0,0.3678695559501648,0.32000473141670227,0.2911176383495331,0.3280951976776123,0.2520279288291931,0.011218824423849583,0.26485493779182434,0.6984454989433289,0.027283960459183673,0.0,0.376468688249588,952.6741859276361,11630.997767857143,0.07025271045918367,0.028926469385623932,,,,,,
reference,episode_000035,137,1,0.410251259803772,0.35961058735847473,0.3180861175060272,0.36737874150276184,0.23557919263839722,0.014023530296981335,0.37997883558273315,0.6886517405509949,0.017159598214285716,1.992984693877551e-05,0.3720111846923828,1152.6622115138769,14073.80357142857,0.08043686224489796,0.029936162754893303,,,,,,
reference,episode_000035,138,0,0.3681088387966156,0.3201003968715668,0.29147040843963623,0.32823991775512695,0.25201863050460815,0.011218824423849583,0.26511454582214355,0.6984454989433289,0.028439891581632654,0.0,0.3761173188686371,957.4624670585561,11671.617426658164,0.06997369260204081,0.02903163991868496,,,,,,
reference,episode_000035,138,1,0.40838420391082764,0.35783159732818604,0.3165436089038849,0.36559805274009705,0.23430131375789642,0.013735687360167503,0.37941256165504456,0.6850337386131287,0.01707987882653061,0.0,0.3710628151893616,1116.6763964628785,13770.50924744898,0.07826450892857142,0.029558798298239708,,,,,,
reference,episode_000035,139,0,0.3681630790233612,0.32029446959495544,0.29140228033065796,0.32838529348373413,0.2520717680454254,0.011218824423849583,0.2662957012653351,0.6984454989433289,0.029416454081632654,0.0,0.37674710154533386,968.3376855306059,11780.22317442602,0.07262436224489796,0.029277658089995384,,,,,,
reference,episode_000035,139,1,0.4066929817199707,0.3562612235546112,0.31495606899261475,0.3640008270740509,0.23300333321094513,0.013720001094043255,0.37723296880722046,0.6813592910766602,0.016462053571428572,1.992984693877551e-05,0.37239810824394226,1110.848457005559,13578.950414540815,0.08047672193877552,0.029560808092355728,,,,,,
reference,episode_000035,140,0,0.36835017800331116,0.3204975724220276,0.29150667786598206,0.3285779058933258,0.25213274359703064,0.011198431253433228,0.2670729458332062,0.698465883731842,0.028121014030612245,0.0,0.3769512474536896,963.7595068924828,11811.568757971938,0.07192681760204081,0.02936670556664467,,,,,,
reference,episode_000035,140,1,0.4054005742073059,0.354941189289093,0.31370237469673157,0.36269140243530273,0.2317894697189331,0.013720001094043255,0.375652939081192,0.6796557307243347,0.01767777423469388,1.992984693877551e-05,0.3719097971916199,1114.0989593635347,13400.094945790815,0.08033721301020408,0.029482904821634293,,,,,,
reference,episode_000035,141,0,0.3684599697589874,0.32060062885284424,0.29164832830429077,0.32868513464927673,0.2520788609981537,0.011218824423849583,0.2676392197608948,0.6977580189704895,0.028559470663265307,0.0,0.3764103353023529,975.1114872487968,11809.259486607143,0.07264429209183673,0.02945864014327526,,,,,,
reference,episode_000035,141,1,0.4043412208557129,0.3539086580276489,0.31285548210144043,0.36166661977767944,0.2306731939315796,0.013720001094043255,0.3739984333515167,0.6768871545791626,0.017378826530612245,1.992984693877551e-05,0.370766282081604,1109.7032146064603,13243.589086415815,0.07944036989795919,0.029324274510145187,,,,,,
reference,episode_000035,142,0,0.36867639422416687,0.32063615322113037,0.2918895483016968,0.32877400517463684,0.25207749009132385,0.011218824423849583,0.2682384252548218,0.6970611810684204,0.028659119897959183,0.0,0.3767766058444977,967.838593418625,11810.95619419643,0.07172751913265306,0.029455525800585747,,,,,,
reference,episode_000035,142,1,0.4033587574958801,0.3529227375984192,0.3117077350616455,0.36066970229148865,0.2297593504190445,0.013720001094043255,0.37327295541763306,0.6748823523521423,0.015625,1.992984693877551e-05,0.37167197465896606,1111.0857475114735,13171.541095344388,0.07886240433673469,0.029177149757742882,,,,,,
reference,episode_000035,143,0,0.3687290549278259,0.32077252864837646,0.2918494641780853,0.32887983322143555,0.2520584166049957,0.011218824423849583,0.2687811851501465,0.6972925662994385,0.02814094387755102,0.0,0.37699824571609497,967.8590880218817,11788.28013392857,0.0716079400510204,0.02940811589360237,,,,,,
reference,episode_000035,143,1,0.4024360775947571,0.3519115746021271,0.3106781840324402,0.3596760034561157,0.22894392907619476,0.013720001094043255,0.3721356987953186,0.6729654669761658,0.01598373724489796,1.992984693877551e-05,0.3723069429397583,1118.0408117408706,13116.338329081633,0.07694913903061225,0.02912178263068199,,,,,,
reference,episode_000035,144,0,0.3687593936920166,0.320749431848526,0.2918238639831543,0.32886794209480286,0.25200358033180237,0.011218824423849583,0.26962822675704956,0.6978588700294495,0.02796157525510204,0.0,0.3773723542690277,970.9819671236841,11820.495057397959,0.07306281887755102,0.02946411445736885,,,,,,
reference,episode_000035,144,1,0.40138891339302063,0.35105186700820923,0.309788316488266,0.3587742745876312,0.22819100320339203,0.013720001094043255,0.3707309663295746,0.6695945262908936,0.01696029974489796,1.992984693877551e-05,0.3731926381587982,1107.7042394190817,13040.164819834185,0.07898198341836735,0.02899731881916523,,,,,,
reference,episode_000035,145,0,0.36870077252388,0.32086506485939026,0.2917743921279907,0.32893460988998413,0.2519775927066803,0.011218824423849583,0.26965099573135376,0.6970455050468445,0.0272640306122449,0.0,0.3778323233127594,975.933494709274,11837.829520089286,0.07101004464285714,0.029493823647499084,,,,,,
reference,episode_000035,145,1,0.40079763531684875,0.3504084348678589,0.3093654215335846,0.3581578731536865,0.22739508748054504,0.013720001094043255,0.36990195512771606,0.6690282225608826,0.017239317602040817,0.0,0.3706332743167877,1120.3032173623844,12924.183035714286,0.07724808673469388,0.028852315619587898,,,,,,
reference,episode_000035,146,0,0.3687320351600647,0.3208698332309723,0.291829377412796,0.32894861698150635,0.2518925666809082,0.011218824423849583,0.2706019878387451,0.6979196071624756,0.02770248724489796,0.0,0.37775880098342896,970.7080574937285,11796.408761160714,0.07162786989795919,0.029399532824754715,,,,,,
reference,episode_000035,146,1,0.40009328722953796,0.34979552030563354,0.3087786138057709,0.35752737522125244,0.22666481137275696,0.013720001094043255,0.3696611821651459,0.6678910255432129,0.017279177295918366,0.0,0.371410071849823,1092.219693210114,12784.745535714286,0.07322225765306123,0.028568457812070847,,,,,,
reference,episode_000035,147,0,0.36882442235946655,0.32082250714302063,0.2919677495956421,0.3289443552494049,0.251916766166687,0.011218824423849583,0.2698572874069214,0.6970455050468445,0.028160873724489797,0.0,0.3773404657840729,975.410732121132,11803.656050701531,0.07176737882653061,0.02939506620168686,,,,,,
reference,episode_000035,147,1,0.3996988832950592,0.3492412269115448,0.308199942111969,0.3570053279399872,0.22599045932292938,0.013720001094043255,0.3684815764427185,0.665673017501831,0.017956792091836735,0.0,0.3706406056880951,1083.2828156607493,12693.792889030612,0.07435825892857142,0.02841482125222683,,,,,,
reference,episode_000035,148,0,0.3687340021133423,0.32087624073028564,0.291957825422287,0.32896292209625244,0.2519359290599823,0.011218824423849583,0.27019137144088745,0.6970455050468445,0.027383609693877552,0.0,0.37768882513046265,970.5898739367116,11814.619539221938,0.07126913265306123,0.029411030933260918,,,,,,
reference,episode_000035,148,1,0.3992348909378052,0.3487148582935333,0.3075931966304779,0.3564864695072174,0.22542840242385864,0.013720001094043255,0.36878037452697754,0.6654876470565796,0.017717633928571428,0.0,0.37018322944641113,1076.1263777777733,12612.392976721938,0.07587292729591837,0.028226934373378754,,,,,,
reference,episode_000035,149,0,0.36871692538261414,0.3208538293838501,0.2919481098651886,0.32894253730773926,0.2518601417541504,0.011198431253433228,0.27042356133461,0.6970455050468445,0.029416454081632654,0.0,0.37658390402793884,975.2848173881857,11828.043327487245,0.0702327806122449,0.029421214014291763,,,,,,
reference,episode_000035,149,1,0.39879587292671204,0.34827494621276855,0.30717453360557556,0.35604822635650635,0.22493058443069458,0.013720001094043255,0.36771059036254883,0.6646115779876709,0.016222895408163265,0.0,0.37033718824386597,1092.5558970557406,12573.785754145409,0.07627152423469388,0.02820565178990364,,,,,,
reference,episode_000035,150,0,0.3687421977519989,0.3208756148815155,0.2918233871459961,0.3289544880390167,0.25180813670158386,0.011218824423849583,0.27098748087882996,0.6970455050468445,0.02792171556122449,0.0,0.3786519169807434,972.5835290247079,11808.698899872448,0.07178730867346939,0.029360909014940262,,,,,,
reference,episode_000035,150,1,0.39857810735702515,0.3480253517627716,0.307041734457016,0.3558138310909271,0.22453472018241882,0.013720001094043255,0.3675866723060608,0.6640415787696838,0.01624282525510204,1.992984693877551e-05,0.3700549602508545,1089.3125197546822,12522.522401147959,0.0731624681122449,0.028096647933125496,,,,,,
reference,episode_000035,151,0,0.3687889575958252,0.3209630250930786,0.2919526696205139,0.32903629541397095,0.25182855129241943,0.011218824423849583,0.27099451422691345,0.6970455050468445,0.02694515306122449,0.0,0.3770494759082794,975.934305326485,11821.966198979591,0.07091039540816327,0.029389137402176857,,,,,,
reference,episode_000035,151,1,0.3984491527080536,0.34776636958122253,0.30650588870048523,0.3555625081062317,0.22420568764209747,0.013720001094043255,0.3673913776874542,0.6631718277931213,0.017777423469387755,1.992984693877551e-05,0.3712500333786011,1097.124659809953,12504.62571747449,0.07573341836734694,0.02809666097164154,,,,,,
reference,episode_000035,152,0,0.3688820004463196,0.32096579670906067,0.29193350672721863,0.32905668020248413,0.2517830729484558,0.011218824423849583,0.27108117938041687,0.6970455050468445,0.027582908163265307,0.0,0.37804391980171204,980.7589904391134,11803.613360969388,0.07116948341836735,0.029356596991419792,,,,,,
reference,episode_000035,152,1,0.39824342727661133,0.34753820300102234,0.30633819103240967,0.35534346103668213,0.22387608885765076,0.013720001094043255,0.3662431538105011,0.661998450756073,0.016541772959183673,0.0,0.37010788917541504,1087.6673684380341,12473.567801339286,0.07290338010204081,0.02805355191230774,,,,,,
reference,episode_000035,153,0,0.36887019872665405,0.32096967101097107,0.29216310381889343,0.3290734589099884,0.2517796754837036,0.011218824423849583,0.27101489901542664,0.6970455050468445,0.02810108418367347,0.0,0.37698087096214294,980.7864688613524,11799.562101403062,0.07075095663265306,0.029368923977017403,,,,,,
reference,episode_000035,153,1,0.3978867530822754,0.3472096920013428,0.30598294734954834,0.3550070524215698,0.22351112961769104,0.013720001094043255,0.3657396137714386,0.661751389503479,0.017617984693877552,3.985969387755102e-05,0.3700145483016968,1095.1079719472755,12423.017897002552,0.0719467474489796,0.0280658807605505,,,,,,
reference,episode_000035,154,0,0.3687915503978729,0.3210124671459198,0.292018324136734,0.3290769159793854,0.25177228450775146,0.011218824423849583,0.27113139629364014,0.6970455050468445,0.028997927295918366,0.0,0.3764835298061371,977.112630910051,11783.647241709185,0.07089046556122448,0.029332535341382027,,,,,,
reference,episode_000035,154,1,0.39760807156562805,0.346808522939682,0.30545681715011597,0.35462287068367004,0.22318434715270996,0.013720001094043255,0.3650415539741516,0.6609176397323608,0.016621492346938774,0.0,0.3706745207309723,1091.6593247889878,12386.969746492347,0.07300302933673469,0.028092993423342705,,,,,,
reference,episode_000035,155,0,0.3689376413822174,0.320920467376709,0.2919335961341858,0.32903599739074707,0.2516811490058899,0.011218824423849583,0.27156078815460205,0.6970455050468445,0.027941645408163265,0.0,0.37764304876327515,976.4222037658152,11765.457310267857,0.06983418367346939,0.029305018484592438,,,,,,
reference,episode_000035,155,1,0.3972851634025574,0.3464239537715912,0.30509766936302185,0.35425329208374023,0.222808837890625,0.013720001094043255,0.36429256200790405,0.6603153347969055,0.017139668367346938,0.0,0.37112703919410706,1100.8878014170095,12316.866868622448,0.07469706632653061,0.02812947705388069,,,,,,
reference,episode_000035,156,0,0.3689294457435608,0.32082170248031616,0.29180094599723816,0.3289541006088257,0.25168004631996155,0.011198431253433228,0.2718847095966339,0.6970455050468445,0.027782206632653062,0.0,0.3779160976409912,977.6965465235838,11737.982820471938,0.07112962372448979,0.029298799112439156,,,,,,
reference,episode_000035,156,1,0.39660724997520447,0.3458433449268341,0.3045452833175659,0.35365405678749084,0.22240205109119415,0.013720001094043255,0.3640149235725403,0.6589670777320862,0.016800860969387755,0.0,0.3715263307094574,1094.0287488788824,12254.511320153062,0.07200653698979592,0.0281828623265028,,,,,,
reference,episode_000035,157,0,0.36881887912750244,0.3208335041999817,0.2919918894767761,0.3289527893066406,0.2516152262687683,0.011198431253433228,0.27156078815460205,0.6970455050468445,0.02770248724489796,0.0,0.3758343756198883,974.4783157529755,11732.359375,0.06915656887755102,0.029319176450371742,,,,,,
reference,episode_000035,157,1,0.3962671756744385,0.3452918529510498,0.3039078116416931,0.35314130783081055,0.22200794517993927,0.013720001094043255,0.3623215854167938,0.6581490635871887,0.018494897959183673,1.992984693877551e-05,0.3718430697917938,1074.4536664991367,12167.064492984693,0.07210618622448979,0.028106851503252983,,,,,,
reference,episode_000035,158,0,0.368724524974823,0.3208661675453186,0.2917947471141815,0.3289419412612915,0.251557320356369,0.011218824423849583,0.27162668108940125,0.6967937350273132,0.0264469068877551,0.0,0.3778694272041321,971.918207639657,11735.018654336734,0.07045200892857142,0.02932036481797695,,,,,,
reference,episode_000035,158,1,0.3953159749507904,0.34471574425697327,0.3033861219882965,0.35248932242393494,0.22161626815795898,0.013720001094043255,0.3616674542427063,0.6578298211097717,0.017040019132653062,0.0,0.3716208338737488,1082.4245491611712,12110.446189413266,0.07013313137755102,0.028183825314044952,,,,,,
reference,episode_000035,159,0,0.36865225434303284,0.32086867094039917,0.2918049395084381,0.32892900705337524,0.2515658140182495,0.011218824423849583,0.2712933421134949,0.6965696215629578,0.028041294642857144,0.0,0.3771929144859314,960.6185626558643,11748.495176977041,0.07077088647959184,0.029352448880672455,,,,,,
reference,episode_000035,159,1,0.39485791325569153,0.3440086245536804,0.30277034640312195,0.3518417775630951,0.22132255136966705,0.013720001094043255,0.36041805148124695,0.6572635769844055,0.01767777423469388,0.0,0.37230125069618225,1086.771916526896,12078.581114477041,0.07144850127551021,0.02826923504471779,,,,,,
reference,episode_000035,160,0,0.3686094582080841,0.3206779658794403,0.2917273938655853,0.3287780284881592,0.2514728903770447,0.011198431253433228,0.27162668108940125,0.6964949369430542,0.02965561224489796,0.0,0.37621888518333435,961.4912701534857,11742.029695471938,0.06989397321428571,0.02938743494451046,,,,,,
reference,episode_000035,160,1,0.3945404291152954,0.3436540365219116,0.30232977867126465,0.3514888882637024,0.22119195759296417,0.013720001094043255,0.3603709936141968,0.6569961309432983,0.018136160714285716,0.0,0.37130650877952576,1082.968810842912,12044.821388711734,0.07069116709183673,0.028295379132032394,,,,,,
reference,episode_000035,161,0,0.3686191141605377,0.3206256031990051,0.29163265228271484,0.32873570919036865,0.2513837218284607,0.011218824423849583,0.2718721628189087,0.696533739566803,0.027323820153061226,0.0,0.3775259554386139,955.7721806291439,11712.222177933674,0.07108976403061225,0.0293615460395813,,,,,,
reference,episode_000035,161,1,0.39414525032043457,0.3431316018104553,0.3018242418766022,0.35099464654922485,0.22098414599895477,0.013720001094043255,0.3598047196865082,0.6561263203620911,0.016362404336734693,1.992984693877551e-05,0.3738783895969391,1084.391315623851,11977.766581632653,0.0712093431122449,0.028265541419386864,,,,,,
reference,episode_000035,162,0,0.36854034662246704,0.3205638527870178,0.2915666401386261,0.32867008447647095,0.25132817029953003,0.011218824423849583,0.27156078815460205,0.6962274312973022,0.027622767857142856,0.0,0.37847599387168884,962.8693790141863,11711.387157206633,0.07067123724489796,0.02938705123960972,,,,,,
reference,episode_000035,162,1,0.39370471239089966,0.3428087830543518,0.301495224237442,0.350646436214447,0.22093465924263,0.013720001094043255,0.3584313690662384,0.6566925644874573,0.01767777423469388,1.992984693877551e-05,0.37288713455200195,1082.2103006246934,11966.78208705357,0.07154815051020408,0.02832857519388199,,,,,,
reference,episode_000035,163,0,0.3684382438659668,0.3205602169036865,0.29153549671173096,0.3286435008049011,0.251309335231781,0.011218824423849583,0.27156078815460205,0.6962274312973022,0.0272640306122449,0.0,0.3762330412864685,969.3323283066409,11701.795400191326,0.07061144770408163,0.029424693435430527,,,,,,
reference,episode_000035,163,1,0.3935025632381439,0.34257426857948303,0.3013651669025421,0.3504263162612915,0.22094179689884186,0.013720001094043255,0.35839998722076416,0.655328631401062,0.017438616071428572,0.0,0.3727210760116577,1085.24265117399,11975.291055484693,0.07186702806122448,0.028389954939484596,,,,,,
reference,episode_000035,164,0,0.3684140145778656,0.3205149173736572,0.2914978861808777,0.32860323786735535,0.2513383626937866,0.011198431253433228,0.27162668108940125,0.69590824842453,0.030333227040816327,0.0,0.3778361976146698,968.9436504259947,11702.829599808674,0.07045200892857142,0.029412977397441864,,,,,,
reference,episode_000035,164,1,0.3934383690357208,0.3423253297805786,0.30124321579933167,0.3502258062362671,0.22101570665836334,0.013735687360167503,0.3570156991481781,0.6561263203620911,0.01707987882653061,3.985969387755102e-05,0.3732229471206665,1091.7360743245001,12024.534359056122,0.07164779974489796,0.028623729944229126,,,,,,
reference,episode_000035,165,0,0.3684491813182831,0.3205604553222656,0.29166167974472046,0.32865509390830994,0.25130006670951843,0.011218824423849583,0.27201688289642334,0.6962118148803711,0.028519610969387755,0.0,0.3781043589115143,969.7021481892507,11706.620814732143,0.07126913265306123,0.029466519132256508,,,,,,
reference,episode_000035,165,1,0.39333033561706543,0.34229913353919983,0.30108124017715454,0.35017240047454834,0.2212013155221939,0.013720001094043255,0.3573192358016968,0.6561263203620911,0.017020089285714284,0.0,0.37349507212638855,1089.8336322658115,12098.066326530612,0.07134885204081633,0.028831828385591507,,,,,,
reference,episode_000035,166,0,0.36838865280151367,0.3205285966396332,0.2915356755256653,0.328610360622406,0.251268208026886,0.011218824423849583,0.2718643546104431,0.6962274312973022,0.02863919005102041,0.0,0.3767276704311371,965.8805797835879,11702.665776466836,0.07240513392857142,0.02940570004284382,,,,,,
reference,episode_000035,166,1,0.3933383524417877,0.34230661392211914,0.3011930584907532,0.3501875400543213,0.22149789333343506,0.013720001094043255,0.3567168712615967,0.6561263203620911,0.016143176020408163,1.992984693877551e-05,0.37387093901634216,1078.565904672123,12254.930285395409,0.07067123724489796,0.02927817404270172,,,,,,
reference,episode_000035,167,0,0.36841198801994324,0.32053235173225403,0.2917281985282898,0.3286319375038147,0.25129881501197815,0.011218824423849583,0.2726980447769165,0.6964949369430542,0.02800143494897959,0.0,0.37563374638557434,961.5595503810644,11700.779894770409,0.0725845025510204,0.029403800144791603,,,,,,
reference,episode_000035,167,1,0.39356139302253723,0.3422241508960724,0.3012382388114929,0.3501792550086975,0.22167950868606567,0.013720001094043255,0.3564964532852173,0.6569961309432983,0.017059948979591837,1.992984693877551e-05,0.3736308813095093,1047.1262472916126,12329.183952487245,0.07272401147959184,0.029482705518603325,,,,,,
reference,episode_000035,168,0,0.3685768246650696,0.3206882178783417,0.2918335497379303,0.3287859857082367,0.25134894251823425,0.011218824423849583,0.27270275354385376,0.6970455050468445,0.028340242346938774,0.0,0.37677884101867676,958.9941604877205,11720.593072385203,0.07148836096938775,0.029414525255560875,,,,,,
reference,episode_000035,168,1,0.3935334384441376,0.34223654866218567,0.30119478702545166,0.3501790463924408,0.2218344360589981,0.013735687360167503,0.3568490147590637,0.6566925644874573,0.015625,0.0,0.3742019534111023,1023.7285571970181,12312.591557716836,0.0712093431122449,0.029492998495697975,,,,,,
reference,episode_000035,169,0,0.3685375154018402,0.3205958902835846,0.2918063700199127,0.3287096917629242,0.25130149722099304,0.011218824423849583,0.2726980447769165,0.6964831352233887,0.02814094387755102,0.0,0.37540921568870544,971.7358695633558,11704.404974489797,0.07110969387755102,0.029415568336844444,,,,,,
reference,episode_000035,169,1,0.3932303488254547,0.34189653396606445,0.3008274435997009,0.34984490275382996,0.22213555872440338,0.013735687360167503,0.3564494252204895,0.6569961309432983,0.015744579081632654,0.0,0.375881165266037,1045.0346824295668,12507.294323979591,0.07065130739795919,0.03004854917526245,,,,,,
reference,episode_000035,170,0,0.3685024678707123,0.32068508863449097,0.29165539145469666,0.32875514030456543,0.25134268403053284,0.011198431253433228,0.27296552062034607,0.6964792013168335,0.029057716836734693,0.0,0.3780786097049713,974.2832429831051,11721.831552933674,0.07152822066326531,0.029438523575663567,,,,,,
reference,episode_000035,170,1,0.3929712772369385,0.3416018486022949,0.30064189434051514,0.3495657444000244,0.22236336767673492,0.013735687360167503,0.3558831512928009,0.6570618152618408,0.01588408801020408,0.0,0.3751315772533417,1072.704885230964,12654.919284119898,0.07166772959183673,0.030517222359776497,,,,,,
reference,episode_000035,171,0,0.3685772120952606,0.3207438290119171,0.2916800379753113,0.328814834356308,0.25139153003692627,0.011218824423849583,0.2728145122528076,0.6964949369430542,0.027543048469387755,0.0,0.37751349806785583,980.3875159375225,11746.314014668367,0.07158801020408163,0.029488148167729378,,,,,,
reference,episode_000035,171,1,0.3927130401134491,0.3409789204597473,0.30027830600738525,0.3490389585494995,0.22219422459602356,0.013735687360167503,0.3548851013183594,0.6561263203620911,0.01468829719387755,0.0,0.37542733550071716,1038.5808649976668,12544.568797831633,0.07172751913265306,0.03027902916073799,,,,,,
reference,episode_000035,172,0,0.36855167150497437,0.320712685585022,0.2918226420879364,0.3287973999977112,0.2513546645641327,0.011218824423849583,0.27329885959625244,0.6962274312973022,0.027642697704081634,0.0,0.3770195245742798,987.9011076927583,11786.006736288266,0.07130899234693877,0.02958807721734047,,,,,,
reference,episode_000035,172,1,0.3924839496612549,0.3407055735588074,0.2999778985977173,0.3487730622291565,0.22255228459835052,0.013735687360167503,0.3547748923301697,0.6563937664031982,0.015545280612244899,0.0,0.37657126784324646,1041.99967500519,12823.049784757653,0.07182716836734694,0.030577901750802994,,,,,,
reference,episode_000035,173,0,0.36844441294670105,0.3207431435585022,0.2916506826877594,0.32878395915031433,0.2514140009880066,0.011218824423849583,0.27226942777633667,0.6964949369430542,0.02889827806122449,0.0,0.37748777866363525,990.9350061631111,11794.268375318878,0.07087053571428571,0.029602723196148872,,,,,,
reference,episode_000035,173,1,0.3925166726112366,0.34066903591156006,0.2997835874557495,0.348739892244339,0.22283123433589935,0.014193530194461346,0.35393333435058594,0.6566972732543945,0.016402264030612245,1.992984693877551e-05,0.37784260511398315,981.8146230371134,13097.671675701531,0.0731624681122449,0.030386511236429214,,,,,,
reference,episode_000035,174,0,0.36840754747390747,0.32079988718032837,0.2917421758174896,0.3288232982158661,0.2514387369155884,0.011198431253433228,0.27305805683135986,0.6964949369430542,0.02995455994897959,0.0,0.37649407982826233,995.5599884325542,11824.927295918367,0.07093032525510204,0.02964502014219761,,,,,,
reference,episode_000035,174,1,0.39238545298576355,0.3403012454509735,0.29939204454421997,0.3484206795692444,0.22334592044353485,0.014250196516513824,0.3525749146938324,0.6568567156791687,0.01642219387755102,0.0,0.3785741627216339,940.6260670249238,13250.282126913266,0.07242506377551021,0.030693287029862404,,,,,,
reference,episode_000035,175,0,0.36833712458610535,0.32083776593208313,0.29191747307777405,0.32884812355041504,0.2514670491218567,0.011218824423849583,0.27296552062034607,0.6962274312973022,0.02668606505102041,0.0,0.3770298361778259,992.0527941546109,11886.11997767857,0.07104990433673469,0.029746443033218384,,,,,,
reference,episode_000035,175,1,0.39198482036590576,0.3398165702819824,0.29885730147361755,0.3479502499103546,0.22417449951171875,0.01432784367352724,0.35108160972595215,0.6569961309432983,0.017119738520408163,1.992984693877551e-05,0.38130950927734375,921.6961998194766,13544.980070153062,0.07314253826530612,0.03173186630010605,,,,,,
reference,episode_000035,176,0,0.3683569133281708,0.3207724690437317,0.2919917404651642,0.3288109302520752,0.25152522325515747,0.011218824423849583,0.2726980447769165,0.6964949369430542,0.028380102040816327,0.0,0.37596943974494934,996.7097017207973,11909.118941326531,0.07110969387755102,0.029805447906255722,,,,,,
reference,episode_000035,176,1,0.3909381031990051,0.33906376361846924,0.2982293963432312,0.3471440374851227,0.22502240538597107,0.015120001509785652,0.35003766417503357,0.6578298211097717,0.01682079081632653,0.0,0.38363343477249146,913.3388419316144,13682.820113201531,0.07621173469387756,0.03226606547832489,,,,,,
reference,episode_000035,177,0,0.36824873089790344,0.32067328691482544,0.29175251722335815,0.3286997377872467,0.25153785943984985,0.011218824423849583,0.27269020676612854,0.6964949369430542,0.02897799744897959,0.0,0.37633293867111206,992.7140065041845,11893.361607142857,0.0719467474489796,0.02977031096816063,,,,,,
reference,episode_000035,177,1,0.3901076018810272,0.33833301067352295,0.29760852456092834,0.3463999330997467,0.22588548064231873,0.015120001509785652,0.3486611843109131,0.6578298211097717,0.018136160714285716,0.0,0.3845655918121338,949.3013226061449,13761.53268494898,0.07667012117346939,0.0332476980984211,,,,,,
reference,episode_000035,178,0,0.36802682280540466,0.32056501507759094,0.2915463447570801,0.3285602629184723,0.2514652907848358,0.011218824423849583,0.27245569229125977,0.6962274312973022,0.02752311862244898,0.0,0.37708958983421326,995.5342195150206,11905.857142857143,0.07142857142857142,0.02981417253613472,,,,,,
reference,episode_000035,178,1,0.389620840549469,0.3381982445716858,0.29757216572761536,0.3461974859237671,0.22677068412303925,0.015083922073245049,0.34860628843307495,0.6600478887557983,0.016741071428571428,0.0,0.38436445593833923,998.5114832270001,13775.683474170919,0.07437818877551021,0.03302275016903877,,,,,,
reference,episode_000035,179,0,0.36785006523132324,0.32048797607421875,0.2915974259376526,0.32847121357917786,0.2515849173069,0.011198431253433228,0.2723419666290283,0.6964792013168335,0.028041294642857144,0.0,0.3773888051509857,1016.8016338543016,11930.813416772959,0.07196667729591837,0.0298891793936491,,,,,,
reference,episode_000035,179,1,0.3896990716457367,0.33854570984840393,0.29818734526634216,0.3465070426464081,0.22735898196697235,0.015120001509785652,0.34998589754104614,0.6612239480018616,0.018016581632653062,0.0,0.3839834928512573,1043.4145848986407,13739.330715880102,0.07748724489795919,0.03220473974943161,,,,,,
reference,episode_000035,180,0,0.3677005469799042,0.32028892636299133,0.2913869023323059,0.32828187942504883,0.2516304850578308,0.011198431253433228,0.27156078815460205,0.6964792013168335,0.028041294642857144,0.0,0.3778616786003113,1022.9292082685275,11897.01881377551,0.07364078443877552,0.029818501323461533,,,,,,
reference,episode_000035,180,1,0.3903685510158539,0.33939340710639954,0.2990163564682007,0.34731554985046387,0.22789454460144043,0.015083922073245049,0.35221177339553833,0.6630996465682983,0.016661352040816327,3.985969387755102e-05,0.38149529695510864,1079.3032551693548,13673.833944515307,0.07597257653061225,0.03166124224662781,,,,,,
reference,episode_000035,181,0,0.3675333261489868,0.3201109766960144,0.2911597788333893,0.32810261845588684,0.25169748067855835,0.011218824423849583,0.27156078815460205,0.6970455050468445,0.028180803571428572,0.0,0.37738293409347534,1025.5396005164976,11919.966996173469,0.07047193877551021,0.029831862077116966,,,,,,
reference,episode_000035,181,1,0.3917345702648163,0.34070560336112976,0.3003597557544708,0.34864136576652527,0.22848571836948395,0.015120001509785652,0.3550603985786438,0.6649649143218994,0.01638233418367347,0.0,0.3820241093635559,1069.7750845495634,13644.589564732143,0.07553411989795919,0.03143305703997612,,,,,,
reference,episode_000035,182,0,0.367471307516098,0.3202632665634155,0.29118210077285767,0.3282000422477722,0.2518262565135956,0.011218824423849583,0.27099451422691345,0.6964949369430542,0.02676578443877551,0.0,0.37747088074684143,1027.889447937504,11937.81198182398,0.07172751913265306,0.029831714928150177,,,,,,
reference,episode_000035,182,1,0.39355286955833435,0.34235435724258423,0.3019419014453888,0.35032135248184204,0.22928518056869507,0.015083922073245049,0.35831451416015625,0.6668102145195007,0.016402264030612245,1.992984693877551e-05,0.3808480501174927,1076.362062815277,13763.720703125,0.07605229591836735,0.031584836542606354,,,,,,
reference,episode_000035,183,0,0.3674757480621338,0.32027438282966614,0.29139524698257446,0.3282243013381958,0.25197166204452515,0.011218824423849583,0.27099451422691345,0.6970455050468445,0.027503188775510203,0.0,0.3773438632488251,1037.8110152756556,11987.058035714286,0.07013313137755102,0.029914995655417442,,,,,,
reference,episode_000035,183,1,0.39523735642433167,0.34415656328201294,0.30350634455680847,0.35208141803741455,0.23018622398376465,0.015120001509785652,0.3608745336532593,0.6695945262908936,0.015664859693877552,5.978954081632653e-05,0.3816472589969635,1091.09047026239,13925.231146364797,0.07916135204081633,0.03171655908226967,,,,,,
reference,episode_000035,184,0,0.36747249960899353,0.3201904296875,0.291291207075119,0.32815611362457275,0.25202566385269165,0.011218824423849583,0.27101489901542664,0.6970455050468445,0.0284000318877551,0.0,0.37577348947525024,1037.0227946508232,11972.056959502552,0.07150829081632654,0.029883908107876778,,,,,,
reference,episode_000035,184,1,0.39642333984375,0.3452284336090088,0.30472734570503235,0.35318830609321594,0.23109309375286102,0.015120001509785652,0.3620697855949402,0.6718125939369202,0.01558514030612245,0.0,0.3798006474971771,1100.1104949465,14089.436862244898,0.07802535076530612,0.03173863887786865,,,,,,
reference,episode_000035,185,0,0.3676104247570038,0.320173054933548,0.29118555784225464,0.32816535234451294,0.25209617614746094,0.011218824423849583,0.27045178413391113,0.6970455050468445,0.02744339923469388,0.0,0.3787747323513031,1039.9337168907632,12025.427814094388,0.07170758928571429,0.029990987852215767,,,,,,
reference,episode_000035,185,1,0.3977881073951721,0.34645143151283264,0.3058304786682129,0.35443276166915894,0.23202328383922577,0.015387451276183128,0.36280471086502075,0.6757341623306274,0.01628268494897959,0.0,0.38077592849731445,1107.2982298673467,14279.334622130102,0.07930086096938775,0.03179406747221947,,,,,,
reference,episode_000035,186,0,0.3673928380012512,0.3201766014099121,0.2912951111793518,0.3281295597553253,0.252204030752182,0.011218824423849583,0.27045178413391113,0.6970455050468445,0.02806122448979592,0.0,0.3770058751106262,1045.8252355264951,12047.449258609693,0.07168765943877552,0.03009258583188057,,,,,,
reference,episode_000035,186,1,0.3988812565803528,0.3479069173336029,0.3070194721221924,0.35579195618629456,0.23289602994918823,0.015690980479121208,0.3648635447025299,0.6774376630783081,0.01696029974489796,1.992984693877551e-05,0.3790358603000641,1097.6406918147961,14381.689572704081,0.07965959821428571,0.0316290408372879,,,,,,
reference,episode_000035,187,0,0.36724093556404114,0.3200061619281769,0.29111966490745544,0.3279626667499542,0.2522065341472626,0.011218824423849583,0.2698572874069214,0.6970455050468445,0.027184311224489797,0.0,0.3765277564525604,1036.2745219845913,12002.397959183674,0.07202646683673469,0.030056916177272797,,,,,,
reference,episode_000035,187,1,0.4000667631626129,0.34910866618156433,0.3081403970718384,0.3569844663143158,0.23372280597686768,0.015387451276183128,0.3659960925579071,0.6806535720825195,0.017159598214285716,0.0,0.3780650198459625,1135.2282492158215,14516.89895567602,0.08001833545918367,0.03152415528893471,,,,,,
reference,episode_000035,188,0,0.36698469519615173,0.31984543800354004,0.29090192914009094,0.3277775049209595,0.2523479163646698,0.011198431253433228,0.2693910002708435,0.6970455050468445,0.029994419642857144,0.0,0.3781045377254486,1049.2658148785026,12023.982342155612,0.07138871173469388,0.030219586566090584,,,,,,
reference,episode_000035,188,1,0.40129557251930237,0.3504851162433624,0.3094242513179779,0.3583228886127472,0.23437730967998505,0.01568627543747425,0.36821410059928894,0.6820449233055115,0.016721141581632654,1.992984693877551e-05,0.37637242674827576,1143.304202723235,14558.447385204081,0.08131377551020408,0.031175285577774048,,,,,,
reference,episode_000035,189,0,0.3667416572570801,0.3196532726287842,0.2907685935497284,0.3275787830352783,0.252311646938324,0.011218824423849583,0.26877647638320923,0.6970455050468445,0.027144451530612245,0.0,0.37917307019233704,1036.182535275575,11983.268255739797,0.07308274872448979,0.03014221228659153,,,,,,
reference,episode_000035,189,1,0.4024476110935211,0.35173100233078003,0.31060177087783813,0.3595438301563263,0.23481029272079468,0.015614118427038193,0.3701733350753784,0.6841447353363037,0.01642219387755102,3.985969387755102e-05,0.3755117654800415,1135.817372121497,14619.219746492347,0.08129384566326531,0.030895888805389404,,,,,,
reference,episode_000035,190,0,0.3666701018810272,0.3193800449371338,0.2907569110393524,0.32736727595329285,0.2524269223213196,0.011218824423849583,0.2673717737197876,0.6970455050468445,0.02800143494897959,0.0,0.377999484539032,1037.888880025839,11987.11635044643,0.07230548469387756,0.030217144638299942,,,,,,
reference,episode_000035,190,1,0.40319815278053284,0.35284826159477234,0.3113645017147064,0.36055755615234375,0.23524878919124603,0.015953725203871727,0.37185806035995483,0.6867011785507202,0.013811383928571428,0.0,0.3757784068584442,1133.253456026353,14674.793845663266,0.08155293367346939,0.03068559616804123,,,,,,
reference,episode_000035,191,0,0.3665420114994049,0.3192072808742523,0.2906787693500519,0.3272109031677246,0.2524765133857727,0.011218824423849583,0.2660980224609375,0.6970455050468445,0.029296875,0.0,0.37904080748558044,1055.584815123835,11988.942681760203,0.07264429209183673,0.03033331036567688,,,,,,
reference,episode_000035,191,1,0.40393519401550293,0.35353711247444153,0.31206318736076355,0.36125731468200684,0.2354613095521927,0.016524706035852432,0.37270668148994446,0.6877662539482117,0.015505420918367346,5.978954081632653e-05,0.37502941489219666,1150.6125216009416,14734.15306122449,0.0839046556122449,0.0304887555539608,,,,,,
reference,episode_000035,192,0,0.3663547933101654,0.31916072964668274,0.2906418442726135,0.3271351158618927,0.2524886429309845,0.011218824423849583,0.2659356892108917,0.6970455050468445,0.028758769132653062,0.0,0.3780119717121124,1052.4204868279314,11983.085578762755,0.07246492346938775,0.030315330252051353,,,,,,
reference,episode_000035,192,1,0.4045979678630829,0.3542759120464325,0.31288573145866394,0.36198604106903076,0.2357385754585266,0.016201961785554886,0.37383922934532166,0.6892023682594299,0.016083386479591837,1.992984693877551e-05,0.3741637170314789,1163.0202715932107,14831.709661989797,0.08378507653061225,0.03037102334201336,,,,,,
reference,episode_000035,193,0,0.3660585582256317,0.31908243894577026,0.2905627191066742,0.3270103931427002,0.2524484395980835,0.011218824423849583,0.2649364769458771,0.6970455050468445,0.027403539540816327,0.0,0.3765299320220947,1040.4719332810591,12006.460259885203,0.07049186862244898,0.030356595292687416,,,,,,
reference,episode_000035,193,1,0.40535199642181396,0.35498031973838806,0.31347766518592834,0.36269277334213257,0.23607587814331055,0.016391176730394363,0.3762109875679016,0.6892023682594299,0.014768016581632654,1.992984693877551e-05,0.37338724732398987,1181.339898153128,14964.40306122449,0.08482142857142858,0.030533386394381523,,,,,,
reference,episode_000035,194,0,0.3665543794631958,0.31942763924598694,0.2907550036907196,0.3273766040802002,0.2523399293422699,0.011218824423849583,0.266558438539505,0.6970455050468445,0.028360172193877552,0.0,0.37755173444747925,1055.593395374557,12129.665098852041,0.07318239795918367,0.030667882412672043,,,,,,
reference,episode_000035,194,1,0.406069815158844,0.35581550002098083,0.31446361541748047,0.3635139465332031,0.2364007532596588,0.016524706035852432,0.37777647376060486,0.6914204359054565,0.01385124362244898,0.0,0.3735367953777313,1182.5626867497679,15089.55161830357,0.08434311224489796,0.03067653998732567,,,,,,
reference,episode_000035,195,0,0.3670755624771118,0.31983786821365356,0.2911957800388336,0.32781267166137695,0.25226375460624695,0.011218824423849583,0.2682306170463562,0.6970455050468445,0.02889827806122449,0.0,0.3777068853378296,1055.211655854285,12153.111607142857,0.0741390306122449,0.030683526769280434,,,,,,
reference,episode_000035,195,1,0.40682560205459595,0.35646069049835205,0.3152298331260681,0.3641914129257202,0.2367817461490631,0.015953725203871727,0.3786368668079376,0.692557692527771,0.01522640306122449,0.0,0.3707682490348816,1185.5224577690453,15168.425621811224,0.08529974489795919,0.030900893732905388,,,,,,
reference,episode_000035,196,0,0.36774203181266785,0.32047438621520996,0.2917930483818054,0.3284526765346527,0.25214114785194397,0.011218824423849583,0.269610196352005,0.6970455050468445,0.028778698979591837,0.0,0.3748510181903839,1063.5074725768707,12198.52232142857,0.07198660714285714,0.030583875253796577,,,,,,
reference,episode_000035,196,1,0.407404363155365,0.3570043742656708,0.3159273862838745,0.3647536337375641,0.2370714247226715,0.016524706035852432,0.37861335277557373,0.6931239366531372,0.015246332908163265,0.0,0.37090936303138733,1188.6617479650045,15240.928611288266,0.08607700892857142,0.031222719699144363,,,,,,
reference,episode_000035,197,0,0.3682835102081299,0.3209918737411499,0.29217979311943054,0.32896578311920166,0.25213879346847534,0.011218824423849583,0.270219624042511,0.6970455050468445,0.02784199617346939,0.0,0.3766873776912689,1069.0061773374052,12264.579280931122,0.07246492346938775,0.03064713627099991,,,,,,
reference,episode_000035,197,1,0.40793928503990173,0.3574438691139221,0.31651630997657776,0.3652241826057434,0.23748289048671722,0.015387451276183128,0.37915608286857605,0.6931239366531372,0.01572464923469388,1.992984693877551e-05,0.36952218413352966,1201.7372079727702,15383.541374362245,0.08557876275510204,0.0317864827811718,,,,,,
reference,episode_000035,198,0,0.3682330846786499,0.32091525197029114,0.29194656014442444,0.32888349890708923,0.25202956795692444,0.011218824423849583,0.27042356133461,0.6970455050468445,0.028439891581632654,0.0,0.37672027945518494,1058.5707057522318,12250.853515625,0.07264429209183673,0.030579853802919388,,,,,,
reference,episode_000035,198,1,0.408233642578125,0.35795241594314575,0.31689709424972534,0.3656780421733856,0.23781831562519073,0.016524706035852432,0.378564715385437,0.6942611932754517,0.015565210459183673,7.971938775510203e-05,0.3698071539402008,1209.4383222444117,15526.720503826531,0.08535953443877552,0.03219342604279518,,,,,,
reference,episode_000035,199,0,0.36821886897087097,0.320835143327713,0.29207104444503784,0.32883211970329285,0.2520275413990021,0.011218824423849583,0.27021491527557373,0.6970455050468445,0.027582908163265307,0.0,0.3763182461261749,1057.5585309540616,12246.353196747448,0.07284359056122448,0.030521821230649948,,,,,,
reference,episode_000035,199,1,0.4088408946990967,0.3583141267299652,0.31731975078582764,0.36609628796577454,0.2381768673658371,0.01568627543747425,0.37986236810684204,0.695609450340271,0.015106823979591837,0.0,0.36969175934791565,1218.0872233433308,15702.183195153062,0.08705357142857142,0.03264901414513588,,,,,,
reference,episode_000035,200,0,0.36803603172302246,0.32080575823783875,0.2919621467590332,0.3287643790245056,0.25198715925216675,0.011218824423849583,0.269610196352005,0.6970455050468445,0.028439891581632654,0.0,0.37584394216537476,1062.7621298217614,12212.844427614797,0.07449776785714286,0.03043585829436779,,,,,,
reference,episode_000035,200,1,0.4092414379119873,0.3588574528694153,0.31774890422821045,0.3666010797023773,0.23856103420257568,0.016524706035852432,0.37997883558273315,0.6970455050468445,0.01558514030612245,1.992984693877551e-05,0.36948537826538086,1231.3298849843034,15794.146085778062,0.08611686862244898,0.03294659033417702,,,,,,
reference,episode_000035,201,0,0.36811983585357666,0.32081106305122375,0.2919444441795349,0.3287847340106964,0.25198695063591003,0.011198431253433228,0.27042356133461,0.6970455050468445,0.02756297831632653,0.0,0.3756474554538727,1059.803080808615,12150.449577487245,0.07216597576530612,0.03024609573185444,,,,,,
reference,episode_000035,201,1,0.4096018373966217,0.3591039478778839,0.317898154258728,0.36686474084854126,0.23904386162757874,0.016524706035852432,0.38054510951042175,0.6978588700294495,0.014867665816326531,5.978954081632653e-05,0.370571106672287,1243.682529927293,15986.032804528062,0.08541932397959184,0.033425524830818176,,,,,,
reference,episode_000035,202,0,0.3682514429092407,0.3208260238170624,0.29201364517211914,0.3288283944129944,0.251949280500412,0.011218824423849583,0.27042356133461,0.6970455050468445,0.02810108418367347,0.0,0.37616994976997375,1055.9493320231534,12126.308553890307,0.07308274872448979,0.030166396871209145,,,,,,
reference,episode_000035,202,1,0.4100314974784851,0.3594125211238861,0.3182225227355957,0.36720019578933716,0.2394300103187561,0.015953725203871727,0.3810027539730072,0.698465883731842,0.016541772959183673,1.992984693877551e-05,0.3694356083869934,1235.0231490633678,16056.350566007653,0.08755181760204081,0.03361158445477486,,,,,,
reference,episode_000035,203,0,0.36825284361839294,0.3208269476890564,0.2920033931732178,0.3288286626338959,0.2519843578338623,0.011218824423849583,0.27023765444755554,0.6970455050468445,0.029456313775510203,0.0,0.3768065273761749,1061.5713671037227,12072.849489795919,0.07393973214285714,0.03006288968026638,,,,,,
reference,episode_000035,203,1,0.4100506901741028,0.3596143424510956,0.31822896003723145,0.3673490285873413,0.23976166546344757,0.016524706035852432,0.3808392286300659,0.7001333832740784,0.013831313775510204,0.0,0.3715362548828125,1232.0174382093398,16088.459542410714,0.08725286989795919,0.033723317086696625,,,,,,
reference,episode_000035,204,0,0.36832621693611145,0.32083630561828613,0.29195958375930786,0.3288477659225464,0.2519073486328125,0.011218824423849583,0.27052080631256104,0.6970455050468445,0.027224170918367346,0.0,0.37535542249679565,1057.824018750872,12038.13560267857,0.07178730867346939,0.02992006577551365,,,,,,
reference,episode_000035,204,1,0.41010016202926636,0.3595271110534668,0.3183867335319519,0.367308646440506,0.24017101526260376,0.015387451276183128,0.38002586364746094,0.6998298168182373,0.01650191326530612,1.992984693877551e-05,0.370938241481781,1237.728451817396,16146.403380102041,0.08639588647959184,0.033827561885118484,,,,,,
reference,episode_000035,205,0,0.3683384358882904,0.3208303153514862,0.2919326424598694,0.3288441002368927,0.25191840529441833,0.011218824423849583,0.27099451422691345,0.6974882483482361,0.03045280612244898,0.0,0.374559611082077,1037.9497550728422,11983.522640306122,0.07228555484693877,0.029725002124905586,,,,,,
reference,episode_000035,205,1,0.4099794030189514,0.35949546098709106,0.3185352385044098,0.3672710061073303,0.24048224091529846,0.015953725203871727,0.37968000769615173,0.6998298168182373,0.015963807397959183,3.985969387755102e-05,0.37105226516723633,1237.915422775208,16122.064333545919,0.08388472576530612,0.033779293298721313,,,,,,
reference,episode_000035,206,0,0.3684428930282593,0.3209245502948761,0.29192841053009033,0.328933447599411,0.25192001461982727,0.011198431253433228,0.27080628275871277,0.6970455050468445,0.02903778698979592,0.0,0.376437246799469,1023.7454159429599,11960.873166454081,0.07176737882653061,0.029552491381764412,,,,,,
reference,episode_000035,206,1,0.4097844660282135,0.3593328297138214,0.31815749406814575,0.3670860528945923,0.2408386766910553,0.015387451276183128,0.378070592880249,0.6995310187339783,0.015405771683673469,3.985969387755102e-05,0.37199386954307556,1235.3430842817052,16135.640345982143,0.08569834183673469,0.03383828327059746,,,,,,
reference,episode_000035,207,0,0.3685363829135895,0.32104799151420593,0.2919812500476837,0.3290453553199768,0.2519463002681732,0.011198431253433228,0.27101489901542664,0.6970455050468445,0.028758769132653062,0.0,0.37544941902160645,1020.0362393789518,11941.641980229591,0.07248485331632654,0.02944314293563366,,,,,,
reference,episode_000035,207,1,0.4096231758594513,0.35892701148986816,0.31800252199172974,0.36675024032592773,0.24113155901432037,0.015387451276183128,0.3766235411167145,0.6998298168182373,0.016462053571428572,3.985969387755102e-05,0.3719412684440613,1221.0988136614824,16136.646324936224,0.08396444515306123,0.033930860459804535,,,,,,
reference,episode_000035,208,0,0.3686062693595886,0.32116398215293884,0.2921472489833832,0.32915520668029785,0.2519010603427887,0.011218824423849583,0.2709827423095703,0.6970455050468445,0.02911750637755102,0.0,0.37541258335113525,1021.6763692297372,11912.746970663266,0.07150829081632654,0.02932608500123024,,,,,,
reference,episode_000035,208,1,0.4091760218143463,0.3586658835411072,0.31782856583595276,0.36645588278770447,0.2414514422416687,0.015434118919074535,0.37414902448654175,0.7001333832740784,0.017279177295918366,5.978954081632653e-05,0.37177857756614685,1213.964768275873,16149.474410076531,0.08254942602040816,0.03400338441133499,,,,,,
reference,episode_000035,209,0,0.3689888119697571,0.321441650390625,0.2924470603466034,0.32945674657821655,0.25191566348075867,0.011198431253433228,0.27156078815460205,0.6981827616691589,0.027881855867346938,0.0,0.37450137734413147,1024.4549127743176,11863.726921237245,0.07154815051020408,0.02921091765165329,,,,,,
reference,episode_000035,209,1,0.4088415801525116,0.3583603799343109,0.31767669320106506,0.36615532636642456,0.24160009622573853,0.015690980479121208,0.37322667241096497,0.7004007697105408,0.015625,1.992984693877551e-05,0.3713502287864685,1209.3105395776638,16136.490672831633,0.08296795280612244,0.03388043865561485,,,,,,
reference,episode_000035,210,0,0.3692041039466858,0.3217402994632721,0.2927361726760864,0.32973694801330566,0.25191545486450195,0.011218824423849583,0.27162668108940125,0.6970455050468445,0.02841996173469388,0.0,0.3742576241493225,1018.2534388069907,11799.58203125,0.07047193877551021,0.02907572314143181,,,,,,
reference,episode_000035,210,1,0.4084705412387848,0.35809290409088135,0.3173409402370453,0.3658609688282013,0.24169641733169556,0.015387451276183128,0.3707984387874603,0.7004165053367615,0.01482780612244898,3.985969387755102e-05,0.37258848547935486,1209.9424146249462,16076.539819834185,0.08258928571428571,0.0335753858089447,,,,,,
reference,episode_000035,211,0,0.3694155812263489,0.32187891006469727,0.29271748661994934,0.3298797607421875,0.2519037127494812,0.011218824423849583,0.27265453338623047,0.6971189975738525,0.02782206632653061,0.0,0.3771246671676636,1014.0833654340134,11763.136957908164,0.07005341198979592,0.02899458259344101,,,,,,
reference,episode_000035,211,1,0.40830931067466736,0.35789936780929565,0.3171890676021576,0.36567723751068115,0.24185149371623993,0.015120001509785652,0.3694133758544922,0.7009670734405518,0.016402264030612245,0.0,0.37252137064933777,1204.2509794505324,16035.909956951531,0.08374521683673469,0.03331586718559265,,,,,,
reference,episode_000035,212,0,0.3694722652435303,0.3220454156398773,0.2928648889064789,0.3300215005874634,0.2518421411514282,0.011198431253433228,0.2727906107902527,0.6973646879196167,0.028778698979591837,0.0,0.37608426809310913,1009.6564343494954,11738.807198660714,0.07073102678571429,0.028975101187825203,,,,,,
reference,episode_000035,212,1,0.40786290168762207,0.35741692781448364,0.3167746067047119,0.36520740389823914,0.24183623492717743,0.015387451276183128,0.36764782667160034,0.7009670734405518,0.016183035714285716,0.0,0.3731532096862793,1207.6791011038943,15937.548230229591,0.0843032525510204,0.03322557359933853,,,,,,
reference,episode_000035,213,0,0.36974063515663147,0.3222508728504181,0.2931789457798004,0.3302481770515442,0.25179722905158997,0.011218824423849583,0.27340275049209595,0.6979398727416992,0.028200733418367346,0.0,0.3750826418399811,1012.7816053753543,11715.023796237245,0.07144850127551021,0.028910303488373756,,,,,,
reference,episode_000035,213,1,0.4073263704776764,0.35687077045440674,0.31642937660217285,0.3646777868270874,0.24173273146152496,0.015120001509785652,0.3659600019454956,0.7009670734405518,0.016083386479591837,3.985969387755102e-05,0.3717188835144043,1205.3412900457577,15872.32700892857,0.08199139030612244,0.033313505351543427,,,,,,
reference,episode_000035,214,0,0.3698682188987732,0.3224232792854309,0.29322361946105957,0.33040183782577515,0.25174087285995483,0.011218824423849583,0.2737788259983063,0.6970455050468445,0.027064732142857144,0.0,0.3738738000392914,1002.4805462943273,11726.735650510203,0.06963488520408163,0.028950519859790802,,,,,,
reference,episode_000035,214,1,0.4066193997859955,0.35625675320625305,0.3157109022140503,0.3640364408493042,0.24165600538253784,0.015083922073245049,0.3642972707748413,0.7007200121879578,0.017378826530612245,1.992984693877551e-05,0.3728939890861511,1204.486268281043,15745.789500956633,0.08141342474489796,0.033466238528490067,,,,,,
reference,episode_000035,215,0,0.3703709840774536,0.32266879081726074,0.29344770312309265,0.33070045709609985,0.2517138123512268,0.011218824423849583,0.2737788259983063,0.698465883731842,0.027682557397959183,0.0,0.37407925724983215,1003.0021512652378,11735.353954081633,0.06967474489795919,0.02894878201186657,,,,,,
reference,episode_000035,215,1,0.4060806632041931,0.35582131147384644,0.31539514660835266,0.36358770728111267,0.24158522486686707,0.014306667260825634,0.36312395334243774,0.7009670734405518,0.017857142857142856,0.0,0.3713615834712982,1202.7347510610705,15662.886240433674,0.08242984693877552,0.033533185720443726,,,,,,
reference,episode_000035,216,0,0.3706265985965729,0.32305070757865906,0.2937997877597809,0.3310534358024597,0.2518143057823181,0.011218824423849583,0.27440160512924194,0.6992635130882263,0.028838488520408163,0.0,0.37388816475868225,998.3635798159959,11753.421875,0.06961495535714286,0.0289517380297184,,,,,,
reference,episode_000035,216,1,0.4058268070220947,0.3555534780025482,0.3150172531604767,0.3633148670196533,0.24156077206134796,0.015083922073245049,0.36150825023651123,0.7009670734405518,0.016481983418367346,0.0,0.37138429284095764,1186.6862648797503,15586.923867984693,0.07969945790816327,0.03331844508647919,,,,,,
reference,episode_000035,217,0,0.37090757489204407,0.3233155906200409,0.29401448369026184,0.33131811022758484,0.25172892212867737,0.011218824423849583,0.27491843700408936,0.699770987033844,0.026407047193877552,0.0,0.3741206228733063,998.1359749392441,11750.31588807398,0.07009327168367346,0.02895938605070114,,,,,,
reference,episode_000035,217,1,0.40550610423088074,0.3552197515964508,0.31485220789909363,0.3629961311817169,0.24150297045707703,0.015083922073245049,0.36094197630882263,0.7009670734405518,0.015904017857142856,1.992984693877551e-05,0.37296757102012634,1196.7924237233408,15511.621691645409,0.08312739158163265,0.03298191353678703,,,,,,
reference,episode_000035,218,0,0.37106746435165405,0.3236929178237915,0.2945130467414856,0.33165794610977173,0.25173303484916687,0.011218824423849583,0.2754823565483093,0.6998298168182373,0.027283960459183673,0.0,0.37291327118873596,994.252808217355,11763.387276785714,0.06893734056122448,0.02892433851957321,,,,,,
reference,episode_000035,218,1,0.4054781496524811,0.35514262318611145,0.314708411693573,0.36292460560798645,0.24153368175029755,0.014973529614508152,0.3603709936141968,0.7017490863800049,0.016741071428571428,0.0,0.3723832666873932,1187.142050758991,15464.155771683674,0.08115433673469388,0.03265097737312317,,,,,,
reference,episode_000035,219,0,0.3713867664337158,0.3239300549030304,0.294542133808136,0.331897497177124,0.2517324388027191,0.011218824423849583,0.2754823565483093,0.7001333832740784,0.027283960459183673,0.0,0.3721850514411926,1002.6840831779627,11770.106465242347,0.07021285076530612,0.028938081115484238,,,,,,
reference,episode_000035,219,1,0.4051920473575592,0.3548720180988312,0.31451544165611267,0.36265629529953003,0.2415269911289215,0.014872942119836807,0.3604337275028229,0.7023874521255493,0.017996651785714284,0.0,0.37169110774993896,1187.4032548398388,15445.332310267857,0.07969945790816327,0.032522525638341904,,,,,,
reference,episode_000035,220,0,0.3716139793395996,0.3240429759025574,0.2947087585926056,0.33203864097595215,0.2516610324382782,0.011218824423849583,0.2760627567768097,0.7001490592956543,0.026885363520408163,0.0,0.3732565641403198,998.6570633864808,11778.817044005102,0.0699936224489796,0.0289398655295372,,,,,,
reference,episode_000035,220,1,0.4049930274486542,0.3547707796096802,0.3143354058265686,0.36252859234809875,0.24142664670944214,0.014553726650774479,0.3603709936141968,0.7023670077323914,0.01682079081632653,0.0,0.37137937545776367,1176.8827218226918,15394.206393494898,0.08005819515306123,0.032424330711364746,,,,,,
reference,episode_000035,221,0,0.3721318244934082,0.32439833879470825,0.295101523399353,0.33243128657341003,0.25172170996665955,0.011218824423849583,0.2762956917285919,0.7001490592956543,0.026885363520408163,0.0,0.3718923032283783,994.193453015014,11772.505699936224,0.06969467474489796,0.028838053345680237,,,,,,
reference,episode_000035,221,1,0.40478068590164185,0.3545497953891754,0.31422534584999084,0.3623175024986267,0.24122174084186554,0.014135882258415222,0.3598047196865082,0.7012141346931458,0.01650191326530612,0.0,0.3720467686653137,1181.1595264924958,15214.971460459185,0.07816485969387756,0.03231357783079147,,,,,,
reference,episode_000035,222,0,0.37233075499534607,0.3246537148952484,0.29536908864974976,0.3326755464076996,0.25183314085006714,0.011218824423849583,0.2763027548789978,0.7004007697105408,0.027582908163265307,0.0,0.37175241112709045,997.7308987399429,11804.479591836734,0.06903698979591837,0.028864910826086998,,,,,,
reference,episode_000035,222,1,0.40475764870643616,0.3544614017009735,0.31402266025543213,0.3622347414493561,0.24119170010089874,0.014306667260825634,0.3603435158729553,0.7009670734405518,0.018674266581632654,0.0,0.3719806671142578,1172.2517936862243,15061.913504464286,0.07989875637755102,0.032243579626083374,,,,,,
reference,episode_000035,223,0,0.3725990653038025,0.32480141520500183,0.29555267095565796,0.3328514099121094,0.2517539858818054,0.011218824423849583,0.2766196131706238,0.7001490592956543,0.02564971301020408,0.0,0.37121954560279846,997.6852676648987,11783.352519132653,0.06863839285714286,0.028773847967386246,,,,,,
reference,episode_000035,223,1,0.4044760465621948,0.3544529378414154,0.3138962686061859,0.3621596395969391,0.24086107313632965,0.014250196516513824,0.3603709936141968,0.7009670734405518,0.017637914540816327,0.0,0.37003037333488464,1171.3896573283978,14996.826092155612,0.0771484375,0.03213568776845932,,,,,,
reference,episode_000035,224,0,0.372735857963562,0.3250729739665985,0.2955569922924042,0.33307504653930664,0.2517523467540741,0.011218824423849583,0.27636003494262695,0.7004165053367615,0.026805644132653062,0.0,0.37123173475265503,994.2792561001601,11789.20786830357,0.0684390943877551,0.02873959019780159,,,,,,
reference,episode_000035,224,1,0.4044201970100403,0.3543626070022583,0.31395912170410156,0.3620877265930176,0.2405230849981308,0.013720001094043255,0.3603662848472595,0.7004165053367615,0.01692044005102041,1.992984693877551e-05,0.36981824040412903,1170.7423417779717,14984.76283482143,0.07983896683673469,0.032029613852500916,,,,,,
reference,episode_000035,225,0,0.3728974759578705,0.32541507482528687,0.2959323823451996,0.33338117599487305,0.25175225734710693,0.011218824423849583,0.27662432193756104,0.7009670734405518,0.0262874681122449,0.0,0.3700348138809204,992.0593311062757,11768.760044642857,0.06722337372448979,0.028615817427635193,,,,,,
reference,episode_000035,225,1,0.40451404452323914,0.35434040427207947,0.3137207329273224,0.362074613571167,0.24028009176254272,0.013720001094043255,0.35872703790664673,0.6998298168182373,0.018853635204081634,0.0,0.3695729970932007,1184.298043717746,14919.989915497448,0.08081552933673469,0.031916093081235886,,,,,,
reference,episode_000035,226,0,0.37315765023231506,0.32550522685050964,0.2961021959781647,0.3335132598876953,0.251675009727478,0.011218824423849583,0.2771858870983124,0.7001490592956543,0.026805644132653062,0.0,0.37042105197906494,996.1547925151524,11775.124641262755,0.0673828125,0.028620833531022072,,,,,,
reference,episode_000035,226,1,0.404569536447525,0.3543178141117096,0.3137343227863312,0.3620712161064148,0.24012967944145203,0.014004314318299294,0.35846272110939026,0.6998298168182373,0.017538265306122448,0.0,0.37053048610687256,1157.5557231589287,14799.916055484693,0.07940051020408163,0.03163519874215126,,,,,,
reference,episode_000035,227,0,0.37340664863586426,0.3257269263267517,0.296436071395874,0.33374884724617004,0.251677542924881,0.011218824423849583,0.27770042419433594,0.7009670734405518,0.025928730867346938,0.0,0.3691408634185791,998.7020416561636,11787.308314732143,0.068359375,0.028613826259970665,,,,,,
reference,episode_000035,227,1,0.40468713641166687,0.3543631434440613,0.31377655267715454,0.36213165521621704,0.24005189538002014,0.013731765560805798,0.3586784303188324,0.6992635130882263,0.01789700255102041,0.0,0.3705817759037018,1164.1611541404868,14750.155452806122,0.07957987882653061,0.031360264867544174,,,,,,
reference,episode_000035,228,0,0.37360164523124695,0.3259701728820801,0.2966728210449219,0.33398133516311646,0.25170913338661194,0.011218824423849583,0.27826669812202454,0.7009670734405518,0.02529097576530612,0.0,0.3690486550331116,1005.0914307911662,11791.751793686224,0.06921635841836735,0.028608525171875954,,,,,,
reference,episode_000035,228,1,0.4045565128326416,0.3542840778827667,0.31368258595466614,0.36204057931900024,0.23990651965141296,0.013720001094043255,0.35788077116012573,0.6998298168182373,0.017119738520408163,0.0,0.37078937888145447,1161.6261400431704,14659.544483418367,0.07696906887755102,0.030960150063037872,,,,,,
reference,episode_000035,229,0,0.37372827529907227,0.3260266184806824,0.29678264260292053,0.334056556224823,0.2516118586063385,0.011218824423849583,0.27826669812202454,0.7009670734405518,0.026426977040816327,0.0,0.3689992129802704,1005.8034627228069,11807.608019770409,0.0682796556122449,0.0286172553896904,,,,,,
reference,episode_000035,229,1,0.4043803811073303,0.35405611991882324,0.3134184181690216,0.3618209958076477,0.23958460986614227,0.013720001094043255,0.35789644718170166,0.6991804242134094,0.019670758928571428,0.0,0.369577556848526,1149.0425433024225,14478.867346938776,0.07977917729591837,0.030472995713353157,,,,,,
reference,episode_000035,230,0,0.3739503026008606,0.32629016041755676,0.2968710958957672,0.33429861068725586,0.2516229748725891,0.011218824423849583,0.27826669812202454,0.7009670734405518,0.025111607142857144,0.0,0.3695536255836487,1004.4129831484087,11847.902543048469,0.06829958545918367,0.028661474585533142,,,,,,
reference,episode_000035,230,1,0.40420079231262207,0.35397571325302124,0.3133511245250702,0.3617205321788788,0.2392791360616684,0.013720001094043255,0.35812079906463623,0.6983937621116638,0.017697704081632654,1.992984693877551e-05,0.3698745369911194,1132.1602348600118,14312.193160076531,0.07926100127551021,0.030150702223181725,,,,,,
reference,episode_000035,231,0,0.3740062415599823,0.32648491859436035,0.2971341013908386,0.334468811750412,0.25157660245895386,0.0117647061124444,0.2782949209213257,0.7004165053367615,0.02451371173469388,0.0,0.36797934770584106,1000.0349792947575,11847.109574298469,0.06782126913265306,0.028639044612646103,,,,,,
reference,episode_000035,231,1,0.40422123670578003,0.3538452982902527,0.31325221061706543,0.3616243898868561,0.2390396147966385,0.013720001094043255,0.3578290045261383,0.6983908414840698,0.01877391581632653,0.0,0.3696030080318451,1124.3600351189832,14184.211057079081,0.0778061224489796,0.029895907267928123,,,,,,
reference,episode_000035,232,0,0.37431713938713074,0.32660892605781555,0.297262042760849,0.33463284373283386,0.2515885531902313,0.011749019846320152,0.2785615921020508,0.7009670734405518,0.024394132653061226,0.0,0.3680805265903473,1002.9672035140229,11842.015306122448,0.06943558673469388,0.028625698760151863,,,,,,
reference,episode_000035,232,1,0.40403100848197937,0.35376957058906555,0.313041090965271,0.36151453852653503,0.23884271085262299,0.013720001094043255,0.3576952815055847,0.6992635130882263,0.018016581632653062,0.0,0.3700648844242096,1122.295301595463,14150.891262755102,0.07824457908163265,0.029831893742084503,,,,,,
reference,episode_000035,233,0,0.3742494285106659,0.3266199827194214,0.2972779870033264,0.3346274495124817,0.25154945254325867,0.011445490643382072,0.2785545289516449,0.7004165053367615,0.025928730867346938,0.0,0.3686653971672058,1005.3102985399556,11861.933354591836,0.06851881377551021,0.028662286698818207,,,,,,
reference,episode_000035,233,1,0.40388742089271545,0.35348349809646606,0.3127962350845337,0.361261785030365,0.2386174350976944,0.013720001094043255,0.3577929437160492,0.6993186473846436,0.018594547193877552,0.0,0.37027856707572937,1110.9440733398412,14084.691206951531,0.07764668367346939,0.029789764434099197,,,,,,
reference,episode_000035,234,0,0.37436527013778687,0.32676517963409424,0.2974245250225067,0.33476659655570984,0.2515651285648346,0.011445490643382072,0.2788376808166504,0.7009670734405518,0.025330835459183673,0.0,0.36682137846946716,1006.4251783721303,11857.604432397959,0.06899713010204081,0.02865111082792282,,,,,,
reference,episode_000035,234,1,0.4037218689918518,0.3532419502735138,0.3125624656677246,0.36103692650794983,0.2383863627910614,0.013720001094043255,0.3567168712615967,0.6983466744422913,0.01775749362244898,0.0,0.37023821473121643,1110.0508180337863,14060.835658482143,0.07700892857142858,0.02984299510717392,,,,,,
reference,episode_000035,235,0,0.37462079524993896,0.3268600404262543,0.29748573899269104,0.3348931670188904,0.25153833627700806,0.011218824423849583,0.2788376808166504,0.7009670734405518,0.025689572704081634,0.0,0.368507981300354,998.0377834654508,11832.22708067602,0.06841916454081633,0.02856001816689968,,,,,,
reference,episode_000035,235,1,0.4035138487815857,0.3530881106853485,0.31235450506210327,0.3608677089214325,0.23823632299900055,0.013720001094043255,0.35757726430892944,0.6998298168182373,0.019969706632653062,0.0,0.3694201111793518,1105.6078784423091,14084.548469387755,0.07615194515306123,0.0300088319927454,,,,,,
reference,episode_000035,236,0,0.3746318817138672,0.32689255475997925,0.29762569069862366,0.33492887020111084,0.25146856904029846,0.011218824423849583,0.2788376808166504,0.700716495513916,0.02489237882653061,0.0,0.36696651577949524,1001.3209872422541,11850.665816326531,0.06903698979591837,0.028590379282832146,,,,,,
reference,episode_000035,236,1,0.40343794226646423,0.3530488610267639,0.312384694814682,0.36082562804222107,0.23806054890155792,0.013720001094043255,0.35788077116012573,0.6992635130882263,0.017777423469387755,0.0,0.37072232365608215,1116.8591108723315,14080.418447066326,0.07674984056122448,0.03008650243282318,,,,,,
reference,episode_000035,237,0,0.3746877908706665,0.3269784450531006,0.29759106040000916,0.3349997103214264,0.2514486312866211,0.011749019846320152,0.27883297204971313,0.7009670734405518,0.02419483418367347,0.0,0.3672938346862793,998.1208532683701,11824.712492028062,0.06786112882653061,0.028511719778180122,,,,,,
reference,episode_000035,237,1,0.4031457304954529,0.3529575765132904,0.3121759593486786,0.3606831729412079,0.2377755492925644,0.013720001094043255,0.35846272110939026,0.6989647150039673,0.017378826530612245,0.0,0.3695242404937744,1103.955490295016,14047.24095184949,0.07591278698979592,0.0300263874232769,,,,,,
reference,episode_000035,238,0,0.3747520446777344,0.3271484375,0.29769569635391235,0.33514249324798584,0.2514604926109314,0.0117647061124444,0.279403954744339,0.7009082436561584,0.024553571428571428,0.0,0.36650902032852173,997.5170505941536,11815.604551977041,0.06883769132653061,0.02845633216202259,,,,,,
reference,episode_000035,238,1,0.4029148519039154,0.3524937927722931,0.3118627369403839,0.36027970910072327,0.23754703998565674,0.013720001094043255,0.35839998722076416,0.6978353261947632,0.018395248724489797,0.0,0.3684609830379486,1103.356575409406,14014.834582270409,0.07587292729591837,0.02999955229461193,,,,,,
reference,episode_000035,239,0,0.37484049797058105,0.3270978629589081,0.29782119393348694,0.33513420820236206,0.251420259475708,0.011445490643382072,0.28003373742103577,0.7004165053367615,0.02409518494897959,0.0,0.3674432933330536,998.360319001334,11800.288863201531,0.06885762117346939,0.02838066779077053,,,,,,
reference,episode_000035,239,1,0.4025253355503082,0.35213398933410645,0.3113641142845154,0.35990360379219055,0.2373473197221756,0.013720001094043255,0.35839998722076416,0.6978588700294495,0.01692044005102041,0.0,0.37079545855522156,1113.2630636015817,14020.188416772959,0.07535475127551021,0.03005279414355755,,,,,,
reference,episode_000035,240,0,0.3747498393058777,0.32703179121017456,0.2978295385837555,0.3350681662559509,0.25134527683258057,0.011749019846320152,0.279403954744339,0.7004165053367615,0.024453922193877552,0.0,0.366940438747406,1003.0116036763443,11809.86379942602,0.06810028698979592,0.028417153283953667,,,,,,
reference,episode_000035,240,1,0.40209007263183594,0.3514828681945801,0.31086215376853943,0.3593091368675232,0.23709693551063538,0.013720001094043255,0.35789644718170166,0.6970455050468445,0.01865433673469388,0.0,0.3693826496601105,1099.4064531906204,13997.955835459185,0.07479671556122448,0.030029267072677612,,,,,,
reference,episode_000035,241,0,0.3746103048324585,0.3269024193286896,0.29749682545661926,0.33492204546928406,0.2512401342391968,0.011218824423849583,0.27965569496154785,0.7001373171806335,0.02646683673469388,0.0,0.3680090606212616,990.9393608716069,11787.127311862245,0.06841916454081633,0.028346890583634377,,,,,,
reference,episode_000035,241,1,0.4014490842819214,0.35095900297164917,0.31031131744384766,0.35875841975212097,0.23686687648296356,0.013720001094043255,0.35788077116012573,0.6970455050468445,0.018215880102040817,0.0,0.3707743287086487,1098.03142078754,13972.532445790815,0.07539461096938775,0.030052129179239273,,,,,,
reference,episode_000035,242,0,0.37448421120643616,0.3268633484840393,0.29762962460517883,0.33487680554389954,0.25117814540863037,0.011749019846320152,0.279403954744339,0.7004007697105408,0.025430484693877552,0.0,0.3656545877456665,993.6422650652199,11775.931401466836,0.06728316326530612,0.028312137350440025,,,,,,
reference,episode_000035,242,1,0.4008628726005554,0.3507201075553894,0.3100254237651825,0.3584423363208771,0.23671692609786987,0.013720001094043255,0.35758668184280396,0.6970455050468445,0.018136160714285716,0.0,0.37154144048690796,1089.0785663530062,13952.226163903062,0.07653061224489796,0.03002418763935566,,,,,,
reference,episode_000035,243,0,0.3745158910751343,0.32683420181274414,0.29767361283302307,0.3348659574985504,0.25108572840690613,0.011749019846320152,0.2796180546283722,0.7001333832740784,0.02451371173469388,0.0,0.36634424328804016,992.6404639561442,11775.96536192602,0.06716358418367346,0.02828863449394703,,,,,,
reference,episode_000035,243,1,0.40047863125801086,0.3501470983028412,0.3094791769981384,0.3579113483428955,0.2365959882736206,0.013720001094043255,0.3567168712615967,0.6970455050468445,0.016800860969387755,0.0,0.3706318140029907,1084.4807407608732,13936.946229272959,0.0764907525510204,0.030073026195168495,,,,,,
reference,episode_000035,244,0,0.3744504749774933,0.32675349712371826,0.2973541021347046,0.3347712457180023,0.25102683901786804,0.011749019846320152,0.2795109748840332,0.7001490592956543,0.024533641581632654,0.0,0.36645811796188354,981.907706759563,11762.947265625,0.0680404974489796,0.028257722035050392,,,,,,
reference,episode_000035,244,1,0.39982274174690247,0.34957292675971985,0.30908551812171936,0.35733288526535034,0.23648907244205475,0.013720001094043255,0.3558831512928009,0.6970455050468445,0.01829559948979592,0.0,0.3698875308036804,1086.8820072092249,13948.803372130102,0.07559390943877552,0.030175531283020973,,,,,,
reference,episode_000035,245,0,0.3744159936904907,0.3266364634037018,0.2975308299064636,0.33469292521476746,0.25097203254699707,0.011672156862914562,0.2788376808166504,0.6999056935310364,0.024713010204081634,0.0,0.3674076199531555,983.1019134326857,11755.882772640307,0.06750239158163265,0.028240349143743515,,,,,,
reference,episode_000035,245,1,0.399297297000885,0.34896913170814514,0.3086356818675995,0.3567568063735962,0.23635202646255493,0.013720001094043255,0.3558831512928009,0.69590824842453,0.01789700255102041,0.0,0.37092873454093933,1091.2651041448735,13936.651187818878,0.07605229591836735,0.030265603214502335,,,,,,
reference,episode_000035,246,0,0.374367356300354,0.32646340131759644,0.2972455620765686,0.3345382511615753,0.25088489055633545,0.011218824423849583,0.2788376808166504,0.7001333832740784,0.02658641581632653,0.0,0.36667001247406006,980.2673756171642,11736.046316964286,0.06764190051020408,0.028213733807206154,,,,,,
reference,episode_000035,246,1,0.3988703489303589,0.3485609292984009,0.3081107437610626,0.35633620619773865,0.23636868596076965,0.013720001094043255,0.35480862855911255,0.695341944694519,0.018395248724489797,1.992984693877551e-05,0.37171706557273865,1094.761511354633,13958.898836096938,0.07591278698979592,0.030343683436512947,,,,,,
reference,episode_000035,247,0,0.3740929067134857,0.32637539505958557,0.2971051335334778,0.33440688252449036,0.2507813572883606,0.011445490643382072,0.27882668375968933,0.6998825669288635,0.02600845025510204,0.0,0.3666747212409973,982.8133591632454,11730.960060586734,0.06766183035714286,0.028215231373906136,,,,,,
reference,episode_000035,247,1,0.39848387241363525,0.34815555810928345,0.307804137468338,0.3559419810771942,0.23624524474143982,0.013720001094043255,0.3544784486293793,0.69590824842453,0.017119738520408163,0.0,0.3709975779056549,1087.326416479156,13962.649792729591,0.07708864795918367,0.03036506101489067,,,,,,
reference,episode_000035,248,0,0.3739633858203888,0.32635945081710815,0.2972289025783539,0.33437681198120117,0.25069114565849304,0.011218824423849583,0.2785388231277466,0.6979445219039917,0.024952168367346938,0.0,0.36590123176574707,972.0177226731898,11712.062699298469,0.06857860331632654,0.02816430665552616,,,,,,
reference,episode_000035,248,1,0.3981003165245056,0.3477962613105774,0.30741122364997864,0.3555750846862793,0.23621894419193268,0.013720001094043255,0.35308942198753357,0.6952325701713562,0.01887356505102041,0.0,0.3717379570007324,1091.8893558052569,14004.480947066326,0.07724808673469388,0.03050953522324562,,,,,,
reference,episode_000035,249,0,0.3739783763885498,0.3261752426624298,0.2968950569629669,0.3342241942882538,0.25073668360710144,0.011218824423849583,0.2784796357154846,0.6984454989433289,0.02658641581632653,0.0,0.3671700358390808,974.20827417044,11707.515425701531,0.06690449617346939,0.028182130306959152,,,,,,
reference,episode_000035,249,1,0.39767786860466003,0.3475642204284668,0.3070557117462158,0.3552936315536499,0.2361573725938797,0.013720001094043255,0.3527858853340149,0.6939373016357422,0.01797672193877551,0.0,0.37298154830932617,1088.7658954510734,13971.156728316326,0.07557397959183673,0.030503947287797928,,,,,,
reference,episode_000035,250,0,0.37370938062667847,0.3260471522808075,0.29677075147628784,0.3340664207935333,0.250577837228775,0.011975686065852642,0.27826669812202454,0.6984454989433289,0.02391581632653061,0.0,0.36710837483406067,974.6436513303371,11697.338050063776,0.06722337372448979,0.028190966695547104,,,,,,
reference,episode_000035,250,1,0.3976500332355499,0.34736165404319763,0.3069325387477875,0.355133980512619,0.2361530214548111,0.013720001094043255,0.35252782702445984,0.695341944694519,0.017857142857142856,0.0,0.3727157711982727,1085.8386217087123,13986.637755102041,0.07653061224489796,0.030533548444509506,,,,,,
reference,episode_000035,251,0,0.37354785203933716,0.325936496257782,0.29669448733329773,0.33394739031791687,0.25051939487457275,0.011218824423849583,0.27826669812202454,0.6984454989433289,0.025589923469387755,0.0,0.36719146370887756,974.2679912562372,11704.464724170919,0.06708386479591837,0.028225068002939224,,,,,,
reference,episode_000035,251,1,0.39751508831977844,0.34740179777145386,0.30687546730041504,0.3551298677921295,0.23612746596336365,0.013720001094043255,0.3527498245239258,0.6939806342124939,0.017279177295918366,0.0,0.3723781108856201,1089.0971372283434,13971.483936543367,0.07567362882653061,0.030516577884554863,,,,,,
reference,episode_000035,252,0,0.37360507249832153,0.32574689388275146,0.2964875102043152,0.3338090181350708,0.2504786252975464,0.011445490643382072,0.2788376808166504,0.698465883731842,0.024374202806122448,0.0,0.36821603775024414,971.9735908111103,11704.807278380102,0.06788105867346939,0.028236083686351776,,,,,,
reference,episode_000035,252,1,0.3976096212863922,0.34740108251571655,0.3070579171180725,0.3551625907421112,0.23614494502544403,0.013720001094043255,0.35257256031036377,0.695609450340271,0.017199457908163265,0.0,0.37197446823120117,1085.1489780712802,13965.300621811224,0.07700892857142858,0.03048333153128624,,,,,,
reference,episode_000035,253,0,0.373269259929657,0.32561421394348145,0.2965230643749237,0.3336452841758728,0.2503235936164856,0.011488235555589199,0.2785341441631317,0.6970455050468445,0.0263671875,0.0,0.3665603995323181,973.2046423276131,11696.635801977041,0.06754225127551021,0.028246570378541946,,,,,,
reference,episode_000035,253,1,0.3975241184234619,0.3474815785884857,0.3069608509540558,0.355195015668869,0.23606278002262115,0.013720001094043255,0.3527953028678894,0.6941733360290527,0.018594547193877552,0.0,0.37281569838523865,1081.2871003788443,13947.479990433674,0.07657047193877552,0.030432241037487984,,,,,,
reference,episode_000035,254,0,0.3730313777923584,0.3254503607749939,0.29616519808769226,0.33345168828964233,0.250261515378952,0.011749019846320152,0.27805569767951965,0.6970455050468445,0.025629783163265307,0.0,0.36717504262924194,973.6794897994614,11690.795200892857,0.06728316326530612,0.028276586905121803,,,,,,
reference,episode_000035,254,1,0.3975716829299927,0.3472312092781067,0.3068339228630066,0.3550168573856354,0.2359379529953003,0.013720001094043255,0.35252782702445984,0.695341944694519,0.017916932397959183,0.0,0.37240540981292725,1072.099195131209,13935.715282206633,0.0764907525510204,0.030406417325139046,,,,,,
reference,episode_000035,255,0,0.3731699585914612,0.3254076838493347,0.296322762966156,0.3334619700908661,0.250306099653244,0.01149725541472435,0.27826669812202454,0.6970455050468445,0.025390625,0.0,0.3659652769565582,976.04874787138,11685.031409438776,0.06696428571428571,0.028265316039323807,,,,,,
reference,episode_000035,255,1,0.3975697457790375,0.3473447263240814,0.3068656623363495,0.3550999164581299,0.2359740287065506,0.013720001094043255,0.3525490164756775,0.6953067183494568,0.018275669642857144,0.0,0.37315380573272705,1074.577745611198,13943.695073341836,0.07557397959183673,0.030375167727470398,,,,,,
reference,episode_000035,256,0,0.3730129599571228,0.3253081142902374,0.2962033450603485,0.33334875106811523,0.25025707483291626,0.01169921550899744,0.27826669812202454,0.6970455050468445,0.02596859056122449,0.0,0.36704012751579285,974.9241233132174,11694.682676977041,0.0680404974489796,0.028298087418079376,,,,,,
reference,episode_000035,256,1,0.397549033164978,0.347243994474411,0.30685898661613464,0.355023056268692,0.23597244918346405,0.013720001094043255,0.3527953028678894,0.6953970193862915,0.01931202168367347,0.0,0.3705275058746338,1068.7560644975954,13953.755939094388,0.07619180484693877,0.030386514961719513,,,,,,
reference,episode_000035,257,0,0.37295007705688477,0.3251914978027344,0.2959664463996887,0.33323490619659424,0.2501433491706848,0.011218824423849583,0.27826669812202454,0.6970455050468445,0.02760283801020408,0.0,0.36694231629371643,977.8561010380578,11683.37571747449,0.06873804209183673,0.02830844186246395,,,,,,
reference,episode_000035,257,1,0.39745765924453735,0.3472546637058258,0.3069736659526825,0.3550195097923279,0.23591139912605286,0.013720001094043255,0.3530988097190857,0.6944721937179565,0.017558195153061226,0.0,0.3721083700656891,1071.9873702459563,13943.466517857143,0.07553411989795919,0.03037845529615879,,,,,,
reference,episode_000035,258,0,0.37276512384414673,0.3251650035381317,0.295994371175766,0.33317866921424866,0.25005853176116943,0.011218824423849583,0.27770042419433594,0.6964949369430542,0.025350765306122448,0.0,0.3668902516365051,977.4331073367758,11673.512276785714,0.06812021683673469,0.028284315019845963,,,,,,
reference,episode_000035,258,1,0.39743223786354065,0.3472098112106323,0.3069647252559662,0.354981392621994,0.23595836758613586,0.013720001094043255,0.3526725769042969,0.6939373016357422,0.018435108418367346,0.0,0.3712885081768036,1076.5876930388545,13951.462133290815,0.07661033163265306,0.03040975145995617,,,,,,
reference,episode_000035,259,0,0.37289679050445557,0.3251001536846161,0.29601871967315674,0.3331620395183563,0.2500639259815216,0.011218824423849583,0.27770984172821045,0.6970455050468445,0.02586894132653061,0.0,0.3676697611808777,979.0540425599689,11684.877590880102,0.06784119897959184,0.02831657975912094,,,,,,
reference,episode_000035,259,1,0.3974471986293793,0.3472049832344055,0.30682486295700073,0.3549710512161255,0.2358819544315338,0.013720001094043255,0.3525749146938324,0.6942204236984253,0.01678093112244898,0.0,0.37346458435058594,1071.3762067022644,13932.752032844388,0.07599250637755102,0.03036695532500744,,,,,,
reference,episode_000035,260,0,0.37280961871147156,0.32505878806114197,0.2959422767162323,0.33310839533805847,0.25001513957977295,0.011749019846320152,0.2782509922981262,0.6964792013168335,0.025231186224489797,0.0,0.36654171347618103,977.5091563438884,11670.166493941326,0.06875797193877552,0.028285272419452667,,,,,,
reference,episode_000035,260,1,0.3974492847919464,0.3472725749015808,0.30687063932418823,0.3550231456756592,0.23592312633991241,0.013720001094043255,0.3527953028678894,0.6939058899879456,0.0185546875,0.0,0.370778888463974,1080.8519530751116,13956.396603954081,0.07521524234693877,0.030421258881688118,,,,,,
reference,episode_000035,261,0,0.37262585759162903,0.3250052332878113,0.29570502042770386,0.3330138921737671,0.2499273717403412,0.011218824423849583,0.27770042419433594,0.6964949369430542,0.02517139668367347,0.0,0.367327481508255,973.3623886898824,11653.277742346938,0.06754225127551021,0.02826879546046257,,,,,,
reference,episode_000035,261,1,0.3974406123161316,0.3473024070262909,0.3070394992828369,0.3550548553466797,0.23598840832710266,0.013720001094043255,0.35252782702445984,0.6942204236984253,0.018395248724489797,0.0,0.37220513820648193,1076.742695847336,13960.146045918367,0.07667012117346939,0.030371012166142464,,,,,,
reference,episode_000035,262,0,0.37242066860198975,0.32478001713752747,0.29549673199653625,0.332794189453125,0.24984799325466156,0.011218824423849583,0.27745336294174194,0.6962118148803711,0.026785714285714284,0.0,0.36750149726867676,969.6305313074603,11655.138472576531,0.0670639349489796,0.028254805132746696,,,,,,
reference,episode_000035,262,1,0.3975409269332886,0.3471831977367401,0.3070129156112671,0.3549889028072357,0.23598603904247284,0.013720001094043255,0.35252782702445984,0.6950852870941162,0.018494897959183673,0.0,0.3713959753513336,1080.2284804359667,13948.716198979591,0.07623166454081633,0.03037944622337818,,,,,,
reference,episode_000035,263,0,0.3723515570163727,0.32454782724380493,0.29539790749549866,0.3326062858104706,0.2497435212135315,0.011388824321329594,0.27752238512039185,0.69590824842453,0.0263671875,1.992984693877551e-05,0.3668387234210968,971.5054847498033,11644.70228794643,0.0677016900510204,0.028276843950152397,,,,,,
reference,episode_000035,263,1,0.3974364399909973,0.3472557067871094,0.3069166839122772,0.3550117015838623,0.23594962060451508,0.013720001094043255,0.35304707288742065,0.6944721937179565,0.016541772959183673,0.0,0.37182843685150146,1078.2563905521315,13912.038384885203,0.07439811862244898,0.03028782457113266,,,,,,
reference,episode_000035,264,0,0.37207478284835815,0.3241664171218872,0.29509204626083374,0.3322525918483734,0.24954305589199066,0.011218824423849583,0.27770042419433594,0.6945286393165588,0.025829081632653062,0.0,0.36714857816696167,972.3042391002897,11623.361447704081,0.0680404974489796,0.028309792280197144,,,,,,
reference,episode_000035,264,1,0.3974155783653259,0.34718528389930725,0.3068142235279083,0.3549494743347168,0.23594708740711212,0.013720001094043255,0.3530988097190857,0.6944345235824585,0.01845503826530612,0.0,0.372580885887146,1076.258235211275,13903.66908482143,0.0751953125,0.030278723686933517,,,,,,
reference,episode_000035,265,0,0.371613085269928,0.32386916875839233,0.2949307858943939,0.3319301903247833,0.24932806193828583,0.011749019846320152,0.277169406414032,0.6931239366531372,0.025350765306122448,0.0,0.3670487701892853,973.8897146823158,11596.615114795919,0.06825972576530612,0.028358180075883865,,,,,,
reference,episode_000035,265,1,0.3973027169704437,0.34708574414253235,0.3067695200443268,0.35485103726387024,0.2359255850315094,0.013720001094043255,0.35266000032424927,0.6939373016357422,0.0184749681122449,0.0,0.37285593152046204,1075.6186487276523,13874.175661670919,0.07579320790816327,0.030232680961489677,,,,,,
reference,episode_000035,266,0,0.37116241455078125,0.3234189748764038,0.29429617524147034,0.33146652579307556,0.24906738102436066,0.01149725541472435,0.2763004004955292,0.6931239366531372,0.0244140625,0.0,0.368226021528244,958.7441293441569,11561.861886160714,0.06873804209183673,0.028333527967333794,,,,,,
reference,episode_000035,266,1,0.39730578660964966,0.3469162881374359,0.3066282868385315,0.3547202944755554,0.23590078949928284,0.013720001094043255,0.35276705026626587,0.6939058899879456,0.01891342474489796,0.0,0.37233513593673706,1076.5222936210807,13892.548030931122,0.07591278698979592,0.030270636081695557,,,,,,
reference,episode_000035,267,0,0.3706616461277008,0.32289713621139526,0.2939324975013733,0.33096063137054443,0.24875451624393463,0.011218824423849583,0.2755800187587738,0.6925733685493469,0.02716438137755102,0.0,0.36885493993759155,947.5886565446358,11504.499242665815,0.06742267219387756,0.02829812839627266,,,,,,
reference,episode_000035,267,1,0.39726540446281433,0.3469315767288208,0.3066408634185791,0.35472357273101807,0.23592816293239594,0.013720001094043255,0.3527953028678894,0.6941187977790833,0.01815609056122449,0.0,0.37209615111351013,1075.4656605623206,13878.067203443878,0.07613201530612244,0.030249472707509995,,,,,,
reference,episode_000035,268,0,0.37017393112182617,0.3224833905696869,0.2935452461242676,0.33053308725357056,0.24845875799655914,0.011445490643382072,0.27542826533317566,0.692290186882019,0.0263671875,0.0,0.3669481873512268,948.2803312887107,11460.651466836734,0.06774154974489796,0.028293870389461517,,,,,,
reference,episode_000035,268,1,0.3972414433956146,0.3468269109725952,0.3064357340335846,0.3546287417411804,0.23587539792060852,0.013720001094043255,0.35304707288742065,0.6939058899879456,0.018514827806122448,0.0,0.37398990988731384,1086.9094253899107,13881.72377232143,0.07571348852040816,0.03028441034257412,,,,,,
reference,episode_000035,269,0,0.36985573172569275,0.32205522060394287,0.2931229770183563,0.3301286995410919,0.24821001291275024,0.011749019846320152,0.2749160826206207,0.691687822341919,0.02489237882653061,0.0,0.3684734106063843,942.646588046667,11429.317881058674,0.06762197066326531,0.02831670641899109,,,,,,
reference,episode_000035,269,1,0.39687418937683105,0.34681856632232666,0.30631330609321594,0.35453590750694275,0.23588284850120544,0.013720001094043255,0.35308942198753357,0.6939373016357422,0.017040019132653062,0.0,0.3726983666419983,1081.2813352352875,13891.271843112245,0.07561383928571429,0.030285099521279335,,,,,,
reference,episode_000035,270,0,0.3693896234035492,0.3216177821159363,0.2928970754146576,0.32970044016838074,0.24788419902324677,0.011218824423849583,0.27436864376068115,0.6892023682594299,0.026885363520408163,0.0,0.36709946393966675,933.1457099326697,11392.414540816326,0.06644610969387756,0.02833687700331211,,,,,,
reference,episode_000035,270,1,0.3968762457370758,0.346593976020813,0.3062300682067871,0.35436972975730896,0.2358945906162262,0.013720001094043255,0.35258275270462036,0.6931239366531372,0.019511320153061226,0.0,0.3728959262371063,1079.7545434708697,13862.65345982143,0.07621173469387756,0.030251508578658104,,,,,,
reference,episode_000035,271,0,0.36900851130485535,0.3213024139404297,0.29243096709251404,0.3293602168560028,0.24764150381088257,0.011628431268036366,0.27395689487457275,0.6892023682594299,0.025629783163265307,0.0,0.36790430545806885,938.5304042128214,11376.966238839286,0.06592793367346939,0.02845696546137333,,,,,,
reference,episode_000035,271,1,0.3966193199157715,0.3464979827404022,0.3059785068035126,0.35422825813293457,0.2358292043209076,0.013720001094043255,0.35252782702445984,0.6933709979057312,0.01797672193877551,0.0,0.37352612614631653,1084.643128356155,13855.67299107143,0.07605229591836735,0.030255578458309174,,,,,,
reference,episode_000035,272,0,0.3686189353466034,0.3209852874279022,0.2921239733695984,0.3290284276008606,0.24738693237304688,0.011749019846320152,0.273271381855011,0.6892023682594299,0.02600845025510204,0.0,0.36831337213516235,931.6672299217055,11330.803292410714,0.06726323341836735,0.028453074395656586,,,,,,
reference,episode_000035,272,1,0.3964681029319763,0.3462661802768707,0.3058374226093292,0.3540201485157013,0.23581160604953766,0.013720001094043255,0.35224783420562744,0.6933709979057312,0.019670758928571428,0.0,0.3735155463218689,1092.0917780092484,13871.541015625,0.07710857780612244,0.030308516696095467,,,,,,
reference,episode_000035,273,0,0.36816340684890747,0.3204711675643921,0.29169076681137085,0.3285325765609741,0.24711133539676666,0.011484313756227493,0.2732737362384796,0.6884472966194153,0.02618781887755102,0.0,0.3681727945804596,930.9898584978326,11297.836296237245,0.0655094068877551,0.028528576716780663,,,,,,
reference,episode_000035,273,1,0.3963180184364319,0.3461095094680786,0.3057766258716583,0.3538717031478882,0.23581789433956146,0.013720001094043255,0.35196155309677124,0.6931239366531372,0.01815609056122449,0.0,0.3734154999256134,1089.531341895914,13833.088169642857,0.07643096301020408,0.03026377037167549,,,,,,
reference,episode_000035,274,0,0.3674710988998413,0.3197769224643707,0.291080117225647,0.3278448283672333,0.24663469195365906,0.011218824423849583,0.2721906006336212,0.685815691947937,0.02919722576530612,0.0,0.36901190876960754,925.8477097336129,11248.284598214286,0.06666533801020408,0.02852737531065941,,,,,,
reference,episode_000035,274,1,0.39627954363822937,0.3459286093711853,0.30549877882003784,0.3537141978740692,0.23575183749198914,0.013720001094043255,0.3517051041126251,0.6931239366531372,0.018574617346938774,0.0,0.373843252658844,1079.1261587210467,13807.596460459185,0.0758529974489796,0.03019760176539421,,,,,,
reference,episode_000035,275,0,0.36682048439979553,0.319124698638916,0.2905367910861969,0.3272008001804352,0.24615153670310974,0.011218824423849583,0.2713513970375061,0.6847684383392334,0.02676578443877551,0.0,0.36773428320884705,916.7843906795019,11186.437021683674,0.06515066964285714,0.028549937531352043,,,,,,
reference,episode_000035,275,1,0.3960534334182739,0.3457871973514557,0.30547070503234863,0.35356295108795166,0.23574942350387573,0.013720001094043255,0.3517051041126251,0.6931239366531372,0.017418686224489797,0.0,0.37374576926231384,1083.128195480226,13784.358617665815,0.07665019132653061,0.030183622613549232,,,,,,
reference,episode_000035,276,0,0.36600250005722046,0.31835827231407166,0.289685994386673,0.32641729712486267,0.2455645203590393,0.011218824423849583,0.27101489901542664,0.6813592910766602,0.027722417091836735,0.0,0.3686884641647339,908.6131235044829,11107.033282844388,0.0654296875,0.028529126197099686,,,,,,
reference,episode_000035,276,1,0.395845890045166,0.345514178276062,0.3052341341972351,0.35330647230148315,0.23573853075504303,0.013720001094043255,0.3511388301849365,0.6931239366531372,0.01833545918367347,0.0,0.37408941984176636,1064.7532427119293,13768.342474489797,0.07748724489795919,0.030137421563267708,,,,,,
reference,episode_000035,277,0,0.3652511239051819,0.31755030155181885,0.28907859325408936,0.3256358504295349,0.24500738084316254,0.011218824423849583,0.2698572874069214,0.6805411577224731,0.02744339923469388,0.0,0.3681394159793854,900.4905813615158,11053.768614477041,0.06447305484693877,0.02856777049601078,,,,,,
reference,episode_000035,277,1,0.39561641216278076,0.34528371691703796,0.3048820197582245,0.35306739807128906,0.2357058823108673,0.013720001094043255,0.350556880235672,0.6931239366531372,0.018275669642857144,0.0,0.3751107454299927,1081.4023365650708,13771.511838329081,0.07635124362244898,0.03017892688512802,,,,,,
reference,episode_000035,278,0,0.3644147515296936,0.316816121339798,0.2881897985935211,0.324868768453598,0.24444615840911865,0.011218824423849583,0.2692705988883972,0.6796557307243347,0.02588887117346939,0.0,0.36876076459884644,904.5521841625134,10963.794682716836,0.06269929846938775,0.028608035296201706,,,,,,
reference,episode_000035,278,1,0.39542868733406067,0.34516432881355286,0.30469900369644165,0.35292890667915344,0.23572120070457458,0.013720001094043255,0.350556880235672,0.6931239366531372,0.018176020408163265,0.0,0.37533149123191833,1068.9883141027096,13767.473214285714,0.07665019132653061,0.030151167884469032,,,,,,
reference,episode_000035,279,0,0.3635396361351013,0.3161006569862366,0.2873000204563141,0.3241068124771118,0.2438369244337082,0.011218824423849583,0.268457293510437,0.6774376630783081,0.02600845025510204,0.0,0.3686404228210449,877.9422276555275,10874.519331951531,0.06275908801020408,0.028568606823682785,,,,,,
reference,episode_000035,279,1,0.3952540159225464,0.3450470268726349,0.304654598236084,0.35280466079711914,0.23567327857017517,0.013720001094043255,0.35060393810272217,0.6931239366531372,0.017637914540816327,0.0,0.37635037302970886,1074.4092879221866,13786.663942920919,0.07613201530612244,0.030220339074730873,,,,,,
reference,episode_000035,280,0,0.3630951941013336,0.3153223395347595,0.2867870032787323,0.3234185576438904,0.24338111281394958,0.011218824423849583,0.268261194229126,0.6766039729118347,0.027802136479591837,0.0,0.36981862783432007,879.5643531643613,10830.500039859693,0.061224489795918366,0.028652478009462357,,,,,,
reference,episode_000035,280,1,0.3951317071914673,0.344977468252182,0.3044242560863495,0.35271233320236206,0.23565985262393951,0.013720001094043255,0.35027843713760376,0.692290186882019,0.019591039540816327,0.0,0.37517470121383667,1066.8816928470299,13789.966677295919,0.07599250637755102,0.03024205192923546,,,,,,
reference,episode_000035,281,0,0.36261191964149475,0.3149890601634979,0.2866450548171997,0.32306724786758423,0.24299810826778412,0.011218824423849583,0.2673717737197876,0.6757341623306274,0.026905293367346938,0.0,0.3673974275588989,885.4949198210055,10768.373325892857,0.0625,0.02870342880487442,,,,,,
reference,episode_000035,281,1,0.39512625336647034,0.3447701334953308,0.30451104044914246,0.3525691628456116,0.2355743795633316,0.013720001094043255,0.350556880235672,0.692290186882019,0.01823580994897959,0.0,0.3748483955860138,1068.203599547307,13785.446189413266,0.07469706632653061,0.030276792123913765,,,,,,
reference,episode_000035,282,0,0.36244356632232666,0.3147440552711487,0.28637221455574036,0.3228365182876587,0.2427469938993454,0.011218824423849583,0.2673529386520386,0.6735160946846008,0.027802136479591837,0.0,0.3679105341434479,876.6253957990706,10732.026267538266,0.06343670280612244,0.028715010732412338,,,,,,
reference,episode_000035,282,1,0.3951783776283264,0.34473079442977905,0.3044642210006714,0.3525487184524536,0.2356056272983551,0.013720001094043255,0.35053884983062744,0.6922070980072021,0.01985012755102041,0.0,0.3754456639289856,1068.1322698021174,13789.586734693878,0.07688934948979592,0.0303153358399868,,,,,,
reference,episode_000035,283,0,0.36225298047065735,0.3143962323665619,0.2860752046108246,0.3225257992744446,0.24240195751190186,0.011218824423849583,0.26679450273513794,0.6726823449134827,0.028659119897959183,0.0,0.36731719970703125,848.1558062495019,10695.693120216836,0.06373565051020408,0.02870180457830429,,,,,,
reference,episode_000035,283,1,0.3949904143810272,0.34477439522743225,0.3043002486228943,0.3525281250476837,0.23555168509483337,0.013720001094043255,0.350309818983078,0.6931239366531372,0.018853635204081634,0.0,0.3752576410770416,1060.7190787646234,13750.195352359693,0.07732780612244898,0.030225254595279694,,,,,,
reference,episode_000035,284,0,0.3621220588684082,0.31412479281425476,0.2856798470020294,0.3222752809524536,0.24209290742874146,0.011218824423849583,0.26704472303390503,0.670760989189148,0.027184311224489797,0.0,0.369326114654541,857.4710459707184,10647.578284438776,0.06158322704081633,0.028703270480036736,,,,,,
reference,episode_000035,284,1,0.395004004240036,0.3448118567466736,0.30428367853164673,0.3525565266609192,0.23547033965587616,0.013720001094043255,0.35056549310684204,0.6919866800308228,0.017578125,0.0,0.3751542866230011,1059.390276899739,13751.908801020409,0.07700892857142858,0.03025207109749317,,,,,,
reference,episode_000035,285,0,0.3618129789829254,0.31391942501068115,0.28553006052970886,0.32205188274383545,0.24186386168003082,0.011218824423849583,0.2662980556488037,0.6695945262908936,0.02570950255102041,0.0,0.36856845021247864,859.2359670295859,10634.974250637755,0.062400350765306124,0.028744511306285858,,,,,,
reference,episode_000035,285,1,0.39504653215408325,0.3446804881095886,0.30417707562446594,0.3524639308452606,0.23552477359771729,0.013718824833631516,0.35027843713760376,0.692290186882019,0.019112723214285716,0.0,0.3761698007583618,1064.1585346489637,13787.795958227041,0.07684948979591837,0.0303712859749794,,,,,,
reference,episode_000035,286,0,0.36164790391921997,0.31366726756095886,0.2852577865123749,0.3218167722225189,0.24154120683670044,0.011218824423849583,0.2659356892108917,0.6695945262908936,0.026705994897959183,0.0,0.3679075837135315,851.5574244916662,10598.809749681122,0.0625797193877551,0.02870813012123108,,,,,,
reference,episode_000035,286,1,0.39508718252182007,0.34474337100982666,0.3043186366558075,0.35252782702445984,0.23555688560009003,0.013720001094043255,0.3510760962963104,0.692290186882019,0.018833705357142856,0.0,0.37509584426879883,1065.194523790289,13802.840043048469,0.07778619260204081,0.030403248965740204,,,,,,
reference,episode_000035,287,0,0.3612542748451233,0.31312525272369385,0.28500714898109436,0.3213273584842682,0.2411816418170929,0.011218824423849583,0.26625412702560425,0.6687765121459961,0.027483258928571428,0.0,0.3673242926597595,860.9458202646455,10568.092753507653,0.06176259566326531,0.028733715415000916,,,,,,
reference,episode_000035,287,1,0.3950021266937256,0.34469807147979736,0.30429431796073914,0.35247552394866943,0.23564107716083527,0.013720001094043255,0.350556880235672,0.6931239366531372,0.0184749681122449,0.0,0.3754499852657318,1071.833300150816,13806.69056919643,0.07758689413265306,0.030438018962740898,,,,,,
reference,episode_000035,288,0,0.3604653775691986,0.31239721179008484,0.28416576981544495,0.3205782175064087,0.24065427482128143,0.011218824423849583,0.2655686140060425,0.6675333976745605,0.027044802295918366,0.0,0.3689492642879486,827.1039675991021,10495.576132015307,0.06158322704081633,0.028573695570230484,,,,,,
reference,episode_000035,288,1,0.39490485191345215,0.34469351172447205,0.3041611313819885,0.35244202613830566,0.2356417179107666,0.013720001094043255,0.35026121139526367,0.692290186882019,0.018215880102040817,0.0,0.3757888674736023,1071.2421889219718,13782.761838329081,0.07770647321428571,0.030395930632948875,,,,,,
reference,episode_000035,289,0,0.3598303198814392,0.3117137551307678,0.2835053503513336,0.31990671157836914,0.24022528529167175,0.011218824423849583,0.2640572786331177,0.665673017501831,0.027044802295918366,0.0,0.36865586042404175,845.5957312176795,10467.053212691326,0.060666454081632654,0.028634555637836456,,,,,,
reference,episode_000035,289,1,0.3949741721153259,0.3446916341781616,0.3040756285190582,0.3524492681026459,0.23579323291778564,0.0134164709597826,0.3500533401966095,0.6931239366531372,0.01887356505102041,0.0,0.3764611482620239,1077.2783813218384,13795.753029336734,0.07581313775510204,0.030390089377760887,,,,,,
reference,episode_000035,290,0,0.35917532444000244,0.31095144152641296,0.28292784094810486,0.3191804885864258,0.23979437351226807,0.011218824423849583,0.2637176513671875,0.665673017501831,0.02560985331632653,0.0,0.36825934052467346,833.7729602636571,10437.811543367347,0.0607063137755102,0.028567032888531685,,,,,,
reference,episode_000035,290,1,0.39490851759910583,0.34459370374679565,0.30415067076683044,0.35237061977386475,0.23576419055461884,0.013720001094043255,0.3500533401966095,0.6931239366531372,0.018494897959183673,0.0,0.37569499015808105,1081.2946087103594,13782.155293367347,0.07736766581632654,0.03038932941854,,,,,,
reference,episode_000035,291,0,0.3583236634731293,0.31019920110702515,0.28239181637763977,0.3184228241443634,0.23930475115776062,0.011218824423849583,0.2625851035118103,0.6645357012748718,0.027184311224489797,0.0,0.3674197793006897,838.1183063546007,10439.840082908164,0.060467155612244895,0.028614241629838943,,,,,,
reference,episode_000035,291,1,0.3948095142841339,0.3446103036403656,0.3039933443069458,0.3523501455783844,0.23579755425453186,0.013720001094043255,0.3503207862377167,0.6931239366531372,0.01895328443877551,0.0,0.3768059015274048,1066.8428032544196,13744.591916454081,0.07690927933673469,0.03023660182952881,,,,,,
reference,episode_000035,292,0,0.35753554105758667,0.30935075879096985,0.281679630279541,0.31759703159332275,0.23891735076904297,0.011218824423849583,0.26176705956459045,0.661751389503479,0.02686543367346939,0.0,0.3681597113609314,850.6378685277188,10499.083984375,0.06146364795918367,0.028818748891353607,,,,,,
reference,episode_000035,292,1,0.39484888315200806,0.34440913796424866,0.30387043952941895,0.35220569372177124,0.2357819527387619,0.013720001094043255,0.35027843713760376,0.6931239366531372,0.01963089923469388,0.0,0.3770231008529663,1067.098596358786,13716.969547193878,0.07621173469387756,0.03016606904566288,,,,,,
reference,episode_000035,293,0,0.3566851317882538,0.3085918724536896,0.2810685336589813,0.31682929396629333,0.23842434585094452,0.011218824423849583,0.26130157709121704,0.6606141328811646,0.026526626275510203,0.0,0.37038904428482056,849.0424098241632,10431.233458227041,0.05935108418367347,0.028702352195978165,,,,,,
reference,episode_000035,293,1,0.39490702748298645,0.34443241357803345,0.30376705527305603,0.35222727060317993,0.23578383028507233,0.013720001094043255,0.3497466742992401,0.6931239366531372,0.018215880102040817,0.0,0.3771134316921234,1066.41990249011,13690.62890625,0.07674984056122448,0.0300761666148901,,,,,,
reference,episode_000035,294,0,0.3560863435268402,0.30786260962486267,0.28043219447135925,0.316134512424469,0.2380659133195877,0.011218824423849583,0.26010745763778687,0.6581490635871887,0.025390625,0.0,0.3703872561454773,850.7419987876731,10456.156409438776,0.06002869897959184,0.02880070172250271,,,,,,
reference,episode_000035,294,1,0.39492806792259216,0.3443429172039032,0.30375659465789795,0.3521669805049896,0.23584455251693726,0.013715294189751148,0.35026121139526367,0.6931239366531372,0.018614477040816327,0.0,0.3768714964389801,1066.7725900684184,13713.47377232143,0.07674984056122448,0.030066290870308876,,,,,,
reference,episode_000035,295,0,0.3557254374027252,0.3072640299797058,0.27999404072761536,0.3155980110168457,0.2377350628376007,0.011218824423849583,0.2598494291305542,0.6578298211097717,0.02549027423469388,0.0,0.37090227007865906,837.1954092004308,10400.749202806122,0.05978954081632653,0.028722887858748436,,,,,,
reference,episode_000035,295,1,0.3949873149394989,0.3444753885269165,0.3038880228996277,0.352283775806427,0.2358587384223938,0.013720001094043255,0.35060393810272217,0.6931239366531372,0.01823580994897959,0.0,0.37797811627388,1068.1421738083984,13753.884606186224,0.07704878826530612,0.030105670914053917,,,,,,
reference,episode_000035,296,0,0.35530340671539307,0.3067704737186432,0.2795117497444153,0.31512048840522766,0.23744931817054749,0.011218824423849583,0.25952863693237305,0.6578298211097717,0.026307397959183673,0.0,0.37075158953666687,830.1374410480721,10336.971500318878,0.06078603316326531,0.028503529727458954,,,,,,
reference,episode_000035,296,1,0.3949388265609741,0.3444404602050781,0.30385255813598633,0.3522459864616394,0.23594126105308533,0.013720001094043255,0.35026904940605164,0.6931239366531372,0.01837531887755102,0.0,0.3781387209892273,1071.161782553076,13790.567323022959,0.0778061224489796,0.03013812005519867,,,,,,
reference,episode_000035,297,0,0.35496294498443604,0.30616647005081177,0.278797447681427,0.3145645558834076,0.23713994026184082,0.011218824423849583,0.25912824273109436,0.6569961309432983,0.025908801020408163,0.0,0.3720131814479828,815.1745535970878,10279.41262755102,0.059869260204081634,0.028339674696326256,,,,,,
reference,episode_000035,297,1,0.3948540687561035,0.34444934129714966,0.3040109872817993,0.3522457480430603,0.23597145080566406,0.0134164709597826,0.3502737283706665,0.6931239366531372,0.018853635204081634,0.0,0.3774840831756592,1074.04690906218,13780.83079559949,0.07788584183673469,0.030136609449982643,,,,,,
reference,episode_000035,298,0,0.3546258211135864,0.30582210421562195,0.2783113420009613,0.31421148777008057,0.23700425028800964,0.011218824423849583,0.25819531083106995,0.6569961309432983,0.02614795918367347,0.0,0.3717294931411743,814.9897445685067,10244.113400829081,0.06010841836734694,0.02820483408868313,,,,,,
reference,episode_000035,298,1,0.39483097195625305,0.3442832827568054,0.3036261200904846,0.35209429264068604,0.23596347868442535,0.013720001094043255,0.34998589754104614,0.6931239366531372,0.01887356505102041,0.0,0.37745535373687744,1070.7035015281763,13772.240832270409,0.07830436862244898,0.030124854296445847,,,,,,
reference,episode_000035,299,0,0.3545196056365967,0.3054306209087372,0.27796146273612976,0.31388363242149353,0.23688644170761108,0.011218824423849583,0.2578454911708832,0.6561984419822693,0.026526626275510203,0.0,0.37374386191368103,817.825629606092,10285.434231505102,0.05895248724489796,0.028323311358690262,,,,,,
reference,episode_000035,299,1,0.3947140574455261,0.3442215025424957,0.30362972617149353,0.35202550888061523,0.2359781414270401,0.013720001094043255,0.3503004014492035,0.6931239366531372,0.017239317602040817,0.0,0.37971028685569763,1075.5300604718173,13808.981784119898,0.07696906887755102,0.030215788632631302,,,,,,
reference,episode_000035,300,0,0.35450804233551025,0.3050462305545807,0.27763670682907104,0.3135828673839569,0.23681378364562988,0.011218824423849583,0.2578454911708832,0.6542274951934814,0.028559470663265307,0.0,0.37263086438179016,808.0815331718418,10238.398756377552,0.058872767857142856,0.028179895132780075,,,,,,
reference,episode_000035,300,1,0.3945837914943695,0.3441271483898163,0.30349352955818176,0.35192054510116577,0.2359687238931656,0.013720001094043255,0.3497105836868286,0.692290186882019,0.01767777423469388,0.0,0.3790869116783142,1072.6505254040853,13787.942163584185,0.0787826849489796,0.030200371518731117,,,,,,
reference,episode_000035,301,0,0.35393768548965454,0.304752379655838,0.27699464559555054,0.3132050335407257,0.236561119556427,0.011218824423849583,0.2572792172431946,0.6541553139686584,0.02489237882653061,0.0,0.3737850487232208,806.4836223670612,10206.722098214286,0.05903220663265306,0.028115786612033844,,,,,,
reference,episode_000035,301,1,0.3944106698036194,0.34414204955101013,0.30356910824775696,0.35189980268478394,0.23605772852897644,0.013720001094043255,0.35001176595687866,0.6931239366531372,0.01767777423469388,0.0,0.3784380853176117,1074.779769471664,13803.862802933674,0.07730787627551021,0.030256791040301323,,,,,,
reference,episode_000035,302,0,0.353635311126709,0.304027795791626,0.2763705849647522,0.3125775158405304,0.23637579381465912,0.011218824423849583,0.2567576467990875,0.6539082527160645,0.02849968112244898,0.0,0.37508466839790344,801.7990675909924,10182.047911352041,0.05899234693877551,0.02810041606426239,,,,,,
reference,episode_000035,302,1,0.39424386620521545,0.3440442681312561,0.30341026186943054,0.3517829477787018,0.23602724075317383,0.013720001094043255,0.34975922107696533,0.6931239366531372,0.017817283163265307,0.0,0.3785203695297241,1069.1884526412023,13786.825932716836,0.07663026147959184,0.03023042157292366,,,,,,
reference,episode_000035,303,0,0.3531547486782074,0.3036046624183655,0.2755409777164459,0.3121127784252167,0.23610089719295502,0.011218824423849583,0.2570117712020874,0.6539082527160645,0.02564971301020408,0.0,0.37721163034439087,792.6095231070911,10124.00502232143,0.05805564413265306,0.027940044179558754,,,,,,
reference,episode_000035,303,1,0.3944021463394165,0.34390905499458313,0.30332300066947937,0.3517135679721832,0.23605306446552277,0.013720001094043255,0.34939059615135193,0.6931239366531372,0.020069355867346938,0.0,0.3793056011199951,1069.0266799243577,13787.249123086734,0.07818478954081633,0.030265862122178078,,,,,,
reference,episode_000035,304,0,0.3528059422969818,0.30295151472091675,0.27486518025398254,0.3115227222442627,0.23587603867053986,0.011218824423849583,0.25587451457977295,0.6539082527160645,0.027064732142857144,0.0,0.37988853454589844,785.4669566152495,10083.250438456633,0.057338169642857144,0.027851568534970284,,,,,,
reference,episode_000035,304,1,0.3942933678627014,0.3438534140586853,0.30334722995758057,0.3516523838043213,0.23604930937290192,0.0134164709597826,0.3493882417678833,0.6925058960914612,0.019252232142857144,0.0,0.37872806191444397,1068.117944363503,13803.90553252551,0.07736766581632654,0.030317937955260277,,,,,,
reference,episode_000035,305,0,0.3524092137813568,0.30224260687828064,0.27419766783714294,0.31088319420814514,0.2356419563293457,0.011457255110144615,0.2551223635673523,0.6530745625495911,0.025988520408163265,0.0,0.3804456293582916,794.7198020604588,10109.404735331633,0.05757732780612245,0.02797200344502926,,,,,,
reference,episode_000035,305,1,0.39416274428367615,0.34388023614883423,0.3033778965473175,0.3516460061073303,0.236085444688797,0.013720001094043255,0.3491678535938263,0.6931239366531372,0.01797672193877551,0.0,0.37898775935173035,1067.584399647933,13787.812779017857,0.07806521045918367,0.030316062271595,,,,,,
reference,episode_000035,306,0,0.35182493925094604,0.30160462856292725,0.2734522819519043,0.31024888157844543,0.23541386425495148,0.011218824423849583,0.2542274594306946,0.6530745625495911,0.026167889030612245,0.0,0.3829244077205658,799.9535485028923,10123.526147959185,0.05741788903061224,0.02808721922338009,,,,,,
reference,episode_000035,306,1,0.39417505264282227,0.34375378489494324,0.3031461834907532,0.3515414297580719,0.2360984981060028,0.013720001094043255,0.3497341275215149,0.6931239366531372,0.01877391581632653,0.0,0.3795577585697174,1062.4792751707867,13797.59426817602,0.07778619260204081,0.03034255839884281,,,,,,
reference,episode_000035,307,0,0.35135316848754883,0.3009779155254364,0.2727622985839844,0.3096504807472229,0.2352660596370697,0.011218824423849583,0.2542274594306946,0.651395320892334,0.025988520408163265,0.0,0.38515451550483704,803.1091881382222,10191.080994897959,0.05775669642857143,0.028295299038290977,,,,,,
reference,episode_000035,307,1,0.39392635226249695,0.3436681032180786,0.3030301332473755,0.35141894221305847,0.23605670034885406,0.013720001094043255,0.3491678535938263,0.6925870776176453,0.0185546875,0.0,0.3799663484096527,1067.4021924458557,13794.29153380102,0.07764668367346939,0.03040650673210621,,,,,,
reference,episode_000035,308,0,0.3510133922100067,0.30035677552223206,0.27193403244018555,0.3090742528438568,0.2351522147655487,0.011749019846320152,0.2533576488494873,0.6521070599555969,0.02708466198979592,0.0,0.38635382056236267,790.9101227391318,10159.20240752551,0.05823501275510204,0.028259575366973877,,,,,,
reference,episode_000035,308,1,0.39392468333244324,0.34361204504966736,0.303091824054718,0.35138294100761414,0.2360888421535492,0.013720001094043255,0.34928274154663086,0.6931239366531372,0.01837531887755102,0.0,0.37952953577041626,1061.5461854751982,13799.181281887755,0.07782605229591837,0.030377091839909554,,,,,,
reference,episode_000035,309,0,0.3506867289543152,0.2998972535133362,0.27156442403793335,0.308649480342865,0.23496639728546143,0.011672156862914562,0.2530902028083801,0.6511240005493164,0.026327327806122448,0.0,0.3869694769382477,787.8184097966073,10159.205715880102,0.05600286989795918,0.028284380212426186,,,,,,
reference,episode_000035,309,1,0.39384257793426514,0.3435510993003845,0.30299675464630127,0.3513150215148926,0.2361183613538742,0.013720001094043255,0.34917256236076355,0.692290186882019,0.017717633928571428,0.0,0.3808572590351105,1057.5106470087378,13792.793287627552,0.07732780612244898,0.03040502406656742,,,,,,
reference,episode_000035,310,0,0.3504940867424011,0.2994160056114197,0.27091753482818604,0.3082176446914673,0.23480165004730225,0.011729803867638111,0.2536564767360687,0.6503058671951294,0.025370695153061226,0.0,0.3880648612976074,752.4436287441038,10169.865593112245,0.056640625,0.028202803805470467,,,,,,
reference,episode_000035,310,1,0.3937503397464752,0.34347355365753174,0.302963525056839,0.35123753547668457,0.23610033094882965,0.013720001094043255,0.34917256236076355,0.6923441290855408,0.02014907525510204,0.0,0.3789078891277313,1059.2885314193877,13794.184351084185,0.07798549107142858,0.030450619757175446,,,,,,
reference,episode_000035,311,0,0.35037291049957275,0.29913416504859924,0.27054330706596375,0.3079632818698883,0.2347131222486496,0.011749019846320152,0.2530902028083801,0.6502337455749512,0.02658641581632653,0.0,0.39051806926727295,761.7849532337499,10178.122727997448,0.05650111607142857,0.028156772255897522,,,,,,
reference,episode_000035,311,1,0.39370831847190857,0.3433580696582794,0.30280816555023193,0.3511348366737366,0.23615235090255737,0.013720001094043255,0.34887373447418213,0.6931239366531372,0.019112723214285716,0.0,0.3804645240306854,1058.5580945151987,13795.575972576531,0.0778061224489796,0.030443087220191956,,,,,,
reference,episode_000035,312,0,0.3503548502922058,0.2986341416835785,0.269898921251297,0.30755528807640076,0.23435209691524506,0.011749019846320152,0.2530902028083801,0.6503058671951294,0.026805644132653062,0.0,0.3932763636112213,742.9396250056307,10129.89772002551,0.05504623724489796,0.02792423591017723,,,,,,
reference,episode_000035,312,1,0.3937488794326782,0.34331604838371277,0.3026946783065796,0.3511052131652832,0.23614469170570374,0.013720001094043255,0.3493882417678833,0.6931239366531372,0.01985012755102041,0.0,0.38044410943984985,1060.3293669131438,13784.315489477041,0.07754703443877552,0.030436351895332336,,,,,,
reference,episode_000035,313,0,0.35034939646720886,0.2984054684638977,0.2699250280857086,0.307392418384552,0.2342366874217987,0.01149725541472435,0.2527709901332855,0.6500023603439331,0.025450414540816327,0.0,0.39141786098480225,743.907710372483,10259.980070153062,0.05414939413265306,0.028037017211318016,,,,,,
reference,episode_000035,313,1,0.3937229514122009,0.34333422780036926,0.3029361963272095,0.3511301577091217,0.23619845509529114,0.013720001094043255,0.34909412264823914,0.692557692527771,0.020846619897959183,0.0,0.3795059323310852,1062.1188657789216,13804.938058035714,0.07924107142857142,0.030483432114124298,,,,,,
reference,episode_000035,314,0,0.35036012530326843,0.2979418635368347,0.2693183422088623,0.3070193827152252,0.233961820602417,0.011749019846320152,0.2530902028083801,0.6503058671951294,0.025988520408163265,0.0,0.3939880430698395,708.9492588285506,10169.697385204081,0.05444834183673469,0.027701634913682938,,,,,,
reference,episode_000035,314,1,0.393576979637146,0.3433340787887573,0.30286484956741333,0.3510938286781311,0.23614683747291565,0.013720001094043255,0.34887373447418213,0.6931239366531372,0.018116230867346938,0.0,0.3796847462654114,1062.8284486848481,13811.472058354591,0.07814492984693877,0.030510786920785904,,,,,,
reference,episode_000035,315,0,0.3502289652824402,0.29761990904808044,0.2687489986419678,0.306720107793808,0.23374852538108826,0.011445490643382072,0.25258904695510864,0.6502337455749512,0.026885363520408163,0.0,0.39412713050842285,704.4774796224941,10180.491509885203,0.05466757015306122,0.027770161628723145,,,,,,
reference,episode_000035,315,1,0.39369264245033264,0.343339204788208,0.3028070032596588,0.351117879152298,0.23618711531162262,0.013720001094043255,0.34887373447418213,0.6931239366531372,0.01789700255102041,0.0,0.3800954222679138,1061.1065055242632,13805.452726403062,0.07798549107142858,0.030488234013319016,,,,,,
reference,episode_000035,316,0,0.35014277696609497,0.2970297038555145,0.26810014247894287,0.3062328100204468,0.23356984555721283,0.011749019846320152,0.2525192201137543,0.6499866843223572,0.026347257653061226,0.0,0.39723074436187744,713.1812556901111,10259.132453762755,0.05426897321428571,0.028045078739523888,,,,,,
reference,episode_000035,316,1,0.39364296197891235,0.34330570697784424,0.3027136027812958,0.3510766327381134,0.23621012270450592,0.013720001094043255,0.3491678535938263,0.6930815577507019,0.01815609056122449,0.0,0.380719929933548,1067.9029508091817,13806.508370535714,0.07742745535714286,0.030518116429448128,,,,,,
reference,episode_000035,317,0,0.3500281274318695,0.2963751256465912,0.2672499418258667,0.3056789040565491,0.2333666980266571,0.011749019846320152,0.2519529461860657,0.6499866843223572,0.0262874681122449,0.0,0.3992460072040558,715.512877259737,10248.953005420919,0.05494658801020408,0.028219519183039665,,,,,,
reference,episode_000035,317,1,0.39367952942848206,0.3432700037956238,0.3027839958667755,0.35106393694877625,0.2362051159143448,0.013720001094043255,0.3488643169403076,0.6931239366531372,0.018793845663265307,0.0,0.37911564111709595,1054.901490425577,13801.882892219388,0.07762675382653061,0.030488431453704834,,,,,,
reference,episode_000035,318,0,0.34960031509399414,0.29578396677970886,0.26671311259269714,0.3051263988018036,0.233125239610672,0.011218824423849583,0.2516855001449585,0.6499866843223572,0.026088169642857144,0.0,0.3996981084346771,683.4052419662476,10208.125797193878,0.05448820153061224,0.028255194425582886,,,,,,
reference,episode_000035,318,1,0.3935476541519165,0.34321171045303345,0.3026886582374573,0.35098734498023987,0.23624569177627563,0.013720001094043255,0.34860628843307495,0.692557692527771,0.018694196428571428,0.0,0.38054606318473816,1056.6744895877068,13799.151666135203,0.07814492984693877,0.030513854697346687,,,,,,
reference,episode_000035,319,0,0.3493994474411011,0.29513710737228394,0.26590535044670105,0.3045627772808075,0.232905313372612,0.011672156862914562,0.2503058910369873,0.6499866843223572,0.0262874681122449,0.0,0.4016096293926239,677.3749939462931,10175.409478635203,0.05466757015306122,0.028243236243724823,,,,,,
reference,episode_000035,319,1,0.3934462368488312,0.3432868719100952,0.3028026223182678,0.3510277271270752,0.2362176924943924,0.013720001094043255,0.3488643169403076,0.692290186882019,0.018096301020408163,0.0,0.3800680339336395,1056.1462205571465,13796.793247767857,0.07704878826530612,0.03047867864370346,,,,,,
reference,episode_000035,320,0,0.3497675359249115,0.29525020718574524,0.26596805453300476,0.30472639203071594,0.232821524143219,0.011749019846320152,0.2508156895637512,0.6518576145172119,0.02654655612244898,0.0,0.40142887830734253,662.1264570904295,10124.26674107143,0.05428890306122449,0.028007114306092262,,,,,,
reference,episode_000035,320,1,0.39352211356163025,0.3432146906852722,0.3027571141719818,0.3509889841079712,0.23620809614658356,0.0134164709597826,0.34887373447418213,0.6931239366531372,0.017637914540816327,0.0,0.38054850697517395,1057.239147231957,13766.372050382653,0.0780452806122449,0.030446935445070267,,,,,,
reference,episode_000035,321,0,0.3504357933998108,0.2958270013332367,0.26653173565864563,0.30532172322273254,0.23295043408870697,0.0117647061124444,0.25170275568962097,0.6530745625495911,0.026825573979591837,0.0,0.4015563726425171,667.6152709995097,10155.56588807398,0.05588329081632653,0.027744101360440254,,,,,,
reference,episode_000035,321,1,0.39333784580230713,0.3431471884250641,0.30266904830932617,0.3508951663970947,0.23620884120464325,0.0134164709597826,0.34860628843307495,0.6926010251045227,0.01793686224489796,0.0,0.3803286552429199,1054.6059774043706,13777.634406887755,0.07756696428571429,0.03047291189432144,,,,,,
reference,episode_000035,322,0,0.3518904745578766,0.2969408929347992,0.26762181520462036,0.30650633573532104,0.23309266567230225,0.011785099282860756,0.25335803627967834,0.6539082527160645,0.02517139668367347,0.0,0.40047481656074524,664.7125756225205,10177.327088647959,0.055544483418367346,0.027452165260910988,,,,,,
reference,episode_000035,322,1,0.39348867535591125,0.3431381285190582,0.30260252952575684,0.3509159982204437,0.23622334003448486,0.013720001094043255,0.3483545184135437,0.6931239366531372,0.01881377551020408,0.0,0.380691796541214,1050.895144575787,13769.62109375,0.07850366709183673,0.030439212918281555,,,,,,
reference,episode_000035,323,0,0.35316503047943115,0.2981031835079193,0.268559068441391,0.3076762557029724,0.23328399658203125,0.0117647061124444,0.2551223635673523,0.6539082527160645,0.025928730867346938,0.0,0.4001966714859009,661.536396237524,10174.096061862245,0.053611288265306124,0.027104005217552185,,,,,,
reference,episode_000035,323,1,0.39334172010421753,0.34305378794670105,0.30248701572418213,0.3508160710334778,0.23622380197048187,0.013720001094043255,0.34860628843307495,0.6931239366531372,0.018973214285714284,0.0,0.3809419870376587,1055.1788434966413,13762.382892219388,0.07798549107142858,0.03046267479658127,,,,,,
reference,episode_000035,324,0,0.35428786277770996,0.2992608845233917,0.2697691023349762,0.3088303208351135,0.2334505319595337,0.011785099282860756,0.25618743896484375,0.6539082527160645,0.026088169642857144,0.0,0.3994556665420532,660.7075705109214,10222.906608737245,0.05482700892857143,0.02702856808900833,,,,,,
reference,episode_000035,324,1,0.39323222637176514,0.3430209755897522,0.3025738596916199,0.3507756292819977,0.23623032867908478,0.013720001094043255,0.3486533463001251,0.6931239366531372,0.018036511479591837,0.0,0.38024428486824036,1053.6477096474998,13755.730110012755,0.07680963010204081,0.03043239749968052,,,,,,
reference,episode_000035,325,0,0.3545847535133362,0.2996814250946045,0.2700608968734741,0.3092153072357178,0.2332766056060791,0.011749019846320152,0.2570117712020874,0.6539082527160645,0.024952168367346938,0.0,0.39835163950920105,683.7636928709283,10149.083785076531,0.055584343112244895,0.027036800980567932,,,,,,
reference,episode_000035,325,1,0.39326706528663635,0.3429975211620331,0.30237284302711487,0.35075172781944275,0.2361730933189392,0.0134164709597826,0.34860628843307495,0.6931239366531372,0.018893494897959183,0.0,0.3809237480163574,1052.566181238072,13754.281449298469,0.07762675382653061,0.0304493997246027,,,,,,
reference,episode_000035,326,0,0.3543362021446228,0.2997952997684479,0.27011314034461975,0.3092476725578308,0.2331850528717041,0.011749019846320152,0.25676941871643066,0.6539082527160645,0.02405532525510204,0.0,0.39620479941368103,694.994958814806,10114.253826530612,0.05564413265306122,0.027152247726917267,,,,,,
reference,episode_000035,326,1,0.39333608746528625,0.34303438663482666,0.3024512827396393,0.35079845786094666,0.23621144890785217,0.013720001094043255,0.34860628843307495,0.6919866800308228,0.018893494897959183,0.0,0.38104429841041565,1054.4809277398247,13725.240593112245,0.07786591198979592,0.0303692314773798,,,,,,
reference,episode_000035,327,0,0.3543236255645752,0.29950112104415894,0.26973867416381836,0.30900755524635315,0.23296873271465302,0.011749019846320152,0.2563188374042511,0.6539082527160645,0.0254703443877551,0.0,0.39682745933532715,680.8669476487248,9989.158043686224,0.05602279974489796,0.02698112651705742,,,,,,
reference,episode_000035,327,1,0.39329174160957336,0.3430004417896271,0.3024458885192871,0.3507644236087799,0.23619206249713898,0.0134164709597826,0.34860628843307495,0.6931239366531372,0.01833545918367347,0.0,0.3812258839607239,1047.0042313075671,13712.27806122449,0.07688934948979592,0.030340606346726418,,,,,,
reference,episode_000035,328,0,0.35409969091415405,0.29956209659576416,0.26989954710006714,0.3090151250362396,0.23294062912464142,0.011218824423849583,0.25587451457977295,0.6539082527160645,0.02596859056122449,0.0,0.3963933289051056,685.499171786485,9927.75729432398,0.05719866071428571,0.026975566521286964,,,,,,
reference,episode_000035,328,1,0.39342549443244934,0.34310415387153625,0.3025571405887604,0.35087496042251587,0.236258402466774,0.013720001094043255,0.34860628843307495,0.6931239366531372,0.018993144132653062,0.0,0.380698025226593,1056.1257879880009,13742.089923469388,0.07952008928571429,0.03036150150001049,,,,,,
reference,episode_000035,329,0,0.3539676368236542,0.29952436685562134,0.26955273747444153,0.3089350163936615,0.2328127920627594,0.012052549980580807,0.2556321620941162,0.6539082527160645,0.02503188775510204,0.0,0.3971588611602783,679.057590740018,9798.591517857143,0.056640625,0.026736579835414886,,,,,,
reference,episode_000035,329,1,0.3934710621833801,0.3430900573730469,0.30256134271621704,0.3508748710155487,0.2362269014120102,0.013720001094043255,0.3486509919166565,0.692290186882019,0.01905293367346939,0.0,0.3817392587661743,1047.7298040707774,13713.618941326531,0.07828443877551021,0.030307956039905548,,,,,,
reference,episode_000035,330,0,0.35391923785209656,0.29940447211265564,0.26930272579193115,0.3088209629058838,0.23261822760105133,0.012068236246705055,0.25587451457977295,0.6539082527160645,0.02264030612244898,0.0,0.39917415380477905,658.3016496076032,9623.782445790815,0.056560905612244895,0.026388192549347878,,,,,,
reference,episode_000035,330,1,0.3934957683086395,0.3430105745792389,0.302457332611084,0.3508158028125763,0.23617398738861084,0.013720001094043255,0.34860628843307495,0.6931239366531372,0.01819595025510204,0.0,0.38119328022003174,1054.3382897668957,13709.943319515307,0.07655054209183673,0.03032410331070423,,,,,,
reference,episode_000035,331,0,0.3535324037075043,0.29926738142967224,0.269176721572876,0.3086315989494324,0.23243586719036102,0.01288627553731203,0.2547937333583832,0.6539082527160645,0.024792729591836735,0.0,0.39744722843170166,650.9816976322427,9543.22265625,0.05612244897959184,0.026290573179721832,,,,,,
reference,episode_000035,331,1,0.39346376061439514,0.3431316316127777,0.3025060296058655,0.3508991003036499,0.23619093000888824,0.013720001094043255,0.34860628843307495,0.6930956840515137,0.01678093112244898,0.0,0.3819466829299927,1051.9852842893367,13702.162228954081,0.07647082270408163,0.03029126487672329,,,,,,
reference,episode_000035,332,0,0.3533652424812317,0.29897940158843994,0.26881855726242065,0.30836421251296997,0.23224321007728577,0.011445490643382072,0.25532862544059753,0.6539082527160645,0.026407047193877552,0.0,0.3975593149662018,657.1372770045708,9537.258729272959,0.05658083545918367,0.026358431205153465,,,,,,
reference,episode_000035,332,1,0.39338213205337524,0.34310874342918396,0.3026098608970642,0.35087284445762634,0.2362222820520401,0.013720001094043255,0.34860628843307495,0.6923064589500427,0.01775749362244898,0.0,0.38113605976104736,1050.952347963167,13723.478077168367,0.07848373724489796,0.030322659760713577,,,,,,
reference,episode_000035,333,0,0.3529870808124542,0.2989767789840698,0.26878494024276733,0.30827951431274414,0.23200015723705292,0.0117647061124444,0.25530824065208435,0.6539082527160645,0.023975605867346938,0.0,0.39687153697013855,647.8581085836623,9388.593909438776,0.05658083545918367,0.026021666824817657,,,,,,
reference,episode_000035,333,1,0.3933459222316742,0.34309467673301697,0.3025881052017212,0.35085350275039673,0.23623031377792358,0.01316941250115633,0.3486533463001251,0.6931239366531372,0.019571109693877552,0.0,0.3794112801551819,1050.1056216032196,13714.503946109693,0.07720822704081633,0.030280964449048042,,,,,,
reference,episode_000035,334,0,0.3527481257915497,0.2988511323928833,0.2685489356517792,0.30812183022499084,0.23170839250087738,0.011749019846320152,0.2553129494190216,0.6530745625495911,0.024254623724489797,0.0,0.39800965785980225,632.905241204023,9156.995894451531,0.055963010204081634,0.02544447034597397,,,,,,
reference,episode_000035,334,1,0.3933451175689697,0.3429902493953705,0.3023684322834015,0.3507627844810486,0.23618167638778687,0.0134164709597826,0.34860628843307495,0.6931239366531372,0.018973214285714284,0.0,0.38130873441696167,1047.3832608182845,13710.089245854591,0.07718829719387756,0.0302929375320673,,,,,,
reference,episode_000035,335,0,0.35252252221107483,0.29869699478149414,0.26830774545669556,0.30794620513916016,0.2315480262041092,0.01288627553731203,0.2553035318851471,0.65277099609375,0.024613360969387755,0.0,0.39732205867767334,624.3826125751482,9108.143494897959,0.056162308673469385,0.025314539670944214,,,,,,
reference,episode_000035,335,1,0.39339306950569153,0.3429945409297943,0.30255231261253357,0.3507893681526184,0.23618115484714508,0.0134164709597826,0.34887373447418213,0.6931239366531372,0.019650829081632654,0.0,0.3800792396068573,1050.5428464981676,13719.49147002551,0.07613201530612244,0.030300676822662354,,,,,,
reference,episode_000035,336,0,0.3523453176021576,0.2985704243183136,0.26806968450546265,0.307800829410553,0.23136702179908752,0.0117647061124444,0.25476551055908203,0.65277099609375,0.025629783163265307,0.0,0.39903193712234497,618.698399845236,9139.919842155612,0.0558235012755102,0.02538917399942875,,,,,,
reference,episode_000035,336,1,0.39331576228141785,0.34290099143981934,0.3023705780506134,0.35069289803504944,0.23615139722824097,0.013297058641910553,0.3486509919166565,0.6931239366531372,0.020926339285714284,0.0,0.3806503713130951,1045.129277528797,13703.545240752552,0.07790577168367346,0.03025295026600361,,,,,,
reference,episode_000035,337,0,0.35238638520240784,0.29863759875297546,0.26831233501434326,0.3078750967979431,0.23124396800994873,0.011749019846320152,0.25546783208847046,0.65277099609375,0.02491230867346939,0.0,0.39754223823547363,619.656590661522,9140.422313456633,0.055982940051020405,0.025285368785262108,,,,,,
reference,episode_000035,337,1,0.39317628741264343,0.34302598237991333,0.3024427890777588,0.3507578372955322,0.23612429201602936,0.013720001094043255,0.34887373447418213,0.692290186882019,0.01819595025510204,0.0,0.3809111416339874,1055.633364771168,13714.511080994898,0.07814492984693877,0.030299434438347816,,,,,,
reference,episode_000035,338,0,0.3522205650806427,0.2987707555294037,0.26834163069725037,0.3079372048377991,0.2312033474445343,0.012068236246705055,0.2547372579574585,0.651864767074585,0.023058832908163265,0.0,0.3953762948513031,623.9317711377729,9221.480668048469,0.055165816326530615,0.02537027932703495,,,,,,
reference,episode_000035,338,1,0.3933314383029938,0.3429323732852936,0.30236321687698364,0.35071808099746704,0.2361806482076645,0.01316941250115633,0.34887373447418213,0.692290186882019,0.018136160714285716,0.0,0.3823782205581665,1053.8795870006804,13715.921117665815,0.07639110331632654,0.030296124517917633,,,,,,
reference,episode_000035,339,0,0.35231485962867737,0.29894113540649414,0.26841041445732117,0.30808407068252563,0.23098967969417572,0.012032156810164452,0.254816472530365,0.6499866843223572,0.022421077806122448,0.0,0.39637506008148193,627.3849519827324,9207.484095982143,0.05524553571428571,0.025234702974557877,,,,,,
reference,episode_000035,339,1,0.3932895362377167,0.3429437279701233,0.30240359902381897,0.35072025656700134,0.236162930727005,0.01316941250115633,0.34887373447418213,0.6924994587898254,0.017857142857142856,0.0,0.38103485107421875,1060.7673556031114,13709.82760682398,0.07730787627551021,0.030301546677947044,,,,,,
reference,episode_000035,340,0,0.35251185297966003,0.2991398870944977,0.26892393827438354,0.30830520391464233,0.23094265162944794,0.012052549980580807,0.25530824065208435,0.6499866843223572,0.022700095663265307,0.0,0.3956911861896515,639.4989905172664,9292.681162308674,0.05670041454081633,0.025468749925494194,,,,,,
reference,episode_000035,340,1,0.39329639077186584,0.34283560514450073,0.3022288978099823,0.3506317436695099,0.23615975677967072,0.013720001094043255,0.34804001450538635,0.6931239366531372,0.018116230867346938,0.0,0.3817230463027954,1059.7906316096262,13720.28977997449,0.07702885841836735,0.03033730946481228,,,,,,
reference,episode_000035,341,0,0.3526390492916107,0.299618124961853,0.2692875564098358,0.3087005019187927,0.2308131605386734,0.011749019846320152,0.25530824065208435,0.6499866843223572,0.023238201530612245,0.0,0.39281806349754333,625.4295300376857,9173.027981505102,0.057298309948979595,0.025136299431324005,,,,,,
reference,episode_000035,341,1,0.39331474900245667,0.34294041991233826,0.3024235963821411,0.3507247567176819,0.23619195818901062,0.0134164709597826,0.34887373447418213,0.692290186882019,0.018116230867346938,0.0,0.3809783458709717,1073.8210251378,13745.430683992347,0.07744738520408163,0.030398255214095116,,,,,,
reference,episode_000035,342,0,0.35283368825912476,0.3000289499759674,0.269650399684906,0.3090618848800659,0.23085689544677734,0.011218824423849583,0.25587451457977295,0.6499866843223572,0.02477279974489796,0.0,0.3934604823589325,649.2038831472495,9172.175860969388,0.05646125637755102,0.025055160745978355,,,,,,
reference,episode_000035,342,1,0.3933170735836029,0.34289711713790894,0.302329421043396,0.3506874144077301,0.23618926107883453,0.013720001094043255,0.34887373447418213,0.6925058960914612,0.020208864795918366,0.0,0.38079047203063965,1063.013205144168,13753.392299107143,0.07700892857142858,0.03040197305381298,,,,,,
reference,episode_000035,343,0,0.35316210985183716,0.30033984780311584,0.27008944749832153,0.3093857765197754,0.23092594742774963,0.011749019846320152,0.25587451457977295,0.6497396230697632,0.02574936224489796,0.0,0.39273062348365784,646.8853991968042,9191.014827806122,0.05727838010204082,0.025035345926880836,,,,,,
reference,episode_000035,343,1,0.39331746101379395,0.34282949566841125,0.30229437351226807,0.35063663125038147,0.23616035282611847,0.013720001094043255,0.34860628843307495,0.6931239366531372,0.020049426020408163,0.0,0.3795410394668579,1071.9537883537703,13755.769929846938,0.07818478954081633,0.030411478132009506,,,,,,
reference,episode_000035,344,0,0.3533223271369934,0.3005824089050293,0.270115464925766,0.30959516763687134,0.2311471849679947,0.012052549980580807,0.25587451457977295,0.6499866843223572,0.0235172193877551,0.0,0.3938790261745453,647.9494868015956,9212.797751913266,0.05739795918367347,0.02501625381410122,,,,,,
reference,episode_000035,344,1,0.39331382513046265,0.34285709261894226,0.3022177219390869,0.35065001249313354,0.23617663979530334,0.013720001094043255,0.3486274480819702,0.6931239366531372,0.0194515306122449,0.0,0.3811998963356018,1069.0547224519055,13750.146683673469,0.07742745535714286,0.030381953343749046,,,,,,
reference,episode_000035,345,0,0.3534950017929077,0.3007488250732422,0.2704868018627167,0.30977776646614075,0.23146305978298187,0.011218824423849583,0.25587451457977295,0.6499866843223572,0.026128029336734693,0.0,0.39064377546310425,659.3854674367495,9193.83203125,0.05703922193877551,0.02494090236723423,,,,,,
reference,episode_000035,345,1,0.3932785391807556,0.3428957164287567,0.3022787272930145,0.3506745398044586,0.23615184426307678,0.013720001094043255,0.34860628843307495,0.6930454969406128,0.0174984056122449,0.0,0.381896048784256,1064.8231747320224,13780.53176817602,0.07790577168367346,0.03041539154946804,,,,,,
reference,episode_000035,346,0,0.3539797365665436,0.30123886466026306,0.27068814635276794,0.3102458119392395,0.23189407587051392,0.011749019846320152,0.2557533383369446,0.6513913869857788,0.024135044642857144,0.0,0.3941876292228699,662.2033295859798,9190.381855867347,0.058095503826530615,0.02488761581480503,,,,,,
reference,episode_000035,346,1,0.3933895528316498,0.3427983522415161,0.30226656794548035,0.3506276309490204,0.23613892495632172,0.013720001094043255,0.3483027517795563,0.692290186882019,0.018116230867346938,0.0,0.38165318965911865,1064.5791822462863,13775.004783163266,0.07862324617346939,0.030360283330082893,,,,,,
reference,episode_000035,347,0,0.3548032343387604,0.30201348662376404,0.2716124951839447,0.31104159355163574,0.23248106241226196,0.011749019846320152,0.25587451457977295,0.653090238571167,0.0254703443877551,0.0,0.39238241314888,667.6969837584331,9184.248086734693,0.05737802933673469,0.024773968383669853,,,,,,
reference,episode_000035,347,1,0.39320847392082214,0.3429197669029236,0.30218011140823364,0.3506697416305542,0.2361370027065277,0.0134164709597826,0.3487353026866913,0.692557692527771,0.019192442602040817,0.0,0.3812895715236664,1058.562024046212,13777.397799744898,0.07874282525510204,0.030344385653734207,,,,,,
reference,episode_000035,348,0,0.35594531893730164,0.3030932545661926,0.27259206771850586,0.3121274411678314,0.23311518132686615,0.011785099282860756,0.2578454911708832,0.6539082527160645,0.023776307397959183,0.0,0.39346715807914734,651.1018584699046,9181.318160076531,0.05835459183673469,0.02457575500011444,,,,,,
reference,episode_000035,348,1,0.39317789673805237,0.3427868187427521,0.3022313117980957,0.3505718410015106,0.23605388402938843,0.013720001094043255,0.3486274480819702,0.6925058960914612,0.018833705357142856,0.0,0.37920835614204407,1051.3362436528903,13732.637356505102,0.07854352678571429,0.0302109532058239,,,,,,
reference,episode_000035,349,0,0.357278048992157,0.30449557304382324,0.273916095495224,0.3135092854499817,0.2339334487915039,0.0117647061124444,0.25923216342926025,0.6541553139686584,0.022919323979591837,0.0,0.3920365571975708,658.0547295712969,9210.774234693878,0.05689971301020408,0.024482591077685356,,,,,,
reference,episode_000035,349,1,0.39321228861808777,0.3428170084953308,0.3020923435688019,0.35059067606925964,0.2361210286617279,0.013720001094043255,0.3486533463001251,0.692290186882019,0.018096301020408163,0.0,0.381639689207077,1056.184237189414,13769.30552455357,0.07672991071428571,0.03028610721230507,,,,,,
reference,episode_000035,350,0,0.3588998317718506,0.30608782172203064,0.2753198444843292,0.3150942325592041,0.23480376601219177,0.011749019846320152,0.26040786504745483,0.6569961309432983,0.023058832908163265,0.0,0.3910539150238037,659.196042941839,9260.006297831633,0.05715880102040816,0.02436620555818081,,,,,,
reference,episode_000035,350,1,0.3930344879627228,0.3426859676837921,0.30200421810150146,0.35045284032821655,0.23607128858566284,0.013720001094043255,0.34860628843307495,0.6926333904266357,0.018136160714285716,0.0,0.38080891966819763,1056.6855181352837,13757.876634247448,0.07808514030612244,0.030272802338004112,,,,,,
reference,episode_000035,351,0,0.3605364263057709,0.3076830804347992,0.27693915367126465,0.3166999816894531,0.23577482998371124,0.012068236246705055,0.26268237829208374,0.6578298211097717,0.023955676020408163,0.0,0.39118319749832153,658.8897672031185,9274.914421237245,0.05807557397959184,0.02410123497247696,,,,,,
reference,episode_000035,351,1,0.3929938077926636,0.3425285518169403,0.30193859338760376,0.35032689571380615,0.2360387146472931,0.013720001094043255,0.34853410720825195,0.692290186882019,0.018176020408163265,0.0,0.3811427652835846,1063.4288384224267,13763.630819515307,0.07824457908163265,0.030276793986558914,,,,,,
reference,episode_000035,352,0,0.3621145784854889,0.3092297911643982,0.27827757596969604,0.31823834776878357,0.2367815226316452,0.012068236246705055,0.264839231967926,0.6609176397323608,0.024274553571428572,0.0,0.39123082160949707,662.0941081585263,9313.31198182398,0.05879304846938776,0.023915966972708702,,,,,,
reference,episode_000035,352,1,0.39273133873939514,0.34235453605651855,0.301662802696228,0.3501266837120056,0.2359449863433838,0.0134164709597826,0.3483027517795563,0.6919866800308228,0.019511320153061226,0.0,0.38171693682670593,1057.4936637890335,13748.184550382653,0.0784438775510204,0.03028060309588909,,,,,,
reference,episode_000035,353,0,0.3637434244155884,0.3109356760978699,0.2797670066356659,0.31991222500801086,0.23780040442943573,0.012330980971455574,0.2670682370662689,0.6637176275253296,0.023477359693877552,0.0,0.39078837633132935,661.1356253268469,9396.709622130102,0.05747767857142857,0.02391573041677475,,,,,,
reference,episode_000035,353,1,0.3927001953125,0.34226828813552856,0.3016144037246704,0.35005494952201843,0.23592497408390045,0.013720001094043255,0.34804001450538635,0.6919866800308228,0.019810267857142856,0.0,0.3801852762699127,1063.9535594524716,13777.419563137755,0.07866310586734694,0.030333397909998894,,,,,,
reference,episode_000035,354,0,0.3656768798828125,0.3125555217266083,0.28147441148757935,0.32160505652427673,0.2388571947813034,0.012068236246705055,0.269610196352005,0.665673017501831,0.02513153698979592,0.0,0.3905596137046814,654.8387099090887,9469.92259247449,0.058892697704081634,0.0240292027592659,,,,,,
reference,episode_000035,354,1,0.3926677703857422,0.3422066867351532,0.3014568090438843,0.3499925434589386,0.2358902245759964,0.013720001094043255,0.34804001450538635,0.6919866800308228,0.01891342474489796,0.0,0.3821848928928375,1066.0282520955923,13791.027024872448,0.0799984056122449,0.03033270873129368,,,,,,
reference,episode_000035,355,0,0.3674849271774292,0.3144058585166931,0.28309112787246704,0.32342952489852905,0.2400365173816681,0.012052549980580807,0.27217257022857666,0.6687608361244202,0.02303890306122449,0.0,0.3900739252567291,653.991860792469,9574.35475127551,0.05951052295918367,0.024035196751356125,,,,,,
reference,episode_000035,355,1,0.3925415277481079,0.3421824276447296,0.30157437920570374,0.3499568700790405,0.23579755425453186,0.01316941250115633,0.34804001450538635,0.6919866800308228,0.01877391581632653,0.0,0.3815937936306,1067.061174861792,13791.961415816326,0.07884247448979592,0.030327023938298225,,,,,,
reference,episode_000035,356,0,0.3694241940975189,0.3163977563381195,0.2849959135055542,0.32540395855903625,0.24122875928878784,0.01288627553731203,0.27609413862228394,0.6709945201873779,0.0223812181122449,0.0,0.38993698358535767,642.3718193619015,9620.343470982143,0.05992904974489796,0.023885643109679222,,,,,,
reference,episode_000035,356,1,0.39244991540908813,0.34204739332199097,0.3013562262058258,0.34982505440711975,0.23574420809745789,0.013720001094043255,0.3477364778518677,0.6919866800308228,0.01819595025510204,0.0,0.3819536864757538,1062.3979734939517,13774.400151466836,0.07930086096938775,0.030339637771248817,,,,,,
reference,episode_000035,357,0,0.37138912081718445,0.3182123005390167,0.2868012487888336,0.32724979519844055,0.24243931472301483,0.01316941250115633,0.28137490153312683,0.6749364733695984,0.023397640306122448,0.0,0.38760462403297424,633.1320980362771,9680.979671556122,0.06098533163265306,0.02368156425654888,,,,,,
reference,episode_000035,357,1,0.3922305703163147,0.34196627140045166,0.3011470437049866,0.3497053384780884,0.23574723303318024,0.0134164709597826,0.3477364778518677,0.6919866800308228,0.01921237244897959,0.0,0.38194194436073303,1063.6301826495321,13753.211136798469,0.0791015625,0.030295735225081444,,,,,,
reference,episode_000035,358,0,0.3729306161403656,0.31991180777549744,0.2882203757762909,0.3288954794406891,0.2436217963695526,0.01288627553731203,0.2865855097770691,0.6774376630783081,0.022660235969387755,0.0,0.38943150639533997,632.3079195380062,9720.504304846938,0.0631576849489796,0.02348252572119236,,,,,,
reference,episode_000035,358,1,0.39210739731788635,0.34175634384155273,0.3009542226791382,0.34951505064964294,0.23564675450325012,0.013720001094043255,0.34721726179122925,0.6919866800308228,0.020268654336734693,0.0,0.3822098970413208,1067.1981038733454,13749.235650510203,0.07874282525510204,0.030324265360832214,,,,,,
reference,episode_000035,359,0,0.37444987893104553,0.32149380445480347,0.28981804847717285,0.3304652273654938,0.24472209811210632,0.01288627553731203,0.29122430086135864,0.6810274720191956,0.021863042091836735,0.0,0.39015069603919983,630.001357717248,9772.678730867347,0.06485172193877552,0.02335227280855179,,,,,,
reference,episode_000035,359,1,0.39195188879966736,0.34166181087493896,0.3008371591567993,0.3494059443473816,0.23554599285125732,0.013644118793308735,0.3472015857696533,0.6919866800308228,0.017637914540816327,0.0,0.38268575072288513,1070.2722928556786,13760.49107142857,0.07798549107142858,0.030381647869944572,,,,,,
reference,episode_000035,360,0,0.3760816752910614,0.32299453020095825,0.291233628988266,0.3319876790046692,0.24574904143810272,0.01288627553731203,0.2973098158836365,0.6827796697616577,0.020448022959183673,0.0,0.38778868317604065,624.5558163262764,9765.646085778062,0.06212133290816327,0.023022836074233055,,,,,,
reference,episode_000035,360,1,0.39159390330314636,0.34161871671676636,0.3007778227329254,0.3492947518825531,0.2355109602212906,0.01316941250115633,0.3466431498527527,0.6919866800308228,0.017518335459183673,0.0,0.38120168447494507,1062.346437011347,13744.46595982143,0.07836415816326531,0.030345695093274117,,,,,,
reference,episode_000035,361,0,0.37799495458602905,0.3251414895057678,0.29309460520744324,0.3340643644332886,0.24673856794834137,0.01288627553731203,0.3043380677700043,0.6883686184883118,0.02184311224489796,0.0,0.38695400953292847,628.2220838198012,9899.853914221938,0.06224091198979592,0.02334817312657833,,,,,,
reference,episode_000035,361,1,0.3915785849094391,0.3414223790168762,0.3005450665950775,0.349134236574173,0.2354501634836197,0.013720001094043255,0.3466823399066925,0.6919866800308228,0.019112723214285716,0.0,0.3821834623813629,1059.6548634377782,13713.550860969388,0.07720822704081633,0.030311578884720802,,,,,,
reference,episode_000035,362,0,0.3803453743457794,0.3273126780986786,0.2954271733760834,0.336285263299942,0.24787437915802002,0.01288627553731203,0.30887919664382935,0.6906023621559143,0.022979113520408163,0.0,0.38535571098327637,649.8557413475359,9991.073979591836,0.06519052933673469,0.023760132491588593,,,,,,
reference,episode_000035,362,1,0.3914141058921814,0.3413289487361908,0.30028676986694336,0.3490138053894043,0.23544691503047943,0.0134164709597826,0.3461317718029022,0.6919866800308228,0.020069355867346938,0.0,0.3814488649368286,1057.8961552111919,13725.137914540815,0.07587292729591837,0.03035772033035755,,,,,,
reference,episode_000035,363,0,0.3825313150882721,0.3293271064758301,0.2975556254386902,0.33834442496299744,0.24913658201694489,0.01288627553731203,0.31192314624786377,0.6933866739273071,0.023975605867346938,0.0,0.3838583827018738,675.3067127118155,10219.526865433674,0.06533003826530612,0.02444891817867756,,,,,,
reference,episode_000035,363,1,0.39144769310951233,0.34119170904159546,0.30041080713272095,0.34893175959587097,0.23534001410007477,0.0134164709597826,0.34582510590553284,0.6919866800308228,0.02014907525510204,0.0,0.381671667098999,1052.0449035462616,13713.96998565051,0.07772640306122448,0.030353153124451637,,,,,,
reference,episode_000035,364,0,0.38397839665412903,0.33112460374832153,0.2992694675922394,0.34006139636039734,0.2505033314228058,0.01288627553731203,0.31279295682907104,0.6998298168182373,0.022181919642857144,0.0,0.3844069242477417,696.0446854936536,10582.084941007653,0.06495137117346939,0.02496730349957943,,,,,,
reference,episode_000035,364,1,0.39135757088661194,0.34118321537971497,0.30037346482276917,0.3489038050174713,0.23520371317863464,0.013720001094043255,0.3460901975631714,0.6919866800308228,0.018594547193877552,0.0,0.3816335201263428,1053.2893515491128,13705.450414540815,0.07778619260204081,0.03036871738731861,,,,,,
reference,episode_000035,365,0,0.3848329186439514,0.33225706219673157,0.30042245984077454,0.3411361873149872,0.25149744749069214,0.01316941250115633,0.3117219805717468,0.7023670077323914,0.021285076530612245,1.992984693877551e-05,0.38209962844848633,720.2125957446116,10776.426100127552,0.06397480867346939,0.024337993934750557,,,,,,
reference,episode_000035,365,1,0.39104151725769043,0.3411635160446167,0.3002122938632965,0.34881091117858887,0.23511357605457306,0.013720001094043255,0.34565529227256775,0.6919866800308228,0.01829559948979592,0.0,0.3819662928581238,1048.375536860252,13635.178531568878,0.07669005102040816,0.03022398054599762,,,,,,
reference,episode_000035,366,0,0.38587114214897156,0.33283525705337524,0.3012787103652954,0.34183230996131897,0.25280189514160156,0.01288627553731203,0.30964866280555725,0.704888641834259,0.021205357142857144,1.992984693877551e-05,0.3817974030971527,738.709008446836,11140.446348852041,0.06427375637755102,0.024698104709386826,,,,,,
reference,episode_000035,366,1,0.391080379486084,0.3410508930683136,0.3000599443912506,0.34872758388519287,0.23504909873008728,0.013720001094043255,0.3454933166503906,0.6919866800308228,0.018574617346938774,0.0,0.383193701505661,1051.2351136245316,13633.328922193878,0.07647082270408163,0.03021777793765068,,,,,,
reference,episode_000035,367,0,0.38595426082611084,0.33281397819519043,0.30115291476249695,0.3418256342411041,0.25376594066619873,0.01288627553731203,0.30403295159339905,0.7102305889129639,0.022341358418367346,3.985969387755102e-05,0.3838658928871155,746.5922157068345,11502.306202168367,0.06327726403061225,0.02498506009578705,,,,,,
reference,episode_000035,367,1,0.3909541964530945,0.34109875559806824,0.30023354291915894,0.34874752163887024,0.23506443202495575,0.01316941250115633,0.34550902247428894,0.6919866800308228,0.019870057397959183,0.0,0.3809552788734436,1047.9506880642223,13607.041454081633,0.07700892857142858,0.03011261858046055,,,,,,
reference,episode_000035,368,0,0.3845370411872864,0.3313509225845337,0.29964423179626465,0.3403690457344055,0.2546602785587311,0.01288627553731203,0.2927713990211487,0.7119137048721313,0.02224170918367347,0.0,0.3853318393230438,789.5578328342749,11749.98365752551,0.06335698341836735,0.026469862088561058,,,,,,
reference,episode_000035,368,1,0.3909667730331421,0.34103795886039734,0.3003278970718384,0.3487135171890259,0.23504753410816193,0.01316941250115633,0.34547922015190125,0.6919866800308228,0.02068718112244898,0.0,0.38004764914512634,1046.9983909758664,13589.051379145409,0.07794563137755102,0.03009917587041855,,,,,,
reference,episode_000035,369,0,0.3823675811290741,0.3292452394962311,0.29741036891937256,0.33824053406715393,0.2556414008140564,0.01311294175684452,0.27919453382492065,0.7155160903930664,0.019690688775510203,0.0,0.3895789682865143,762.4218128935986,11840.898517219388,0.06636639030612244,0.02792874351143837,,,,,,
reference,episode_000035,369,1,0.3911081850528717,0.341118723154068,0.30016350746154785,0.3487895131111145,0.2350526601076126,0.01316941250115633,0.3458125591278076,0.6919866800308228,0.019013073979591837,0.0,0.381387323141098,1049.5204668847387,13569.898477359693,0.07738759566326531,0.030044062063097954,,,,,,
reference,episode_000035,370,0,0.37912243604660034,0.32585933804512024,0.29386940598487854,0.33487340807914734,0.255720317363739,0.01288627553731203,0.2665019631385803,0.7166533470153809,0.01992984693877551,0.0,0.39601558446884155,745.1055298038245,11720.583625637755,0.06166294642857143,0.02707751840353012,,,,,,
reference,episode_000035,370,1,0.3910098075866699,0.3412010669708252,0.30038994550704956,0.34884387254714966,0.23501797020435333,0.01316941250115633,0.345246285200119,0.6919866800308228,0.019252232142857144,0.0,0.3804891109466553,1051.3282333685427,13560.068160076531,0.07718829719387756,0.029982317239046097,,,,,,
reference,episode_000035,371,0,0.3755875825881958,0.3221319019794464,0.29008105397224426,0.3311825096607208,0.2556007504463196,0.012018038891255856,0.25646352767944336,0.7205905914306641,0.02112563775510204,0.0,0.3991304934024811,719.6338626106099,11270.519969706633,0.06118463010204082,0.02654717117547989,,,,,,
reference,episode_000035,371,1,0.39121687412261963,0.341170072555542,0.3003246784210205,0.3488609790802002,0.23497135937213898,0.01316941250115633,0.345246285200119,0.6919866800308228,0.018255739795918366,0.0,0.3800143897533417,1055.3229354546995,13546.790935905612,0.07712850765306123,0.02998591773211956,,,,,,
reference,episode_000035,372,0,0.3714086711406708,0.3180229365825653,0.2854570746421814,0.32702144980430603,0.25482603907585144,0.012052549980580807,0.25062981247901917,0.7205748558044434,0.019471460459183673,0.0,0.404522180557251,715.6805412232106,10943.042410714286,0.05861367984693878,0.02528906986117363,,,,,,
reference,episode_000035,372,1,0.39131230115890503,0.3414433002471924,0.3005649745464325,0.3490940034389496,0.23493768274784088,0.01316941250115633,0.3461160659790039,0.6919866800308228,0.017558195153061226,0.0,0.38023877143859863,1065.8680532027263,13589.690369897959,0.07674984056122448,0.03005540743470192,,,,,,
reference,episode_000035,373,0,0.36799824237823486,0.3144055902957916,0.281669020652771,0.32343581318855286,0.25411513447761536,0.012809411622583866,0.24639372527599335,0.7200242877006531,0.0205875318877551,0.0,0.41054895520210266,698.4481981043914,10601.19029017857,0.060048628826530615,0.024694709107279778,,,,,,
reference,episode_000035,373,1,0.39127299189567566,0.3415307402610779,0.30073031783103943,0.3491601347923279,0.23494450747966766,0.01316941250115633,0.3459564745426178,0.6919866800308228,0.020268654336734693,0.0,0.3792346715927124,1073.6070614075572,13556.584941007653,0.07770647321428571,0.02999676950275898,,,,,,
reference,episode_000035,374,0,0.3647661805152893,0.3112199604511261,0.27806076407432556,0.320209801197052,0.25345683097839355,0.012068236246705055,0.24252980947494507,0.7194376587867737,0.02014907525510204,0.0,0.4140324592590332,706.1996173469388,10660.114277742347,0.05980947066326531,0.025338124483823776,,,,,,
reference,episode_000035,374,1,0.391408771276474,0.3416399359703064,0.3007601201534271,0.34926924109458923,0.23495756089687347,0.0134164709597826,0.3458125591278076,0.6919866800308228,0.020567602040816327,0.0,0.3787587881088257,1063.9045944400552,13551.578125,0.07838408801020408,0.029950793832540512,,,,,,
reference,episode_000035,375,0,0.3603125512599945,0.3067437708377838,0.2736973762512207,0.3157465159893036,0.2520957589149475,0.011749019846320152,0.2360086292028427,0.7180737257003784,0.020647321428571428,0.0,0.4184010624885559,661.0875691783671,10076.093630420919,0.058514030612244895,0.02391417883336544,,,,,,
reference,episode_000035,375,1,0.391428142786026,0.3417570888996124,0.3007458448410034,0.34935617446899414,0.2349240481853485,0.0134164709597826,0.3462105989456177,0.6919866800308228,0.019192442602040817,0.0,0.38021910190582275,1061.6437537758513,13533.022640306122,0.07742745535714286,0.029920119792222977,,,,,,
reference,episode_000035,376,0,0.35639166831970215,0.30312976241111755,0.26955875754356384,0.3120294213294983,0.2512454390525818,0.011218824423849583,0.23122666776180267,0.7161027193069458,0.02126514668367347,0.0,0.4227291941642761,623.692546054454,9558.264030612245,0.06098533163265306,0.02334376983344555,,,,,,
reference,episode_000035,376,1,0.39165154099464417,0.3417742848396301,0.3009470999240875,0.34943047165870667,0.23491613566875458,0.01316941250115633,0.3460439443588257,0.6919866800308228,0.018215880102040817,0.0,0.3780254125595093,1056.6691044617176,13529.044244260203,0.07762675382653061,0.02991284802556038,,,,,,
reference,episode_000035,377,0,0.3533506691455841,0.3001081645488739,0.2665029764175415,0.30900123715400696,0.2509438693523407,0.011218824423849583,0.22815608978271484,0.7161027193069458,0.021444515306122448,0.0,0.427297443151474,623.520764047034,9751.27806122449,0.05951052295918367,0.02494613453745842,,,,,,
reference,episode_000035,377,1,0.39158058166503906,0.34184393286705017,0.30106058716773987,0.34947335720062256,0.2349717915058136,0.01316941250115633,0.3466353118419647,0.6919866800308228,0.01931202168367347,0.0,0.3788304924964905,1054.1762570242543,13566.817163584185,0.07760682397959184,0.030039848759770393,,,,,,
reference,episode_000035,378,0,0.3503449857234955,0.297529399394989,0.2637704908847809,0.3063206374645233,0.25073033571243286,0.011218824423849583,0.22459137439727783,0.7161027193069458,0.022261639030612245,5.978954081632653e-05,0.4294130504131317,625.655479338605,9903.052734375,0.05931122448979592,0.026175694540143013,,,,,,
reference,episode_000035,378,1,0.39169490337371826,0.3418910801410675,0.30103597044944763,0.3495296537876129,0.23491108417510986,0.01316941250115633,0.346347451210022,0.6919866800308228,0.018753985969387755,0.0,0.37975361943244934,1050.1602155529724,13503.454958545919,0.07904177295918367,0.02994615212082863,,,,,,
reference,episode_000035,379,0,0.3476871848106384,0.29480674862861633,0.26097407937049866,0.30360639095306396,0.2503221333026886,0.011628431268036366,0.22171451151371002,0.7155160903930664,0.020129145408163265,0.0,0.433010995388031,623.4891044222678,9985.757971938776,0.05901227678571429,0.026252727955579758,,,,,,
reference,episode_000035,379,1,0.3917621672153473,0.34185320138931274,0.30103278160095215,0.3495166599750519,0.2348734587430954,0.01316941250115633,0.3463882505893707,0.6919866800308228,0.019690688775510203,0.0,0.38003021478652954,1052.006692613874,13484.922871492347,0.07954001913265306,0.029901498928666115,,,,,,
reference,episode_000035,380,0,0.34432360529899597,0.2918923795223236,0.2577982246875763,0.30057767033576965,0.2496568113565445,0.011484313756227493,0.21779608726501465,0.7141521573066711,0.0196109693877551,1.992984693877551e-05,0.4390885829925537,597.6405397607406,9801.206672512755,0.05994897959183673,0.025393763557076454,,,,,,
reference,episode_000035,380,1,0.3915472626686096,0.3418028652667999,0.30099934339523315,0.34943246841430664,0.2348933219909668,0.01316941250115633,0.34620821475982666,0.6919866800308228,0.01935188137755102,0.0,0.3796899616718292,1051.6470738037185,13451.279655612245,0.07784598214285714,0.029760310426354408,,,,,,
reference,episode_000035,381,0,0.3414515256881714,0.2891989052295685,0.25507211685180664,0.2978438436985016,0.24903786182403564,0.011749019846320152,0.21470823884010315,0.7127317786216736,0.0185546875,1.992984693877551e-05,0.4408036470413208,608.5048527588501,9809.071627869898,0.060267857142857144,0.02550402097404003,,,,,,
reference,episode_000035,381,1,0.39156609773635864,0.34169846773147583,0.300910621881485,0.34935542941093445,0.23482270538806915,0.01316941250115633,0.3458125591278076,0.6919866800308228,0.019252232142857144,0.0,0.3788410425186157,1052.4002302710785,13415.577566964286,0.07790577168367346,0.029671572148799896,,,,,,
reference,episode_000035,382,0,0.33880484104156494,0.28664514422416687,0.2523367404937744,0.29525721073150635,0.24839861690998077,0.011749019846320152,0.21246981620788574,0.7115945816040039,0.017877072704081634,0.0,0.444823294878006,602.6974337636208,9779.393176020409,0.06050701530612245,0.02570604346692562,,,,,,
reference,episode_000035,382,1,0.3912690281867981,0.3416483998298645,0.3009243905544281,0.3492574393749237,0.2348472774028778,0.01316941250115633,0.3461160659790039,0.6919866800308228,0.018674266581632654,0.0,0.37882208824157715,1053.8556077151634,13369.946388711734,0.07926100127551021,0.029536783695220947,,,,,,
reference,episode_000035,383,0,0.336245596408844,0.28421562910079956,0.2496354877948761,0.2927805185317993,0.24776966869831085,0.012611373327672482,0.2099529504776001,0.708259642124176,0.01789700255102041,0.0,0.44823572039604187,614.0025405339627,9746.647401147959,0.058892697704081634,0.026192357763648033,,,,,,
reference,episode_000035,383,1,0.3914114534854889,0.3416587710380554,0.3007068634033203,0.3492794930934906,0.23494553565979004,0.01316941250115633,0.3458172678947449,0.6919866800308228,0.01873405612244898,0.0,0.37965911626815796,1057.9960935212134,13394.97727997449,0.07758689413265306,0.02954355999827385,,,,,,
reference,episode_000035,384,0,0.3334004878997803,0.2816108763217926,0.2466753125190735,0.29009899497032166,0.24696630239486694,0.012505882419645786,0.2067992240190506,0.7063090205192566,0.018116230867346938,0.0,0.45155537128448486,607.8409590234562,9725.77200255102,0.057896205357142856,0.026504997164011,,,,,,
reference,episode_000035,384,1,0.3912278115749359,0.34169843792915344,0.3007998466491699,0.34927546977996826,0.23502066731452942,0.01316941250115633,0.34554508328437805,0.6919866800308228,0.0205078125,0.0,0.37798449397087097,1050.3815767922931,13379.44017059949,0.07665019132653061,0.029461974278092384,,,,,,
reference,episode_000035,385,0,0.330323189496994,0.279003381729126,0.24404966831207275,0.2873903214931488,0.24603165686130524,0.0117647061124444,0.2035529464483261,0.704888641834259,0.017458545918367346,0.0,0.45305338501930237,625.57515162659,9712.500558035714,0.058693399234693876,0.026995882391929626,,,,,,
reference,episode_000035,385,1,0.3913418650627136,0.3416668176651001,0.30072781443595886,0.3492719829082489,0.2349875569343567,0.01316941250115633,0.34633177518844604,0.6919866800308228,0.017558195153061226,0.0,0.37938883900642395,1058.9555562824469,13382.291613520409,0.07874282525510204,0.02946585789322853,,,,,,
reference,episode_000035,386,0,0.326904833316803,0.2759205102920532,0.24114130437374115,0.2842487394809723,0.2448914349079132,0.011218824423849583,0.20073020458221436,0.7023757100105286,0.02086654974489796,0.0,0.4550723731517792,652.3762379665764,9405.843590561224,0.05642139668367347,0.026363162323832512,,,,,,
reference,episode_000035,386,1,0.3913833796977997,0.3417733609676361,0.30071359872817993,0.34935593605041504,0.23506659269332886,0.01316941250115633,0.3464937210083008,0.6919866800308228,0.01979033801020408,0.0,0.37918663024902344,1065.8125593029722,13392.607979910714,0.07938058035714286,0.02949400059878826,,,,,,
reference,episode_000035,387,0,0.32377180457115173,0.2730007469654083,0.2378392070531845,0.2812560200691223,0.24381135404109955,0.011218824423849583,0.1965254843235016,0.6998298168182373,0.020348373724489797,0.0,0.46064576506614685,610.5854088375341,8781.728236607143,0.05658083545918367,0.024807333946228027,,,,,,
reference,episode_000035,387,1,0.3914462924003601,0.3416736423969269,0.3007845878601074,0.34930309653282166,0.2350546270608902,0.01316941250115633,0.34635215997695923,0.6919866800308228,0.019511320153061226,0.0,0.37968841195106506,1061.5579552942393,13366.557437818878,0.07768654336734694,0.02942569926381111,,,,,,
reference,episode_000035,388,0,0.32147273421287537,0.2709368169307709,0.23563027381896973,0.27913162112236023,0.24303488433361053,0.011218824423849583,0.19488903880119324,0.6992635130882263,0.021863042091836735,0.0,0.46370798349380493,584.9284664346297,8361.466477997448,0.05564413265306122,0.02392682246863842,,,,,,
reference,episode_000035,388,1,0.39163538813591003,0.34171438217163086,0.3006551265716553,0.34936317801475525,0.2350395768880844,0.01316941250115633,0.34627997875213623,0.6919866800308228,0.01877391581632653,0.0,0.3803357183933258,1054.9099767062128,13365.568797831633,0.07886240433673469,0.02937631867825985,,,,,,
reference,episode_000035,389,0,0.31991350650787354,0.26940488815307617,0.23418490588665009,0.27760013937950134,0.24263066053390503,0.011218824423849583,0.19287137687206268,0.6970455050468445,0.021025988520408163,0.0,0.4654536247253418,587.9360790578388,8354.3671875,0.05592315051020408,0.024172864854335785,,,,,,
reference,episode_000035,389,1,0.3915652930736542,0.34188562631607056,0.3007887601852417,0.3494803309440613,0.2350829690694809,0.01316941250115633,0.3466823399066925,0.6919866800308228,0.019232302295918366,0.0,0.3801805078983307,1057.5892239224659,13378.108896683674,0.07840401785714286,0.02941819466650486,,,,,,
reference,episode_000035,390,0,0.31826645135879517,0.2678888142108917,0.23258210718631744,0.276049941778183,0.24208548665046692,0.011218824423849583,0.1917905956506729,0.69590824842453,0.020467952806122448,0.0,0.4689614772796631,571.5137365564411,8183.396165497449,0.055763711734693876,0.024018259719014168,,,,,,
reference,episode_000035,390,1,0.39163076877593994,0.3419221043586731,0.30093446373939514,0.3495308756828308,0.2350691556930542,0.01316941250115633,0.34669017791748047,0.6919866800308228,0.01903300382653061,0.0,0.3799808621406555,1047.777381879496,13363.517020089286,0.07686941964285714,0.029365848749876022,,,,,,
reference,episode_000035,391,0,0.31660738587379456,0.2664766013622284,0.2312183827161789,0.27458876371383667,0.2415774166584015,0.011218824423849583,0.18953177332878113,0.6931239366531372,0.0214046556122449,0.0,0.469173401594162,563.1537817351672,8076.190011160715,0.055544483418367346,0.024018969386816025,,,,,,
reference,episode_000035,391,1,0.3917124271392822,0.34189295768737793,0.30089426040649414,0.34952443838119507,0.23510320484638214,0.01316941250115633,0.3466823399066925,0.6919866800308228,0.018494897959183673,0.0,0.38019752502441406,1056.4388917273952,13399.255699936224,0.07760682397959184,0.029469184577465057,,,,,,
reference,episode_000035,392,0,0.3152385950088501,0.26502156257629395,0.2297072857618332,0.2731480002403259,0.24108290672302246,0.011218824423849583,0.1881270557641983,0.6919866800308228,0.022480867346938774,0.0,0.47124162316322327,534.3988683045977,7954.140385841837,0.0535514987244898,0.02388310618698597,,,,,,
reference,episode_000035,392,1,0.3918575644493103,0.3419111669063568,0.3009508550167084,0.34957242012023926,0.2351636290550232,0.01316941250115633,0.3471623659133911,0.6919866800308228,0.020527742346938774,0.0,0.37987086176872253,1049.0839438797882,13386.131895727041,0.07838408801020408,0.02941405586898327,,,,,,
reference,episode_000035,393,0,0.31386449933052063,0.26373419165611267,0.22842749953269958,0.27184274792671204,0.2407311052083969,0.011198431253433228,0.18729333579540253,0.6919866800308228,0.022799744897959183,0.0,0.4725087881088257,557.5320369175503,8014.0302535076535,0.053392059948979595,0.024214383214712143,,,,,,
reference,episode_000035,393,1,0.39185985922813416,0.3420770466327667,0.3010486364364624,0.34969866275787354,0.2351740598678589,0.01316941250115633,0.34715452790260315,0.6919866800308228,0.019112723214285716,0.0,0.37918272614479065,1052.3372045435146,13386.02272002551,0.07778619260204081,0.029459763318300247,,,,,,
reference,episode_000035,394,0,0.31255650520324707,0.2626896798610687,0.2272757738828659,0.2707344889640808,0.24038106203079224,0.011218824423849583,0.18561020493507385,0.6906023621559143,0.021205357142857144,0.0,0.47347593307495117,556.7395579025479,7981.952487244898,0.054587850765306124,0.024188298732042313,,,,,,
reference,episode_000035,394,1,0.39187338948249817,0.34204772114753723,0.3010466992855072,0.3496803641319275,0.2351514846086502,0.01339725498110056,0.3477364778518677,0.6919866800308228,0.01845503826530612,0.0,0.3804420828819275,1050.1183017347814,13394.356146364797,0.07862324617346939,0.029466427862644196,,,,,,
reference,episode_000035,395,0,0.3116884231567383,0.2615450322628021,0.22607028484344482,0.26964426040649414,0.24006032943725586,0.011198431253433228,0.18474863469600677,0.6892023682594299,0.0223812181122449,0.0,0.4779432713985443,553.9803511473796,7952.081712372449,0.054607780612244895,0.024131612852215767,,,,,,
reference,episode_000035,395,1,0.3919191062450409,0.3420391082763672,0.30102288722991943,0.3496822416782379,0.23514501750469208,0.0134164709597826,0.3469058871269226,0.6919866800308228,0.017857142857142856,0.0,0.3807763159275055,1041.5222535167125,13366.563576211734,0.0791015625,0.029400819912552834,,,,,,
reference,episode_000035,396,0,0.3104177713394165,0.26079609990119934,0.22519296407699585,0.2687751352787018,0.239755779504776,0.011218824423849583,0.18337178230285645,0.6892023682594299,0.02100605867346939,0.0,0.47719308733940125,560.0502840699081,7956.227000956633,0.05307318239795918,0.024171071127057076,,,,,,
reference,episode_000035,396,1,0.39195072650909424,0.3421293795108795,0.30121684074401855,0.3497674763202667,0.23522967100143433,0.0134164709597826,0.34721726179122925,0.6919866800308228,0.019730548469387755,0.0,0.3803745210170746,1048.2076360626252,13358.736487563776,0.078125,0.029391242191195488,,,,,,
reference,episode_000035,397,0,0.30949297547340393,0.259798526763916,0.22413910925388336,0.26778897643089294,0.2393980622291565,0.011218824423849583,0.1825835406780243,0.6892023682594299,0.021045918367346938,0.0,0.479931116104126,553.7191036769321,7922.335817920918,0.053411989795918366,0.024097200483083725,,,,,,
reference,episode_000035,397,1,0.3919391334056854,0.34205716848373413,0.3009588420391083,0.34969478845596313,0.23520886898040771,0.01316941250115633,0.34721726179122925,0.6919866800308228,0.0204280931122449,0.0,0.380163311958313,1049.709037243749,13384.644092793367,0.07846380739795919,0.029483560472726822,,,,,,
reference,episode_000035,398,0,0.3084479868412018,0.25885236263275146,0.22328689694404602,0.2668285667896271,0.23905758559703827,0.011218824423849583,0.18182116746902466,0.6880651116371155,0.019690688775510203,0.0,0.48030030727386475,560.5517167071907,7916.202965561224,0.05528539540816327,0.02412344701588154,,,,,,
reference,episode_000035,398,1,0.39201346039772034,0.3422115743160248,0.3012106418609619,0.3498391807079315,0.23520486056804657,0.01316941250115633,0.346965491771698,0.6919866800308228,0.01992984693877551,0.0,0.38043898344039917,1052.5853796418335,13380.636878188776,0.07898198341836735,0.02947806753218174,,,,,,
reference,episode_000035,399,0,0.30768534541130066,0.2580954432487488,0.22232887148857117,0.2660559117794037,0.23880650103092194,0.011218824423849583,0.18141019344329834,0.6874988675117493,0.022161989795918366,0.0,0.48301687836647034,562.8611470241935,7919.991788903061,0.053411989795918366,0.024153955280780792,,,,,,
reference,episode_000035,399,1,0.3921065032482147,0.3421068489551544,0.3010294735431671,0.34977099299430847,0.2351936548948288,0.01316941250115633,0.34721726179122925,0.6919866800308228,0.01953125,0.0,0.38092029094696045,1039.2815229105286,13376.02291932398,0.07884247448979592,0.029485739767551422,,,,,,
reference,episode_000035,400,0,0.30719882249832153,0.2574332058429718,0.22160138189792633,0.26542630791664124,0.23853909969329834,0.011218824423849583,0.18054041266441345,0.6867011785507202,0.02210220025510204,0.0,0.4837709069252014,564.1597739314595,7915.287189094388,0.05345184948979592,0.02406667172908783,,,,,,
reference,episode_000035,400,1,0.3920055031776428,0.3421725928783417,0.3012148141860962,0.3498099148273468,0.23517996072769165,0.01316941250115633,0.3474219739437103,0.6919866800308228,0.01845503826530612,0.0,0.3808148503303528,1050.8930670731468,13379.533522002552,0.07798549107142858,0.029526125639677048,,,,,,
reference,episode_000035,401,0,0.30648329854011536,0.25686776638031006,0.22089813649654388,0.2648189961910248,0.23832936584949493,0.011218824423849583,0.17971764504909515,0.6852807998657227,0.022799744897959183,0.0,0.48348885774612427,569.6474971457453,7921.018215880102,0.053989955357142856,0.024087820202112198,,,,,,
reference,episode_000035,401,1,0.39204511046409607,0.3421785831451416,0.30130383372306824,0.3498289883136749,0.23519542813301086,0.0134164709597826,0.34721726179122925,0.6919866800308228,0.01963089923469388,0.0,0.3788786828517914,1043.7657293202926,13371.708107461734,0.07898198341836735,0.029521143063902855,,,,,,
reference,episode_000035,402,0,0.30567821860313416,0.25611212849617004,0.220016211271286,0.26404374837875366,0.23799829185009003,0.011218824423849583,0.17915412783622742,0.6852807998657227,0.021444515306122448,0.0,0.48579245805740356,569.2460216679507,7891.562898596939,0.05367107780612245,0.023996438831090927,,,,,,
reference,episode_000035,402,1,0.39191752672195435,0.34229928255081177,0.3012869954109192,0.3498869836330414,0.2351621687412262,0.0134164709597826,0.3472015857696533,0.6919866800308228,0.018534757653061226,0.0,0.3809340000152588,1046.9539689707883,13376.263352997448,0.0791015625,0.02952846884727478,,,,,,
reference,episode_000035,403,0,0.3050501048564911,0.2555716931819916,0.21960705518722534,0.2634941637516022,0.23780222237110138,0.011218824423849583,0.17837883532047272,0.6850337386131287,0.021763392857142856,0.0,0.4854835271835327,557.6151610072183,7851.084183673469,0.053631218112244895,0.023889023810625076,,,,,,
reference,episode_000035,403,1,0.39212509989738464,0.34227344393730164,0.301141619682312,0.3499021828174591,0.2351536750793457,0.01316941250115633,0.34778353571891785,0.6919866800308228,0.019112723214285716,0.0,0.3793993592262268,1047.6180444834183,13380.674505739797,0.07967952806122448,0.029557963833212852,,,,,,
reference,episode_000035,404,0,0.3045881688594818,0.25498420000076294,0.2190021574497223,0.26293206214904785,0.2376059740781784,0.011198431253433228,0.1782705932855606,0.6841435432434082,0.023317920918367346,0.0,0.48602157831192017,553.1814631883526,7852.522082270408,0.05347177933673469,0.023900464177131653,,,,,,
reference,episode_000035,404,1,0.3921810984611511,0.34224826097488403,0.301229327917099,0.3499023914337158,0.23514334857463837,0.013720001094043255,0.3477364778518677,0.6919866800308228,0.0196109693877551,0.0,0.3799256682395935,1054.6894061332043,13387.496253188776,0.0794204400510204,0.029605207964777946,,,,,,
reference,episode_000035,405,0,0.3039382994174957,0.25459763407707214,0.21825146675109863,0.2624632716178894,0.2373579889535904,0.011218824423849583,0.17750433087348938,0.6827796697616577,0.02116549744897959,0.0,0.4888163208961487,554.0152036197383,7852.667610012755,0.05307318239795918,0.023946944624185562,,,,,,
reference,episode_000035,405,1,0.3921913504600525,0.34226807951927185,0.3012504279613495,0.3499203026294708,0.2351657599210739,0.01316941250115633,0.3474847078323364,0.6919866800308228,0.019870057397959183,0.0,0.381619930267334,1059.5130383202752,13379.978834502552,0.0797592474489796,0.02960711345076561,,,,,,
reference,episode_000035,406,0,0.30367428064346313,0.2541860044002533,0.21793155372142792,0.2620895802974701,0.23717856407165527,0.011218824423849583,0.17720550298690796,0.6827796697616577,0.021643813775510203,0.0,0.4884306490421295,559.8793972794685,7848.779097576531,0.05369100765306122,0.023979350924491882,,,,,,
reference,episode_000035,406,1,0.39216694235801697,0.3422602415084839,0.30116814374923706,0.34990358352661133,0.23513558506965637,0.0134164709597826,0.3474847078323364,0.6919395923614502,0.019870057397959183,0.0,0.38059550523757935,1065.3921175042772,13420.736926020409,0.07955994897959184,0.029699452221393585,,,,,,
reference,episode_000035,407,0,0.3035101890563965,0.2538086473941803,0.21769313514232635,0.2617676556110382,0.2370714396238327,0.011218824423849583,0.1764078438282013,0.6813592910766602,0.022301498724489797,0.0,0.48953917622566223,560.2565832010959,7852.941844706633,0.05385044642857143,0.02402624860405922,,,,,,
reference,episode_000035,407,1,0.39224773645401,0.3423345983028412,0.30111584067344666,0.34997013211250305,0.2350854128599167,0.013297058641910553,0.34778353571891785,0.6919866800308228,0.018514827806122448,0.0,0.38196641206741333,1060.2995000201333,13400.893534757653,0.07969945790816327,0.02965649403631687,,,,,,
reference,episode_000035,408,0,0.30322015285491943,0.25362229347229004,0.2173468917608261,0.261547714471817,0.23698577284812927,0.011218824423849583,0.17636236548423767,0.6813592910766602,0.022261639030612245,0.0,0.49066784977912903,566.0561321326862,7870.990792410715,0.05365114795918367,0.024105941876769066,,,,,,
reference,episode_000035,408,1,0.39228591322898865,0.3423941135406494,0.3012023866176605,0.35002705454826355,0.23509924113750458,0.013297058641910553,0.3485419750213623,0.6919866800308228,0.019411670918367346,0.0,0.38120725750923157,1057.3006190085898,13414.675581951531,0.07985889668367346,0.029697271063923836,,,,,,
reference,episode_000035,409,0,0.3028808832168579,0.25334689021110535,0.21693332493305206,0.26124879717826843,0.23682941496372223,0.011218824423849583,0.17636236548423767,0.6813592910766602,0.020388233418367346,0.0,0.49185943603515625,570.2577405335356,7909.169961734694,0.0525749362244898,0.024248404428362846,,,,,,
reference,episode_000035,409,1,0.39235958456993103,0.3423493802547455,0.30104848742485046,0.3499996066093445,0.23512405157089233,0.01316941250115633,0.34804001450538635,0.6919866800308228,0.01905293367346939,0.0,0.3815882205963135,1069.8043447996565,13455.27622767857,0.07932079081632654,0.029773153364658356,,,,,,
reference,episode_000035,410,0,0.3026396334171295,0.25312939286231995,0.21664611995220184,0.2610211968421936,0.23672857880592346,0.011218824423849583,0.17608197033405304,0.6813592910766602,0.01895328443877551,0.0,0.49160242080688477,570.137534628109,7937.390385841837,0.053392059948979595,0.024385442957282066,,,,,,
reference,episode_000035,410,1,0.3924187123775482,0.3423822820186615,0.30134397745132446,0.3500570058822632,0.235103040933609,0.01316941250115633,0.34804001450538635,0.6916525363922119,0.019292091836734693,0.0,0.3811105489730835,1078.9960692726238,13476.424784757653,0.07938058035714286,0.029835080727934837,,,,,,
reference,episode_000035,411,0,0.3024098873138428,0.25283893942832947,0.2164933979511261,0.2607536017894745,0.23664021492004395,0.011218824423849583,0.17579609155654907,0.6813592910766602,0.020487882653061226,0.0,0.49139466881752014,574.8265045174754,7932.627790178572,0.053790656887755105,0.024364478886127472,,,,,,
reference,episode_000035,411,1,0.3924392759799957,0.34248462319374084,0.30140790343284607,0.35013920068740845,0.23518502712249756,0.0134164709597826,0.3483027517795563,0.6919866800308228,0.020129145408163265,0.0,0.3814620077610016,1074.0534861785877,13473.231106505102,0.07955994897959184,0.0298126470297575,,,,,,
reference,episode_000035,412,0,0.3022475242614746,0.2526683509349823,0.21635045111179352,0.2605867385864258,0.23653051257133484,0.011218824423849583,0.1755286306142807,0.6813592910766602,0.02082669005102041,0.0,0.4921046793460846,573.7267032291232,7939.12428252551,0.05291374362244898,0.024455804377794266,,,,,,
reference,episode_000035,412,1,0.39254605770111084,0.3425785303115845,0.30152860283851624,0.35023781657218933,0.23518848419189453,0.01316941250115633,0.3486533463001251,0.6919866800308228,0.01953125,0.0,0.3799320459365845,1063.7908123545428,13428.104392538266,0.07926100127551021,0.029700446873903275,,,,,,
reference,episode_000035,413,0,0.3019865155220032,0.25255224108695984,0.21619032323360443,0.2604365944862366,0.23646017909049988,0.011218824423849583,0.17474040389060974,0.6813592910766602,0.0214046556122449,0.0,0.49168458580970764,573.5237397742441,7955.457110969388,0.05319276147959184,0.024550843983888626,,,,,,
reference,episode_000035,413,1,0.39266151189804077,0.342619925737381,0.30155089497566223,0.3502936065196991,0.23519262671470642,0.01316941250115633,0.34834980964660645,0.6919866800308228,0.02010921556122449,0.0,0.38012591004371643,1061.1124233129074,13420.778858418367,0.07955994897959184,0.029675627127289772,,,,,,
reference,episode_000035,414,0,0.30198025703430176,0.25249674916267395,0.21589338779449463,0.26037412881851196,0.23641745746135712,0.011218824423849583,0.1753145158290863,0.6808086633682251,0.02072704081632653,0.0,0.49301430583000183,574.4620079158097,7971.617586096939,0.05271444515306122,0.024611756205558777,,,,,,
reference,episode_000035,414,1,0.39276203513145447,0.342731237411499,0.30167287588119507,0.350403368473053,0.2352263629436493,0.0134164709597826,0.3486533463001251,0.6919866800308228,0.01985012755102041,0.0,0.3804663419723511,1059.606086574858,13454.648238201531,0.07954001913265306,0.029709232971072197,,,,,,
reference,episode_000035,415,0,0.3017943501472473,0.25234296917915344,0.21575865149497986,0.2602149248123169,0.23633475601673126,0.011218824423849583,0.17523451149463654,0.6811121702194214,0.019770408163265307,0.0,0.49377763271331787,574.8167740842889,7954.703164859694,0.05211654974489796,0.024577494710683823,,,,,,
reference,episode_000035,415,1,0.3926977515220642,0.34270986914634705,0.3015711307525635,0.35036700963974,0.23519480228424072,0.01316941250115633,0.3488360643386841,0.6919866800308228,0.018415178571428572,0.0,0.3807956874370575,1063.2148618968215,13427.258011798469,0.07969945790816327,0.029658563435077667,,,,,,
reference,episode_000035,416,0,0.3018245995044708,0.2522205114364624,0.2157462239265442,0.26013287901878357,0.23630289733409882,0.011218824423849583,0.17465883493423462,0.68059241771698,0.021205357142857144,0.0,0.49292629957199097,573.680903525712,7960.69264190051,0.052734375,0.02458128333091736,,,,,,
reference,episode_000035,416,1,0.3927258849143982,0.3427855372428894,0.3016738295555115,0.35043463110923767,0.23527809977531433,0.01316941250115633,0.3491678535938263,0.6919866800308228,0.0186344068877551,0.0,0.380349338054657,1060.623046873411,13431.526546556122,0.08035714285714286,0.029662886634469032,,,,,,
reference,episode_000035,417,0,0.30168458819389343,0.25214672088623047,0.215641587972641,0.26004278659820557,0.23620259761810303,0.011218824423849583,0.1749262809753418,0.6802220344543457,0.020806760204081634,0.0,0.4928731620311737,570.9582552002252,7944.418646364796,0.0525749362244898,0.02456088177859783,,,,,,
reference,episode_000035,417,1,0.3929159343242645,0.3429192900657654,0.3017832040786743,0.35057854652404785,0.23529662191867828,0.01316941250115633,0.34939059615135193,0.6919866800308228,0.019690688775510203,0.0,0.3801718056201935,1064.0126352544528,13438.559948979591,0.08037707270408163,0.029637986794114113,,,,,,
reference,episode_000035,418,0,0.30167263746261597,0.2521377205848694,0.215566948056221,0.2600284516811371,0.2362249493598938,0.011218824423849583,0.17472471296787262,0.6811661124229431,0.019292091836734693,0.0,0.4934065341949463,568.5987833568028,7945.037468112245,0.05247528698979592,0.024567969143390656,,,,,,
reference,episode_000035,418,1,0.39308780431747437,0.3429693877696991,0.3020877242088318,0.3506729006767273,0.23526932299137115,0.013720001094043255,0.3491678535938263,0.6919866800308228,0.018136160714285716,0.0,0.3796600103378296,1067.0634564038667,13445.556082589286,0.0791812818877551,0.029641054570674896,,,,,,
reference,episode_000035,419,0,0.30160120129585266,0.2520780861377716,0.21554449200630188,0.25996899604797363,0.23616786301136017,0.011218824423849583,0.17522510886192322,0.6807929873466492,0.0205875318877551,0.0,0.49178263545036316,575.6561750597083,7958.189174107143,0.05271444515306122,0.024613192304968834,,,,,,
reference,episode_000035,419,1,0.39311230182647705,0.34314781427383423,0.3019394874572754,0.35079503059387207,0.23541243374347687,0.01316941250115633,0.3491678535938263,0.6919866800308228,0.019969706632653062,0.0,0.3799264430999756,1070.4674327934547,13457.564174107143,0.07870296556122448,0.029669256880879402,,,,,,
reference,episode_000035,420,0,0.3015510141849518,0.251881867647171,0.21536646783351898,0.2598051428794861,0.2361171394586563,0.011198431253433228,0.17465883493423462,0.6802220344543457,0.024294483418367346,0.0,0.4939609467983246,572.1134237581767,7956.068917410715,0.05287388392857143,0.02462521381676197,,,,,,
reference,episode_000035,420,1,0.3931616544723511,0.34325337409973145,0.3021833002567291,0.3508985936641693,0.23537033796310425,0.01316941250115633,0.34887373447418213,0.6919866800308228,0.020069355867346938,0.0,0.3772333860397339,1062.344367681866,13458.351881377552,0.08019770408163265,0.029624879360198975,,,,,,
reference,episode_000035,421,0,0.3013346791267395,0.25181901454925537,0.21529917418956757,0.25970932841300964,0.23610541224479675,0.011218824423849583,0.17465883493423462,0.6807929873466492,0.020786830357142856,0.0,0.4926390051841736,576.2520610037966,7962.873565051021,0.051638233418367346,0.024659650400280952,,,,,,
reference,episode_000035,421,1,0.3933609426021576,0.343232125043869,0.3024146854877472,0.3509424924850464,0.23533804714679718,0.01339725498110056,0.34975138306617737,0.6919866800308228,0.01963089923469388,0.0,0.3793709874153137,1061.0318677771943,13446.619260204081,0.08049665178571429,0.029576251283288002,,,,,,
reference,episode_000035,422,0,0.3014262020587921,0.2517419755458832,0.21529604494571686,0.25967341661453247,0.2361048310995102,0.011198431253433228,0.17459529638290405,0.6802220344543457,0.021145567602040817,0.0,0.4926704466342926,578.6686796151016,7961.883290816327,0.05247528698979592,0.02467850223183632,,,,,,
reference,episode_000035,422,1,0.3933972716331482,0.34338825941085815,0.3021584451198578,0.35104334354400635,0.23534590005874634,0.0134164709597826,0.34939295053482056,0.6919866800308228,0.018694196428571428,0.0,0.3802219033241272,1069.6995973277221,13443.465999681122,0.08071588010204081,0.02958201989531517,,,,,,
reference,episode_000035,423,0,0.301361083984375,0.25180143117904663,0.2152564376592636,0.2596992552280426,0.2360503375530243,0.011218824423849583,0.17474040389060974,0.6811121702194214,0.021205357142857144,0.0,0.4930700957775116,576.0468880976305,7949.200932716837,0.05249521683673469,0.024625303223729134,,,,,,
reference,episode_000035,423,1,0.39355751872062683,0.34339767694473267,0.3023965656757355,0.3511013984680176,0.23535558581352234,0.013720001094043255,0.3497435450553894,0.692290186882019,0.017877072704081634,0.0,0.37900131940841675,1067.460218498678,13456.26634247449,0.0791812818877551,0.02958625741302967,,,,,,
reference,episode_000035,424,0,0.3012818992137909,0.2518247365951538,0.21521367132663727,0.25969603657722473,0.23607483506202698,0.011218824423849583,0.1746431440114975,0.680525541305542,0.0205875318877551,0.0,0.49347957968711853,579.0078214604077,7965.210618622449,0.05149872448979592,0.02470393292605877,,,,,,
reference,episode_000035,424,1,0.39345329999923706,0.34330302476882935,0.30208635330200195,0.3509891629219055,0.23533403873443604,0.0134164709597826,0.3493117690086365,0.6919866800308228,0.019730548469387755,0.0,0.381378710269928,1075.117306564312,13457.37448182398,0.07997847576530612,0.029615536332130432,,,,,,
reference,episode_000035,425,0,0.301336407661438,0.25175681710243225,0.21525885164737701,0.2596622705459595,0.2360411435365677,0.011218824423849583,0.17474040389060974,0.6802220344543457,0.019690688775510203,0.0,0.49443960189819336,576.3918449659241,7967.109255420918,0.05215640943877551,0.024689674377441406,,,,,,
reference,episode_000035,425,1,0.393399178981781,0.34330007433891296,0.3022529184818268,0.3509874939918518,0.23539847135543823,0.01316941250115633,0.3497341275215149,0.6919866800308228,0.0205078125,0.0,0.38057565689086914,1073.9673327466242,13464.753348214286,0.07971938775510204,0.029644422233104706,,,,,,
reference,episode_000035,426,0,0.30127647519111633,0.2517353892326355,0.21530495584011078,0.2596375644207001,0.23601698875427246,0.011218824423849583,0.17473256587982178,0.6807929873466492,0.021763392857142856,0.0,0.4917108118534088,585.6199789988602,7974.907445790816,0.05179767219387755,0.02474166825413704,,,,,,
reference,episode_000035,426,1,0.3934374451637268,0.34328532218933105,0.3020143508911133,0.3509679138660431,0.23533128201961517,0.01316941250115633,0.3491678535938263,0.6919866800308228,0.020547672193877552,0.0,0.38101255893707275,1068.5530529411471,13459.120336415815,0.07936065051020408,0.029625533148646355,,,,,,
reference,episode_000035,427,0,0.30115023255348206,0.251783162355423,0.21520671248435974,0.2596377730369568,0.23602767288684845,0.011218824423849583,0.17466823756694794,0.6807929873466492,0.01975047831632653,0.0,0.49313482642173767,584.4703134884688,7981.830755739796,0.05269451530612245,0.02476602792739868,,,,,,
reference,episode_000035,427,1,0.39328089356422424,0.3433111011981964,0.3022221326828003,0.35096803307533264,0.2353268414735794,0.01316941250115633,0.34944862127304077,0.6919866800308228,0.018594547193877552,0.0,0.38091596961021423,1073.492964620642,13455.850047831633,0.07963966836734694,0.029600629583001137,,,,,,
reference,episode_000035,428,0,0.30117112398147583,0.2517469525337219,0.21528315544128418,0.25962182879447937,0.23602961003780365,0.011218824423849583,0.17439058423042297,0.6802220344543457,0.019730548469387755,0.0,0.49342602491378784,583.0934085675152,7975.2607621173465,0.051678093112244895,0.024722030386328697,,,,,,
reference,episode_000035,428,1,0.3933097720146179,0.34330523014068604,0.30207622051239014,0.3509594798088074,0.23531901836395264,0.0134164709597826,0.34973883628845215,0.6919866800308228,0.016661352040816327,0.0,0.3808673620223999,1070.6172670271435,13460.960897640307,0.07969945790816327,0.029612259939312935,,,,,,
reference,episode_000035,429,0,0.3013414144515991,0.25173765420913696,0.21513468027114868,0.2596406638622284,0.2360375076532364,0.011218824423849583,0.1744164675474167,0.680525541305542,0.02002949617346939,0.0,0.49377578496932983,587.7293521443389,7974.445511798469,0.052056760204081634,0.02474372461438179,,,,,,
reference,episode_000035,429,1,0.39323920011520386,0.3432926535606384,0.30213662981987,0.3509398102760315,0.23530177772045135,0.0134164709597826,0.34917256236076355,0.6919866800308228,0.018594547193877552,0.0,0.38037657737731934,1078.0204275493472,13471.323580994898,0.08075573979591837,0.029666464775800705,,,,,,
reference,episode_000035,430,0,0.3011942207813263,0.2517986595630646,0.21539117395877838,0.25967153906822205,0.23605094850063324,0.011218824423849583,0.17466354370117188,0.6807929873466492,0.01971061862244898,0.0,0.4922667443752289,586.2282825662215,7975.932079081633,0.052076690051020405,0.02474617026746273,,,,,,
reference,episode_000035,430,1,0.3932873606681824,0.343310683965683,0.3021433651447296,0.35096344351768494,0.23527881503105164,0.01316941250115633,0.3497466742992401,0.6919866800308228,0.01917251275510204,0.0,0.3797641396522522,1073.6428916578438,13453.771803252552,0.07979910714285714,0.029612865298986435,,,,,,
reference,episode_000035,431,0,0.3012600839138031,0.25166335701942444,0.21522977948188782,0.25957706570625305,0.2360159307718277,0.011218824423849583,0.17445726692676544,0.6802220344543457,0.02068718112244898,0.0,0.4925524592399597,584.7266003006152,7974.722138073979,0.05171795280612245,0.02475055679678917,,,,,,
reference,episode_000035,431,1,0.3932605981826782,0.3432800769805908,0.3021860420703888,0.35093894600868225,0.23533731698989868,0.0134164709597826,0.34958159923553467,0.6919866800308228,0.018534757653061226,0.0,0.3807353675365448,1067.4784557460896,13475.972815688776,0.07922114158163265,0.02965000458061695,,,,,,
reference,episode_000035,432,0,0.3011237382888794,0.25166621804237366,0.2151739001274109,0.259546160697937,0.2360362708568573,0.011218824423849583,0.17445726692676544,0.680525541305542,0.020308514030612245,0.0,0.4938531517982483,581.0991357297313,7974.659558354592,0.052614795918367346,0.024723850190639496,,,,,,
reference,episode_000035,432,1,0.39331281185150146,0.34326183795928955,0.3021257221698761,0.35093268752098083,0.2353520393371582,0.01316941250115633,0.34940865635871887,0.6919866800308228,0.020348373724489797,0.0,0.3798302710056305,1072.3000025079925,13477.648357780612,0.07906170280612244,0.02965417318046093,,,,,,
reference,episode_000035,433,0,0.3010636866092682,0.25167301297187805,0.21514944732189178,0.259536474943161,0.2359723597764969,0.011218824423849583,0.1743568778038025,0.6807929873466492,0.01943160076530612,0.0,0.493105411529541,580.4830789176785,7976.977917729592,0.052415497448979595,0.02475019544363022,,,,,,
reference,episode_000035,433,1,0.3932574987411499,0.3431594967842102,0.30219653248786926,0.3508528470993042,0.23531320691108704,0.013297058641910553,0.34940865635871887,0.6919866800308228,0.020547672193877552,0.0,0.3789476156234741,1071.7248871472418,13483.870017538266,0.07846380739795919,0.029679443687200546,,,,,,
reference,episode_000035,434,0,0.3012414872646332,0.25163885951042175,0.21511192619800568,0.2595471143722534,0.2360004186630249,0.011218824423849583,0.17384549975395203,0.6807929873466492,0.020946269132653062,1.992984693877551e-05,0.4941401183605194,580.475918515232,7970.222775829082,0.052614795918367346,0.024731598794460297,,,,,,
reference,episode_000035,434,1,0.3932490050792694,0.34313783049583435,0.30197635293006897,0.3508196175098419,0.2353321760892868,0.01316941250115633,0.3491678535938263,0.6919866800308228,0.01833545918367347,0.0,0.38090193271636963,1069.6100098174197,13474.017458545919,0.08001833545918367,0.029672233387827873,,,,,,
reference,episode_000035,435,0,0.30106234550476074,0.2516208291053772,0.21517843008041382,0.2595009207725525,0.23598119616508484,0.011218824423849583,0.1744164675474167,0.6807929873466492,0.020448022959183673,0.0,0.49287736415863037,580.4057360688432,7973.8602519132655,0.05161830357142857,0.024769704788923264,,,,,,
reference,episode_000035,435,1,0.3931945860385895,0.343047171831131,0.30202049016952515,0.35074636340141296,0.23526395857334137,0.01316941250115633,0.3493117690086365,0.6919866800308228,0.019969706632653062,0.0,0.37946817278862,1069.7197631329907,13486.698580994898,0.07936065051020408,0.02970755472779274,,,,,,
reference,episode_000035,436,0,0.30094218254089355,0.25148406624794006,0.21502389013767242,0.2593664228916168,0.2359342873096466,0.011218824423849583,0.1744164675474167,0.6802220344543457,0.01988998724489796,0.0,0.4945106506347656,579.502198382548,7955.972536670918,0.05313297193877551,0.02472427673637867,,,,,,
reference,episode_000035,436,1,0.3931322395801544,0.3430933952331543,0.3017887771129608,0.3507494628429413,0.2352762073278427,0.013720001094043255,0.34973883628845215,0.692290186882019,0.01963089923469388,0.0,0.3811376094818115,1070.901695311839,13485.644172512755,0.08009805484693877,0.029712026938796043,,,,,,
real,eval_obs_20260828_172311,0,0,0.4766542911529541,0.4260128438472748,0.41421517729759216,0.4359274208545685,0.28463882207870483,0.013720001094043255,0.39962905645370483,0.8329114317893982,0.017458545918367346,0.00025908801020408165,0.2594504952430725,908.4125841308365,16587.167291135203,0.07772640306122448,0.02336292341351509,0.3085625419222039,100.0,0.5586830234159881,97.36842105263158,34,27
real,eval_obs_20260828_172311,0,1,0.46429765224456787,0.4126492738723755,0.38713812828063965,0.4217877984046936,0.32257699966430664,0.0072768633253872395,0.3682110011577606,0.8864180445671082,0.059889190051020405,1.992984693877551e-05,0.345210999250412,1356.0917885099932,19573.10598692602,0.08805006377551021,0.027394138276576996,0.25684048575009655,63.1578947368421,0.5586830234159881,97.36842105263158,34,27
real,eval_obs_20260828_172311,24,0,0.4806949496269226,0.4296138882637024,0.4184536337852478,0.4396679401397705,0.28127428889274597,0.015120001509785652,0.4038039445877075,0.8329114317893982,0.0186344068877551,0.0002192283163265306,0.2519034445285797,932.2993783756178,16975.928212691328,0.08043686224489796,0.02396979369223118,0.29883656292462135,100.0,0.5039470816381765,94.73684210526315,34,45
real,eval_obs_20260828_172311,24,1,0.4920806586742401,0.4385938048362732,0.4125368297100067,0.448083758354187,0.32217246294021606,0.007843137718737125,0.47253531217575073,0.8824965357780457,0.05004384566326531,0.00011957908163265306,0.330138236284256,1372.6426170933798,19329.041852678572,0.08522002551020408,0.026125499978661537,0.2774399007744761,71.05263157894737,0.5039470816381765,94.73684210526315,34,45
real,eval_obs_20260828_172311,48,0,0.481963574886322,0.4313037693500519,0.4201437532901764,0.44126829504966736,0.28149664402008057,0.01598980464041233,0.4060062766075134,0.8370800614356995,0.015326052295918368,0.0001992984693877551,0.25048235058784485,958.006424385128,17259.888432716838,0.07946029974489796,0.024108489975333214,0.3119036680187232,100.0,0.5660110247848303,97.36842105263158,34,67
real,eval_obs_20260828_172311,48,1,0.5045003890991211,0.4480936527252197,0.4223744571208954,0.45822879672050476,0.31447634100914,0.00924784317612648,0.5153254866600037,0.8687607645988464,0.045041454081632654,0.00011957908163265306,0.3248315751552582,1067.8146847697508,16389.615234375,0.0782047193877551,0.02115948125720024,0.2713083528015158,68.42105263157895,0.5660110247848303,97.36842105263158,34,67
real,eval_obs_20260828_172311,72,0,0.4817868173122406,0.43103641271591187,0.41974687576293945,0.44101080298423767,0.2814596891403198,0.016447843983769417,0.4071592092514038,0.8370800614356995,0.01580436862244898,0.00011957908163265306,0.25091955065727234,957.295544904751,17186.18040497449,0.07971938775510204,0.02402449958026409,0.3044090082199645,100.0,0.5989009951640089,100.0,34,100
real,eval_obs_20260828_172311,72,1,0.5194994211196899,0.4621679484844208,0.4369705021381378,0.4725373685359955,0.30421727895736694,0.010081568732857704,0.5298588275909424,0.86175137758255,0.03790656887755102,0.00013950892857142856,0.29613226652145386,1016.8254965031856,15022.644212372448,0.07122927295918367,0.0193012785166502,0.2514038690073205,57.89473684210527,0.5989009951640089,100.0,34,100
real,eval_obs_20260828_172311,96,0,0.48074275255203247,0.42979201674461365,0.41858533024787903,0.4398150146007538,0.2809120714664459,0.016524706035852432,0.40552157163619995,0.8370800614356995,0.014847735969387755,0.00015943877551020407,0.2523829936981201,954.3106704097844,17197.761678890307,0.08041693239795919,0.02424350380897522,0.2994825318028183,100.0,0.754746009325968,100.0,34,104
real,eval_obs_20260828_172311,96,1,0.5295556783676147,0.4726651608943939,0.44788840413093567,0.4829712212085724,0.30248886346817017,0.012032156810164452,0.5419067144393921,0.86175137758255,0.03314333545918367,7.971938775510203e-05,0.28410986065864563,1036.94450966868,15107.029177295919,0.07126913265306123,0.019458940252661705,0.252123403089927,60.526315789473685,0.754746009325968,100.0,34,104
real,eval_obs_20260828_172311,120,0,0.48031967878341675,0.42945197224617004,0.41801977157592773,0.4394410252571106,0.27988967299461365,0.017054902389645576,0.4062737226486206,0.8356956839561462,0.014528858418367346,0.00029894770408163266,0.2520471215248108,959.5300049370699,17073.951929209183,0.08101482780612244,0.024357207119464874,0.2976505892944149,100.0,0.723431692286948,100.0,34,142
real,eval_obs_20260828_172311,120,1,0.5361425280570984,0.4793913662433624,0.45446163415908813,0.4896567463874817,0.30332306027412415,0.01316941250115633,0.5494666695594788,0.8687607645988464,0.027483258928571428,1.992984693877551e-05,0.27729344367980957,1105.030249909032,15942.236926020409,0.07479671556122448,0.019778039306402206,0.2507872072576027,57.89473684210527,0.723431692286948,100.0,34,142
real,eval_obs_20260828_172311,144,0,0.47935888171195984,0.42818427085876465,0.41692793369293213,0.43825122714042664,0.27891412377357483,0.017054902389645576,0.40520864725112915,0.8329114317893982,0.01411033163265306,0.0002192283163265306,0.25186243653297424,944.6055871275553,17068.81146364796,0.07834422831632654,0.024786099791526794,0.2946805541755987,100.0,0.6725734665862935,100.0,34,143
real,eval_obs_20260828_172311,144,1,0.5379513502120972,0.48075100779533386,0.4557141363620758,0.4911041259765625,0.3017157018184662,0.015083922073245049,0.5500533580780029,0.86175137758255,0.023138552295918366,7.971938775510203e-05,0.27529239654541016,1088.8659212365837,16273.861248405612,0.07557397959183673,0.019957160577178,0.2442466284286226,55.26315789473685,0.6725734665862935,100.0,34,143
real,eval_obs_20260828_172311,168,0,0.4794180691242218,0.4280011057853699,0.41674914956092834,0.43811991810798645,0.2784227728843689,0.017358431592583656,0.40577492117881775,0.8307451009750366,0.014309630102040817,0.0001793686224489796,0.251731812953949,948.4736259357971,17082.86300223214,0.08163265306122448,0.025124037638306618,0.2948568514560698,100.0,0.6630113014422989,100.0,34,145
real,eval_obs_20260828_172311,168,1,0.5370693206787109,0.479159414768219,0.4539470374584198,0.48965075612068176,0.2991114556789398,0.01709097996354103,0.5466824173927307,0.8572635650634766,0.017956792091836735,1.992984693877551e-05,0.27423226833343506,1129.4137572984007,16666.913942920917,0.07665019132653061,0.02035709097981453,0.2346532509471168,44.73684210526316,0.6630113014422989,100.0,34,145
real,eval_obs_20260828_172525,0,0,0.4743737280368805,0.4236404001712799,0.4122481942176819,0.43360379338264465,0.28507891297340393,0.013720001094043255,0.3979458808898926,0.8390510082244873,0.020348373724489797,0.0001793686224489796,0.25966256856918335,913.8981930157978,16520.46332908163,0.07702885841836735,0.023544449359178543,0.2974862778780188,100.0,0.6081360929962264,100.0,34,25
real,eval_obs_20260828_172525,0,1,0.44915902614593506,0.3997180759906769,0.3736870288848877,0.40834975242614746,0.3244147002696991,0.0072768633253872395,0.32817572355270386,0.8987694382667542,0.06527024872448979,0.0,0.35395312309265137,1350.2656678843625,20142.727718431124,0.08876753826530612,0.029367050155997276,0.2763731252074887,71.05263157894737,0.6081360929962264,100.0,34,25
real,eval_obs_20260828_172525,24,0,0.47980114817619324,0.42896705865859985,0.41750577092170715,0.4389469027519226,0.28309836983680725,0.013720001094043255,0.4035050868988037,0.8396172523498535,0.021524234693877552,0.0001992984693877551,0.25459879636764526,883.9298022042607,16533.26215720663,0.07557397959183673,0.023290658369660378,0.30875420333496095,100.0,0.569081105031033,97.36842105263158,34,39
real,eval_obs_20260828_172525,24,1,0.4746505618095398,0.42362475395202637,0.3973916471004486,0.43257877230644226,0.32400256395339966,0.0072768633253872395,0.39484232664108276,0.8903396129608154,0.06014827806122449,0.0,0.3373975157737732,1312.9889095926821,19687.17701690051,0.08916613520408163,0.027261808514595032,0.25722641454411443,63.1578947368421,0.569081105031033,97.36842105263158,34,39
real,eval_obs_20260828_172525,48,0,0.4788338840007782,0.42787015438079834,0.4165526032447815,0.43788784742355347,0.27996668219566345,0.014306667260825634,0.4018533527851105,0.8253152966499329,0.020268654336734693,0.0001992984693877551,0.2522607445716858,916.9672904040406,16846.329480229593,0.07762675382653061,0.024037113413214684,0.30817361218946937,100.0,0.5089094015566861,94.73684210526315,34,51
real,eval_obs_20260828_172525,48,1,0.4922032356262207,0.439187228679657,0.4134601652622223,0.44860097765922546,0.31887954473495483,0.008110588416457176,0.4684980511665344,0.8780086636543274,0.04986447704081633,0.00011957908163265306,0.32284048199653625,1322.873364581609,19126.758928571428,0.08599728954081633,0.025920743122696877,0.2937773488239448,76.31578947368422,0.5089094015566861,94.73684210526315,34,51
real,eval_obs_20260828_172525,72,0,0.47994154691696167,0.4288918673992157,0.417380154132843,0.4389139413833618,0.2801470458507538,0.0154188247397542,0.4030674695968628,0.8292368650436401,0.018415178571428572,0.0001793686224489796,0.251928448677063,934.1944268658378,17021.71576052296,0.07842394770408163,0.02432970516383648,0.3115325781391173,100.0,0.563752264780956,97.36842105263158,34,67
real,eval_obs_20260828_172525,72,1,0.5028859972953796,0.4486161768436432,0.42294007539749146,0.4583001434803009,0.313748836517334,0.00924784317612648,0.5147435665130615,0.8687607645988464,0.04298867984693878,0.00011957908163265306,0.3121589720249176,1216.544926091265,18078.64772002551,0.08111447704081633,0.023619210347533226,0.2567940711141484,63.1578947368421,0.563752264780956,97.36842105263158,34,67
real,eval_obs_20260828_172525,96,0,0.47910410165786743,0.4280262887477875,0.41661226749420166,0.43806129693984985,0.2801869809627533,0.01568627543747425,0.40236788988113403,0.8329114317893982,0.016761001275510203,0.00029894770408163266,0.2525663375854492,928.2978892471334,16947.95137117347,0.07792570153061225,0.02424788288772106,0.304264738683613,100.0,0.5887709467067994,100.0,34,96
real,eval_obs_20260828_172525,96,1,0.5146169662475586,0.45976558327674866,0.43438881635665894,0.4695947468280792,0.30635637044906616,0.010081568732857704,0.526462733745575,0.8687607645988464,0.04025829081632653,0.0001992984693877551,0.29274851083755493,1127.7299764391682,16444.82393973214,0.07330197704081633,0.02140939049422741,0.2534430172906973,63.1578947368421,0.5887709467067994,100.0,34,96
real,eval_obs_20260828_172525,120,0,0.47788330912590027,0.4269478917121887,0.4157884120941162,0.4369710385799408,0.2806567847728729,0.015410981141030788,0.401059627532959,0.8331584930419922,0.014967315051020409,0.00013950892857142856,0.2529643476009369,940.6844888883348,16968.49760841837,0.07985889668367346,0.02449433133006096,0.3206852779137568,100.0,0.6606517488433307,100.0,34,100
real,eval_obs_20260828_172525,120,1,0.5206813216209412,0.4657575786113739,0.44127997756004333,0.4756670594215393,0.30469492077827454,0.010894902050495148,0.5369043350219727,0.8687607645988464,0.036212531887755105,9.964923469387755e-05,0.28306710720062256,1122.4202003776904,16111.410235969388,0.07384008290816327,0.020519208163022995,0.24955203816249955,57.89473684210527,0.6606517488433307,100.0,34,100
real,eval_obs_20260828_172525,144,0,0.47952643036842346,0.4287853240966797,0.41781720519065857,0.4387809932231903,0.28096848726272583,0.015387451276183128,0.4041074514389038,0.8356956839561462,0.018694196428571428,0.0001992984693877551,0.2501791715621948,926.7991477584203,16913.80034279337,0.07934072066326531,0.02448282577097416,0.3282885447399809,100.0,0.8087266992232358,100.0,34,142
real,eval_obs_20260828_172525,144,1,0.5340391397476196,0.4817599952220917,0.45657217502593994,0.49105605483055115,0.31363293528556824,0.011198431253433228,0.5455451607704163,0.8914768099784851,0.032924107142857144,0.0,0.27867642045021057,1160.3076626965526,17210.096819196428,0.08103475765306123,0.020383933559060097,0.2616156806539246,65.78947368421053,0.8087266992232358,100.0,34,142
real,eval_obs_20260828_172525,168,0,0.48380815982818604,0.4331132173538208,0.42191991209983826,0.44308289885520935,0.2826140224933624,0.016524706035852432,0.4119105935096741,0.8508157134056091,0.016661352040816327,0.00011957908163265306,0.25000831484794617,946.8386368693931,17103.453523596938,0.07946029974489796,0.024281969293951988,0.32204867731338827,100.0,0.7494254339120532,100.0,34,142
real,eval_obs_20260828_172525,168,1,0.5385497212409973,0.4859197437763214,0.46049702167510986,0.4952733814716339,0.31146225333213806,0.01316941250115633,0.5469655394554138,0.8906431198120117,0.02716438137755102,1.992984693877551e-05,0.27169471979141235,1230.5173604342401,17580.588249362245,0.0830078125,0.020695975050330162,0.2732578126441686,68.42105263157895,0.7494254339120532,100.0,34,142
real,eval_obs_20260828_172525,192,0,0.48618176579475403,0.4358253479003906,0.424524188041687,0.4457152187824249,0.284158319234848,0.01709097996354103,0.41500234603881836,0.8558745384216309,0.013771524234693877,0.0001793686224489796,0.2491023987531662,956.3839789263064,17275.586814413266,0.08147321428571429,0.024079782888293266,0.33019608693408165,100.0,0.7259917679910864,100.0,34,146
real,eval_obs_20260828_172525,192,1,0.5378481149673462,0.48371490836143494,0.4583089351654053,0.4933893382549286,0.30753186345100403,0.013735687360167503,0.5453137755393982,0.8774376511573792,0.019909917091836735,1.992984693877551e-05,0.2693275213241577,1191.2514985961152,17634.115314094386,0.08187181122448979,0.020525634288787842,0.2729192083059063,68.42105263157895,0.7259917679910864,100.0,34,146
real,eval_obs_20260828_172525,216,0,0.4881066679954529,0.4377669095993042,0.4267595708370209,0.447674423456192,0.28555139899253845,0.017358431592583656,0.4175395965576172,0.8597961068153381,0.014050542091836735,0.00011957908163265306,0.24922364950180054,975.2543750013822,17483.936742665817,0.08041693239795919,0.024170035496354103,0.31636355665267185,100.0,0.7022440177419905,100.0,34,149
real,eval_obs_20260828_172525,216,1,0.535574734210968,0.4801047444343567,0.45478665828704834,0.4900696873664856,0.30419668555259705,0.016447843983769417,0.5382885932922363,0.8687607645988464,0.020049426020408163,1.992984693877551e-05,0.26957616209983826,1230.4686987482473,17971.808514030614,0.0826889349489796,0.021230600774288177,0.2867377330788813,73.68421052631578,0.7022440177419905,100.0,34,149
