episode,frame,mode,hand,valid_steps,next8_endpoint_error_mm,next8_pred_path_mm,next8_gt_path_mm
4,0,RGB,left,32,0.3926193416118622,0.27907076478004456,0.3915656805038452
4,0,RGB,right,32,1.115842580795288,0.73921799659729,0.5907493233680725
4,0,BGR,left,32,3.647007465362549,3.795666217803955,0.3915656805038452
4,0,BGR,right,32,0.4113653600215912,0.6140738129615784,0.5907493233680725
4,1,RGB,left,32,0.3343523144721985,0.3660601079463959,0.41786399483680725
4,1,RGB,right,32,0.7905893325805664,0.4721590578556061,0.5739318132400513
4,1,BGR,left,32,1.2128551006317139,1.013891577720642,0.41786399483680725
4,1,BGR,right,32,0.5352953672409058,0.2100268006324768,0.5739318132400513
4,2,RGB,left,32,0.623383641242981,0.6881399154663086,0.48041069507598877
4,2,RGB,right,32,1.1289552450180054,0.9452627897262573,0.5783483982086182
4,2,BGR,left,32,3.4428510665893555,3.6896228790283203,0.48041069507598877
4,2,BGR,right,32,0.706203281879425,0.7904513478279114,0.5783483982086182
4,3,RGB,left,32,0.48893439769744873,0.30991095304489136,0.5994733572006226
4,3,RGB,right,32,1.3720908164978027,1.3097493648529053,0.614323616027832
4,3,BGR,left,32,3.071648359298706,3.204881191253662,0.5994733572006226
4,3,BGR,right,32,0.6058909893035889,0.46722176671028137,0.614323616027832
4,4,RGB,left,32,0.6604990363121033,0.19175131618976593,0.6985534429550171
4,4,RGB,right,32,0.5641487240791321,0.6555622816085815,0.6862629652023315
4,4,BGR,left,32,1.10990309715271,0.7379182577133179,0.6985534429550171
4,4,BGR,right,32,0.6679834723472595,0.5420601963996887,0.6862629652023315
4,5,RGB,left,32,0.4851889908313751,0.39587441086769104,0.7458107471466064
4,5,RGB,right,32,0.6217107176780701,0.8798510432243347,0.7982496023178101
4,5,BGR,left,32,1.3093359470367432,0.9230936169624329,0.7458107471466064
4,5,BGR,right,32,0.8266453742980957,0.2913559675216675,0.7982496023178101
4,6,RGB,left,32,0.5729252099990845,0.46629950404167175,0.7653844952583313
4,6,RGB,right,32,0.8217582106590271,0.2751298248767853,0.9450377821922302
4,6,BGR,left,32,0.6946539282798767,0.6857737898826599,0.7653844952583313
4,6,BGR,right,32,0.915347695350647,0.5402579307556152,0.9450377821922302
4,7,RGB,left,32,0.5596776008605957,0.3765318989753723,0.7864422798156738
4,7,RGB,right,32,0.46859806776046753,1.0609548091888428,1.1155388355255127
4,7,BGR,left,32,1.4644089937210083,1.0149905681610107,0.7864422798156738
4,7,BGR,right,32,0.8475837111473083,0.32130029797554016,1.1155388355255127
4,8,RGB,left,32,2.8464503288269043,2.6206071376800537,0.8230012655258179
4,8,RGB,right,32,1.3600188493728638,0.4538997411727905,1.294166922569275
4,8,BGR,left,32,5.7875142097473145,6.099674224853516,0.8230012655258179
4,8,BGR,right,32,1.9230281114578247,0.8243974447250366,1.294166922569275
4,9,RGB,left,32,0.44152581691741943,0.6485702395439148,0.8563908338546753
4,9,RGB,right,32,0.6245124936103821,0.8803135752677917,1.428999662399292
4,9,BGR,left,32,1.0933586359024048,1.1617013216018677,0.8563908338546753
4,9,BGR,right,32,1.8241842985153198,0.5066037774085999,1.428999662399292
4,10,RGB,left,32,0.6711914539337158,0.4105185866355896,0.8260630369186401
4,10,RGB,right,32,1.2691450119018555,0.3167587220668793,1.4762219190597534
4,10,BGR,left,32,0.9514513611793518,0.7422898411750793,0.8260630369186401
4,10,BGR,right,32,1.2421422004699707,0.6235505938529968,1.4762219190597534
4,11,RGB,left,32,0.6721394658088684,0.29492104053497314,0.7200959324836731
4,11,RGB,right,32,0.8305723071098328,0.6550816893577576,1.4913629293441772
4,11,BGR,left,32,1.6689528226852417,2.4571659564971924,0.7200959324836731
4,11,BGR,right,32,2.25121808052063,0.8841516971588135,1.4913629293441772
4,12,RGB,left,32,2.2752883434295654,2.299689292907715,0.6416103839874268
4,12,RGB,right,32,1.6283854246139526,0.5467147827148438,1.508973479270935
4,12,BGR,left,32,3.71179461479187,4.140278339385986,0.6416103839874268
4,12,BGR,right,32,2.1280972957611084,0.7459154725074768,1.508973479270935
4,13,RGB,left,32,0.23360025882720947,0.5173890590667725,0.6215972900390625
4,13,RGB,right,32,1.151714563369751,0.43948230147361755,1.458729863166809
4,13,BGR,left,32,0.4255562722682953,0.675902247428894,0.6215972900390625
4,13,BGR,right,32,1.0114363431930542,0.7293501496315002,1.458729863166809
4,14,RGB,left,32,0.35807564854621887,0.39154496788978577,0.6042842268943787
4,14,RGB,right,32,0.8355871438980103,0.608009934425354,1.321683645248413
4,14,BGR,left,32,1.005911111831665,0.7619439363479614,0.6042842268943787
4,14,BGR,right,32,1.1202569007873535,0.26554426550865173,1.321683645248413
4,15,RGB,left,32,0.25028127431869507,0.42165204882621765,0.5948500633239746
4,15,RGB,right,32,0.36006930470466614,0.7838845252990723,1.146019458770752
4,15,BGR,left,32,0.9784907102584839,0.7773796319961548,0.5948500633239746
4,15,BGR,right,32,1.204440951347351,0.26801666617393494,1.146019458770752
4,16,RGB,left,32,0.6814473271369934,0.4059322476387024,0.6475427746772766
4,16,RGB,right,32,0.3815167248249054,0.7376139760017395,0.9879903197288513
4,16,BGR,left,32,1.1903116703033447,0.8007115721702576,0.6475427746772766
4,16,BGR,right,32,0.9072117209434509,0.16818594932556152,0.9879903197288513
4,17,RGB,left,32,0.4554242491722107,0.8504095077514648,0.8098404407501221
4,17,RGB,right,32,0.4455525279045105,1.0249899625778198,0.8620756268501282
4,17,BGR,left,32,3.9662768840789795,4.807252407073975,0.8098404407501221
4,17,BGR,right,32,1.499742031097412,0.8595598340034485,0.8620756268501282
4,18,RGB,left,32,0.9540162086486816,0.3565959632396698,1.125491976737976
4,18,RGB,right,32,0.764930784702301,1.1423462629318237,0.7444185614585876
4,18,BGR,left,32,2.7648262977600098,3.7689008712768555,1.125491976737976
4,18,BGR,right,32,1.355665922164917,0.8430666923522949,0.7444185614585876
4,19,RGB,left,32,1.7189821004867554,0.2664555311203003,1.6501059532165527
4,19,RGB,right,32,0.6342528462409973,0.8687307834625244,0.6306566596031189
4,19,BGR,left,32,2.3152849674224854,1.2589707374572754,1.6501059532165527
4,19,BGR,right,32,0.6693596839904785,0.32480818033218384,0.6306566596031189
4,20,RGB,left,32,1.8096392154693604,4.125495433807373,2.3994383811950684
4,20,RGB,right,32,0.22706009447574615,0.3966328799724579,0.5524830222129822
4,20,BGR,left,32,3.7612054347991943,5.929156303405762,2.3994383811950684
4,20,BGR,right,32,1.1201238632202148,0.9889365434646606,0.5524830222129822
4,21,RGB,left,32,0.8743991851806641,3.925570249557495,3.3684608936309814
4,21,RGB,right,32,0.157840758562088,0.3764042854309082,0.5634961128234863
4,21,BGR,left,32,3.0358846187591553,5.875250816345215,3.3684608936309814
4,21,BGR,right,32,0.8086475133895874,0.7869439721107483,0.5634961128234863
4,22,RGB,left,32,1.4671950340270996,3.17795729637146,4.640786647796631
4,22,RGB,right,32,0.30014973878860474,0.3203349709510803,0.6356335282325745
4,22,BGR,left,32,1.5820379257202148,4.723290920257568,4.640786647796631
4,22,BGR,right,32,0.8732537031173706,1.0165358781814575,0.6356335282325745
4,23,RGB,left,32,2.2498791217803955,4.01295280456543,6.263422012329102
4,23,RGB,right,32,0.40709978342056274,0.36927127838134766,0.7296118140220642
4,23,BGR,left,32,1.797510027885437,6.498558044433594,6.263422012329102
4,23,BGR,right,32,0.7938685417175293,0.8969468474388123,0.7296118140220642
4,24,RGB,left,32,0.7748807668685913,7.5003886222839355,8.244426727294922
4,24,RGB,right,32,0.49825751781463623,0.4418585002422333,0.8259411454200745
4,24,BGR,left,32,2.9562036991119385,5.9554595947265625,8.244426727294922
4,24,BGR,right,32,0.7631615400314331,0.8557844161987305,0.8259411454200745
4,25,RGB,left,32,0.8048571944236755,9.938374519348145,10.418848037719727
4,25,RGB,right,32,0.6772152781486511,0.4416915774345398,0.921751081943512
4,25,BGR,left,32,5.259301662445068,5.290875434875488,10.418848037719727
4,25,BGR,right,32,1.152017593383789,1.1030809879302979,0.921751081943512
4,26,RGB,left,32,2.755016326904297,9.76572322845459,12.400800704956055
4,26,RGB,right,32,0.7289488315582275,0.38895803689956665,1.0562200546264648
4,26,BGR,left,32,6.816486835479736,5.794480800628662,12.400800704956055
4,26,BGR,right,32,1.2057887315750122,0.9849192500114441,1.0562200546264648
4,27,RGB,left,32,1.4634374380111694,12.875144004821777,14.118172645568848
4,27,RGB,right,32,1.0063689947128296,0.8528674244880676,1.2504428625106812
4,27,BGR,left,32,8.899613380432129,5.323497772216797,14.118172645568848
4,27,BGR,right,32,1.3070372343063354,0.7220509052276611,1.2504428625106812
4,28,RGB,left,32,0.9331603050231934,14.918804168701172,15.82419490814209
4,28,RGB,right,32,0.7749426960945129,0.8206517100334167,1.4789079427719116
4,28,BGR,left,32,8.970108985900879,6.840688228607178,15.82419490814209
4,28,BGR,right,32,1.537138819694519,0.6483513712882996,1.4789079427719116
4,29,RGB,left,32,2.7800278663635254,14.976325988769531,17.660118103027344
4,29,RGB,right,32,0.5293710231781006,1.2372052669525146,1.6704705953598022
4,29,BGR,left,32,11.79035758972168,5.881643295288086,17.660118103027344
4,29,BGR,right,32,1.7250089645385742,0.6567500829696655,1.6704705953598022
4,30,RGB,left,32,2.397038459777832,17.44361686706543,19.600778579711914
4,30,RGB,right,32,0.6051461696624756,1.1351722478866577,1.8226755857467651
4,30,BGR,left,32,13.276203155517578,6.284817695617676,19.600778579711914
4,30,BGR,right,32,1.8097379207611084,0.3747687339782715,1.8226755857467651
4,31,RGB,left,32,2.8762731552124023,19.257530212402344,21.530181884765625
4,31,RGB,right,32,0.6012030243873596,1.2861872911453247,1.9507184028625488
4,31,BGR,left,32,14.608186721801758,6.976100444793701,21.530181884765625
4,31,BGR,right,32,1.996132731437683,0.5579426288604736,1.9507184028625488
4,32,RGB,left,32,0.6607756614685059,23.06982421875,23.161500930786133
4,32,RGB,right,32,0.3404357135295868,1.7184734344482422,2.0416674613952637
4,32,BGR,left,32,15.66112232208252,7.837979316711426,23.161500930786133
4,32,BGR,right,32,1.8304369449615479,0.665261447429657,2.0416674613952637
4,33,RGB,left,32,2.038191318511963,22.9467830657959,24.561809539794922
4,33,RGB,right,32,0.6165316104888916,1.5299543142318726,2.1223037242889404
4,33,BGR,left,32,18.06646156311035,7.631214141845703,24.561809539794922
4,33,BGR,right,32,2.0036396980285645,0.46369674801826477,2.1223037242889404
4,34,RGB,left,32,2.5520057678222656,23.832414627075195,26.177637100219727
4,34,RGB,right,32,0.6807405948638916,1.5748438835144043,2.2094812393188477
4,34,BGR,left,32,18.73322296142578,8.193699836730957,26.177637100219727
4,34,BGR,right,32,1.9226034879684448,0.7000519633293152,2.2094812393188477
4,35,RGB,left,32,0.734652578830719,27.541000366210938,28.069625854492188
4,35,RGB,right,32,1.0451011657714844,1.170352816581726,2.2480742931365967
4,35,BGR,left,32,20.76217269897461,8.413344383239746,28.069625854492188
4,35,BGR,right,32,1.9601134061813354,0.4411722421646118,2.2480742931365967
4,36,RGB,left,32,1.8346152305603027,30.97579574584961,29.811819076538086
4,36,RGB,right,32,0.735429048538208,1.4748207330703735,2.1924009323120117
4,36,BGR,left,32,19.11428451538086,11.112749099731445,29.811819076538086
4,36,BGR,right,32,1.6404838562011719,0.5869826078414917,2.1924009323120117
4,37,RGB,left,32,1.8521404266357422,30.773174285888672,30.96737289428711
4,37,RGB,right,32,0.8377426266670227,1.3158862590789795,2.0955288410186768
4,37,BGR,left,32,19.153942108154297,12.340627670288086,30.96737289428711
4,37,BGR,right,32,1.996176838874817,0.3889029920101166,2.0955288410186768
4,38,RGB,left,32,1.1320818662643433,30.7313175201416,31.460859298706055
4,38,RGB,right,32,0.7862002849578857,1.568981409072876,2.0207417011260986
4,38,BGR,left,32,19.256559371948242,12.280426025390625,31.460859298706055
4,38,BGR,right,32,1.5039222240447998,0.5869275331497192,2.0207417011260986
4,39,RGB,left,32,0.9745256900787354,31.585838317871094,31.421161651611328
4,39,RGB,right,32,0.7117334008216858,1.246195673942566,1.9944769144058228
4,39,BGR,left,32,18.442358016967773,13.14079761505127,31.421161651611328
4,39,BGR,right,32,1.586319923400879,0.4857722520828247,1.9944769144058228
4,40,RGB,left,32,1.4942457675933838,31.92696762084961,31.151309967041016
4,40,RGB,right,32,0.8594594597816467,1.2267259359359741,2.004300832748413
4,40,BGR,left,32,15.047818183898926,16.36394691467285,31.151309967041016
4,40,BGR,right,32,1.6920579671859741,0.4433213472366333,2.004300832748413
4,41,RGB,left,32,1.7224379777908325,31.413105010986328,30.93035888671875
4,41,RGB,right,32,0.8215078115463257,1.4130293130874634,2.0192666053771973
4,41,BGR,left,32,14.846028327941895,16.28791618347168,30.93035888671875
4,41,BGR,right,32,1.50799560546875,0.4931114912033081,2.0192666053771973
4,42,RGB,left,32,1.3492469787597656,30.22696876525879,30.754680633544922
4,42,RGB,right,32,0.41638055443763733,1.5944340229034424,2.0077879428863525
4,42,BGR,left,32,14.666921615600586,16.547269821166992,30.754680633544922
4,42,BGR,right,32,1.6995689868927002,0.44975176453590393,2.0077879428863525
4,43,RGB,left,32,2.6862130165100098,27.638561248779297,30.240379333496094
4,43,RGB,right,32,0.3896147310733795,1.806239366531372,1.954661250114441
4,43,BGR,left,32,14.915510177612305,15.566095352172852,30.240379333496094
4,43,BGR,right,32,1.5931404829025269,0.44601958990097046,1.954661250114441
4,44,RGB,left,32,1.3837387561798096,28.353137969970703,29.128700256347656
4,44,RGB,right,32,0.1571875810623169,1.759477972984314,1.8603965044021606
4,44,BGR,left,32,12.882987022399902,16.523977279663086,29.128700256347656
4,44,BGR,right,32,1.440085768699646,0.49378618597984314,1.8603965044021606
4,45,RGB,left,32,0.25444459915161133,27.91683006286621,27.776477813720703
4,45,RGB,right,32,0.6956623196601868,1.1546145677566528,1.749238133430481
4,45,BGR,left,32,11.850686073303223,16.165205001831055,27.776477813720703
4,45,BGR,right,32,1.6996090412139893,0.38524147868156433,1.749238133430481
4,46,RGB,left,32,0.5927801728248596,28.200428009033203,27.697120666503906
4,46,RGB,right,32,0.6265246272087097,1.1226142644882202,1.6586089134216309
4,46,BGR,left,32,10.846648216247559,17.146705627441406,27.697120666503906
4,46,BGR,right,32,1.270450472831726,0.5567806363105774,1.6586089134216309
4,47,RGB,left,32,1.2196719646453857,28.708356857299805,29.81642723083496
4,47,RGB,right,32,0.3928316533565521,1.3509739637374878,1.578159213066101
4,47,BGR,left,32,12.639473915100098,17.577184677124023,29.81642723083496
4,47,BGR,right,32,0.9625898003578186,0.7268837094306946,1.578159213066101
4,48,RGB,left,32,1.4233458042144775,33.51122283935547,32.31394577026367
4,48,RGB,right,32,0.3481610119342804,1.2799420356750488,1.4489387273788452
4,48,BGR,left,32,12.090893745422363,20.282623291015625,32.31394577026367
4,48,BGR,right,32,1.0091602802276611,0.6263936161994934,1.4489387273788452
4,49,RGB,left,32,1.0721266269683838,33.34368896484375,33.79594421386719
4,49,RGB,right,32,0.3259797692298889,1.4245668649673462,1.2917426824569702
4,49,BGR,left,32,13.9689302444458,19.955123901367188,33.79594421386719
4,49,BGR,right,32,0.8701935410499573,0.6025463938713074,1.2917426824569702
4,50,RGB,left,32,0.47294217348098755,34.34453201293945,34.53408432006836
4,50,RGB,right,32,0.3485338091850281,1.514583945274353,1.162315011024475
4,50,BGR,left,32,13.451918601989746,21.0277099609375,34.53408432006836
4,50,BGR,right,32,0.7543348670005798,0.8886023163795471,1.162315011024475
4,51,RGB,left,32,1.2183363437652588,35.524784088134766,35.26290512084961
4,51,RGB,right,32,0.670413076877594,1.744075894355774,1.0608419179916382
4,51,BGR,left,32,12.992432594299316,22.277912139892578,35.26290512084961
4,51,BGR,right,32,0.6489354968070984,0.9212977886199951,1.0608419179916382
4,52,RGB,left,32,1.7117819786071777,36.491085052490234,36.5909423828125
4,52,RGB,right,32,0.5872426629066467,1.6153115034103394,0.9974594116210938
4,52,BGR,left,32,13.830879211425781,22.706462860107422,36.5909423828125
4,52,BGR,right,32,0.595045804977417,1.0542627573013306,0.9974594116210938
4,53,RGB,left,32,2.2803101539611816,36.90052032470703,38.38966369628906
4,53,RGB,right,32,0.6216741800308228,1.3817626237869263,1.0050020217895508
4,53,BGR,left,32,14.461007118225098,23.874032974243164,38.38966369628906
4,53,BGR,right,32,0.6880561113357544,0.8484389185905457,1.0050020217895508
4,54,RGB,left,32,2.6470448970794678,36.43943405151367,38.824649810791016
4,54,RGB,right,32,0.3696998953819275,1.2182964086532593,1.062769889831543
4,54,BGR,left,32,15.026424407958984,23.725740432739258,38.824649810791016
4,54,BGR,right,32,0.7721616625785828,0.495413213968277,1.062769889831543
4,55,RGB,left,32,2.5147316455841064,34.47058868408203,36.894630432128906
4,55,RGB,right,32,0.22039984166622162,1.207094669342041,1.1305732727050781
4,55,BGR,left,32,13.975561141967773,22.89379119873047,36.894630432128906
4,55,BGR,right,32,1.1226462125778198,0.8677240610122681,1.1305732727050781
4,56,RGB,left,32,0.9990765452384949,34.33258056640625,34.567073822021484
4,56,RGB,right,32,0.2606201767921448,1.0736116170883179,1.216786503791809
4,56,BGR,left,32,10.452778816223145,24.188791275024414,34.567073822021484
4,56,BGR,right,32,1.5584872961044312,1.1793022155761719,1.216786503791809
4,57,RGB,left,32,0.767187237739563,32.531394958496094,33.04474639892578
4,57,RGB,right,32,0.32065990567207336,1.1196247339248657,1.271960973739624
4,57,BGR,left,32,7.958225727081299,25.10856056213379,33.04474639892578
4,57,BGR,right,32,1.327642560005188,0.8316484689712524,1.271960973739624
4,58,RGB,left,32,1.9104629755020142,30.13328742980957,31.768600463867188
4,58,RGB,right,32,0.16187332570552826,1.1087493896484375,1.2616724967956543
4,58,BGR,left,32,7.66746187210083,24.091724395751953,31.768600463867188
4,58,BGR,right,32,1.594757318496704,1.0660791397094727,1.2616724967956543
4,59,RGB,left,32,0.7893698811531067,30.094112396240234,30.20026397705078
4,59,RGB,right,32,0.2547835111618042,1.1332502365112305,1.2470027208328247
4,59,BGR,left,32,5.681341171264648,24.504487991333008,30.20026397705078
4,59,BGR,right,32,1.6844775676727295,1.083587408065796,1.2470027208328247
4,60,RGB,left,32,1.4364272356033325,29.85535430908203,28.906686782836914
4,60,RGB,right,32,0.3158555328845978,0.9803145527839661,1.305335283279419
4,60,BGR,left,32,4.30510950088501,24.695552825927734,28.906686782836914
4,60,BGR,right,32,2.0958468914031982,1.4292304515838623,1.305335283279419
4,61,RGB,left,32,1.0346884727478027,29.301908493041992,28.609909057617188
4,61,RGB,right,32,0.5179808139801025,1.011217474937439,1.39616858959198
4,61,BGR,left,32,5.622241020202637,23.108427047729492,28.609909057617188
4,61,BGR,right,32,2.2777884006500244,1.479085087776184,1.39616858959198
4,62,RGB,left,32,0.7336645722389221,27.93490982055664,28.59915542602539
4,62,RGB,right,32,0.5553397536277771,0.890759289264679,1.373435616493225
4,62,BGR,left,32,5.899656295776367,23.328758239746094,28.59915542602539
4,62,BGR,right,32,2.0025408267974854,1.0696157217025757,1.373435616493225
4,63,RGB,left,32,0.11671653389930725,28.512653350830078,28.51287269592285
4,63,RGB,right,32,0.3783116936683655,0.9665964245796204,1.2472981214523315
4,63,BGR,left,32,6.24304723739624,22.585172653198242,28.51287269592285
4,63,BGR,right,32,2.2694015502929688,1.4493765830993652,1.2472981214523315
4,64,RGB,left,32,0.3464279770851135,28.71454429626465,28.480188369750977
4,64,RGB,right,32,0.24646951258182526,0.9501789212226868,1.1333214044570923
4,64,BGR,left,32,5.915245532989502,22.775630950927734,28.480188369750977
4,64,BGR,right,32,2.036316394805908,1.3273236751556396,1.1333214044570923
4,65,RGB,left,32,1.0534324645996094,27.395416259765625,28.366695404052734
4,65,RGB,right,32,0.18404607474803925,1.075393557548523,1.0964924097061157
4,65,BGR,left,32,7.41073751449585,21.04104232788086,28.366695404052734
4,65,BGR,right,32,2.3478848934173584,1.710828185081482,1.0964924097061157
4,66,RGB,left,32,0.30398184061050415,28.094831466674805,28.363798141479492
4,66,RGB,right,32,0.09957505762577057,1.0909199714660645,1.1302111148834229
4,66,BGR,left,32,6.182010650634766,22.20425796508789,28.363798141479492
4,66,BGR,right,32,2.156287670135498,1.5479592084884644,1.1302111148834229
4,67,RGB,left,32,0.34669506549835205,28.556034088134766,28.722497940063477
4,67,RGB,right,32,0.22520288825035095,0.971770703792572,1.189929485321045
4,67,BGR,left,32,6.34375,22.394821166992188,28.722497940063477
4,67,BGR,right,32,2.2975058555603027,1.7501240968704224,1.189929485321045
4,68,RGB,left,32,1.5442641973495483,27.207550048828125,28.641054153442383
4,68,RGB,right,32,0.1507188379764557,1.0490669012069702,1.188776969909668
4,68,BGR,left,32,7.399709224700928,21.327234268188477,28.641054153442383
4,68,BGR,right,32,2.166616439819336,1.7374123334884644,1.188776969909668
4,69,RGB,left,32,1.535071849822998,26.114925384521484,27.516965866088867
4,69,RGB,right,32,0.19269900023937225,0.9833787083625793,1.1143618822097778
4,69,BGR,left,32,6.219482898712158,21.507123947143555,27.516965866088867
4,69,BGR,right,32,1.9242256879806519,1.5389399528503418,1.1143618822097778
4,70,RGB,left,32,0.48507222533226013,26.64471435546875,26.4195499420166
4,70,RGB,right,32,0.2801046669483185,0.8446621894836426,1.0733534097671509
4,70,BGR,left,32,6.294821262359619,20.483806610107422,26.4195499420166
4,70,BGR,right,32,1.430424690246582,1.0923213958740234,1.0733534097671509
4,71,RGB,left,32,0.5725693702697754,25.8774356842041,25.52043342590332
4,71,RGB,right,32,0.35620278120040894,0.8241567611694336,1.0799092054367065
4,71,BGR,left,32,5.6854023933410645,20.183395385742188,25.52043342590332
4,71,BGR,right,32,1.6120824813842773,1.250744342803955,1.0799092054367065
4,72,RGB,left,32,1.2707901000976562,25.655664443969727,24.457408905029297
4,72,RGB,right,32,0.5535587072372437,0.8759118914604187,1.0944790840148926
4,72,BGR,left,32,5.108501434326172,19.787796020507812,24.457408905029297
4,72,BGR,right,32,1.5086241960525513,1.1569976806640625,1.0944790840148926
4,73,RGB,left,32,0.6872880458831787,23.729177474975586,23.406862258911133
4,73,RGB,right,32,0.5299932956695557,0.8605707883834839,1.1119948625564575
4,73,BGR,left,32,6.027767181396484,17.758939743041992,23.406862258911133
4,73,BGR,right,32,1.4820802211761475,1.212289571762085,1.1119948625564575
4,74,RGB,left,32,1.11659574508667,21.310638427734375,22.415630340576172
4,74,RGB,right,32,0.520839273929596,0.7278468608856201,1.117674469947815
4,74,BGR,left,32,5.638679027557373,16.934701919555664,22.415630340576172
4,74,BGR,right,32,1.3674637079238892,0.8241204023361206,1.117674469947815
4,75,RGB,left,32,0.7258686423301697,20.66617774963379,21.3522891998291
4,75,RGB,right,32,0.5420415997505188,0.6937162280082703,1.0957612991333008
4,75,BGR,left,32,4.889918327331543,16.543506622314453,21.3522891998291
4,75,BGR,right,32,1.3562058210372925,0.8609371185302734,1.0957612991333008
4,76,RGB,left,32,0.9114986062049866,19.332687377929688,20.08380126953125
4,76,RGB,right,32,0.5030137300491333,0.8377793431282043,1.05787193775177
4,76,BGR,left,32,5.837728500366211,14.619690895080566,20.08380126953125
4,76,BGR,right,32,1.215891718864441,0.933417558670044,1.05787193775177
4,77,RGB,left,32,0.4075171947479248,18.545499801635742,18.53997039794922
4,77,RGB,right,32,0.5238043069839478,0.7289330959320068,1.0312162637710571
4,77,BGR,left,32,4.705161094665527,14.13626766204834,18.53997039794922
4,77,BGR,right,32,1.1840965747833252,0.8777438402175903,1.0312162637710571
4,78,RGB,left,32,0.4354757070541382,16.77533721923828,16.739025115966797
4,78,RGB,right,32,0.5548028945922852,0.6826611757278442,1.0263104438781738
4,78,BGR,left,32,4.657668113708496,12.138882637023926,16.739025115966797
4,78,BGR,right,32,1.272242546081543,0.9819390177726746,1.0263104438781738
4,79,RGB,left,32,0.17243045568466187,14.971672058105469,14.892287254333496
4,79,RGB,right,32,0.38177812099456787,0.89640212059021,1.0417509078979492
4,79,BGR,left,32,5.3017706871032715,9.908965110778809,14.892287254333496
4,79,BGR,right,32,1.0404295921325684,0.8685747981071472,1.0417509078979492
4,80,RGB,left,32,0.8754193186759949,12.672283172607422,13.390061378479004
4,80,RGB,right,32,0.36401304602622986,0.8557227253913879,1.138277530670166
4,80,BGR,left,32,6.200998306274414,7.776346683502197,13.390061378479004
4,80,BGR,right,32,0.9326661229133606,0.5567856431007385,1.138277530670166
4,81,RGB,left,32,0.9909776449203491,11.5110502243042,12.386490821838379
4,81,RGB,right,32,0.4870092272758484,0.920139491558075,1.3150898218154907
4,81,BGR,left,32,5.905766010284424,6.970761299133301,12.386490821838379
4,81,BGR,right,32,1.0172669887542725,0.7433030605316162,1.3150898218154907
4,82,RGB,left,32,1.365285038948059,10.2106351852417,11.40774154663086
4,82,RGB,right,32,0.4904659688472748,1.0002332925796509,1.442561149597168
4,82,BGR,left,32,5.850076675415039,6.324792385101318,11.40774154663086
4,82,BGR,right,32,1.10077702999115,0.6799108386039734,1.442561149597168
4,83,RGB,left,32,1.0992743968963623,9.368376731872559,10.296902656555176
4,83,RGB,right,32,0.7279600501060486,0.9462283849716187,1.5021758079528809
4,83,BGR,left,32,5.166560649871826,5.879449844360352,10.296902656555176
4,83,BGR,right,32,1.2545591592788696,0.5762573480606079,1.5021758079528809
4,84,RGB,left,32,0.9354531168937683,8.473583221435547,9.313669204711914
4,84,RGB,right,32,0.6439433097839355,0.918233335018158,1.5200809240341187
4,84,BGR,left,32,4.14377498626709,6.020371437072754,9.313669204711914
4,84,BGR,right,32,1.4365276098251343,0.5033321380615234,1.5200809240341187
4,85,RGB,left,32,0.8350628614425659,7.7780890464782715,8.50588321685791
4,85,RGB,right,32,0.551500678062439,0.9316640496253967,1.4750144481658936
4,85,BGR,left,32,3.641002893447876,5.886329174041748,8.50588321685791
4,85,BGR,right,32,1.4008748531341553,0.5500518083572388,1.4750144481658936
4,86,RGB,left,32,0.9478419423103333,7.288257598876953,7.920555591583252
4,86,RGB,right,32,0.6228668689727783,0.7693994045257568,1.43159818649292
4,86,BGR,left,32,3.427217483520508,5.855705261230469,7.920555591583252
4,86,BGR,right,32,1.3187347650527954,0.5622301697731018,1.43159818649292
4,87,RGB,left,32,0.6493911147117615,7.257275581359863,7.846020221710205
4,87,RGB,right,32,0.5241760015487671,0.7895971536636353,1.449379324913025
4,87,BGR,left,32,2.8214712142944336,6.364002227783203,7.846020221710205
4,87,BGR,right,32,1.2800819873809814,0.49739643931388855,1.449379324913025
4,88,RGB,left,32,1.072581171989441,7.003052234649658,8.003045082092285
4,88,RGB,right,32,0.47676587104797363,0.7432186007499695,1.4216669797897339
4,88,BGR,left,32,2.987264394760132,6.788637161254883,8.003045082092285
4,88,BGR,right,32,1.226477026939392,0.5156075358390808,1.4216669797897339
4,89,RGB,left,32,0.4619278311729431,7.574732780456543,7.707808494567871
4,89,RGB,right,32,0.3614186644554138,0.7956677079200745,1.3038315773010254
4,89,BGR,left,32,2.346562623977661,7.5177764892578125,7.707808494567871
4,89,BGR,right,32,1.3220304250717163,0.6070688962936401,1.3038315773010254
4,90,RGB,left,32,0.2532137334346771,7.286971569061279,7.303762912750244
4,90,RGB,right,32,0.3289811611175537,0.9717233180999756,1.2248328924179077
4,90,BGR,left,32,2.506775140762329,8.049359321594238,7.303762912750244
4,90,BGR,right,32,1.3175345659255981,0.49989408254623413,1.2248328924179077
4,91,RGB,left,32,0.337638795375824,7.062497615814209,7.187526702880859
4,91,RGB,right,32,0.4370326101779938,0.9685003757476807,1.2107315063476562
4,91,BGR,left,32,2.287029266357422,7.895590782165527,7.187526702880859
4,91,BGR,right,32,1.3635649681091309,0.4377734661102295,1.2107315063476562
4,92,RGB,left,32,0.5249672532081604,7.612917423248291,7.213720321655273
4,92,RGB,right,32,0.27567026019096375,1.1591041088104248,1.2187703847885132
4,92,BGR,left,32,2.2963576316833496,7.9688029289245605,7.213720321655273
4,92,BGR,right,32,1.5138434171676636,0.4694172143936157,1.2187703847885132
4,93,RGB,left,32,0.8917303085327148,8.01840877532959,7.147441387176514
4,93,RGB,right,32,0.14523957669734955,1.270625114440918,1.2570756673812866
4,93,BGR,left,32,2.2587153911590576,9.035606384277344,7.147441387176514
4,93,BGR,right,32,1.492152452468872,0.41114506125450134,1.2570756673812866
4,94,RGB,left,32,0.7675310373306274,7.79775333404541,7.090665340423584
4,94,RGB,right,32,0.08743995428085327,1.2980928421020508,1.33725905418396
4,94,BGR,left,32,2.1320621967315674,8.994290351867676,7.090665340423584
4,94,BGR,right,32,1.493570327758789,0.37156105041503906,1.33725905418396
4,95,RGB,left,32,1.1089649200439453,8.153292655944824,7.17050313949585
4,95,RGB,right,32,0.13259966671466827,1.4357205629348755,1.4405401945114136
4,95,BGR,left,32,2.1388440132141113,9.166205406188965,7.17050313949585
4,95,BGR,right,32,1.6693518161773682,0.40184664726257324,1.4405401945114136
4,96,RGB,left,32,0.9763581156730652,8.163426399230957,7.261270523071289
4,96,RGB,right,32,0.1716661900281906,1.385764241218567,1.4932023286819458
4,96,BGR,left,32,2.2123630046844482,9.32779312133789,7.261270523071289
4,96,BGR,right,32,1.5634338855743408,0.2795325219631195,1.4932023286819458
4,97,RGB,left,32,0.8656697273254395,8.185138702392578,7.454944610595703
4,97,RGB,right,32,0.2005416750907898,1.5574091672897339,1.4775991439819336
4,97,BGR,left,32,2.0692176818847656,9.178239822387695,7.454944610595703
4,97,BGR,right,32,1.4577909708023071,0.34702545404434204,1.4775991439819336
4,98,RGB,left,32,0.93843013048172,8.566438674926758,7.822767734527588
4,98,RGB,right,32,0.16404789686203003,1.3498802185058594,1.441448450088501
4,98,BGR,left,32,2.4074599742889404,9.560376167297363,7.822767734527588
4,98,BGR,right,32,1.4428355693817139,0.3782567083835602,1.441448450088501
4,99,RGB,left,32,0.5011488795280457,8.657668113708496,8.184582710266113
4,99,RGB,right,32,0.24244728684425354,1.378799319267273,1.4241750240325928
4,99,BGR,left,32,2.494641065597534,9.279070854187012,8.184582710266113
4,99,BGR,right,32,1.268467664718628,0.30751359462738037,1.4241750240325928
4,100,RGB,left,32,0.4155048131942749,8.900360107421875,8.602315902709961
4,100,RGB,right,32,0.2088325470685959,1.2746788263320923,1.4426689147949219
4,100,BGR,left,32,2.3026204109191895,8.865402221679688,8.602315902709961
4,100,BGR,right,32,1.3193402290344238,0.3095104396343231,1.4426689147949219
4,101,RGB,left,32,0.34920355677604675,9.312570571899414,9.292244911193848
4,101,RGB,right,32,0.24663107097148895,1.235856533050537,1.456077218055725
4,101,BGR,left,32,2.6940906047821045,8.357551574707031,9.292244911193848
4,101,BGR,right,32,1.1855831146240234,0.42421773076057434,1.456077218055725
4,102,RGB,left,32,0.6464415788650513,9.400553703308105,9.918298721313477
4,102,RGB,right,32,0.37464532256126404,1.0146702527999878,1.3735657930374146
4,102,BGR,left,32,3.13482666015625,8.372550964355469,9.918298721313477
4,102,BGR,right,32,1.056257724761963,0.44476091861724854,1.3735657930374146
4,103,RGB,left,32,0.7641189098358154,9.342004776000977,10.005949020385742
4,103,RGB,right,32,0.49444857239723206,0.7939528226852417,1.1819076538085938
4,103,BGR,left,32,4.245213508605957,7.210376739501953,10.005949020385742
4,103,BGR,right,32,0.9437688589096069,0.44245201349258423,1.1819076538085938
4,104,RGB,left,32,0.2608926296234131,10.136916160583496,9.86490535736084
4,104,RGB,right,32,0.3241914212703705,0.7970244884490967,1.033432960510254
4,104,BGR,left,32,4.271791458129883,7.310102462768555,9.86490535736084
4,104,BGR,right,32,0.7055880427360535,0.6465831995010376,1.033432960510254
4,105,RGB,left,32,0.3664851188659668,10.264151573181152,9.983675003051758
4,105,RGB,right,32,0.43280425667762756,0.6845312714576721,0.9887326955795288
4,105,BGR,left,32,4.491472244262695,6.656620025634766,9.983675003051758
4,105,BGR,right,32,0.7048344016075134,0.575369119644165,0.9887326955795288
4,106,RGB,left,32,0.7857503890991211,10.507794380187988,9.909382820129395
4,106,RGB,right,32,0.31778961420059204,0.7116454839706421,0.9639266133308411
4,106,BGR,left,32,4.7514119148254395,6.513426303863525,9.909382820129395
4,106,BGR,right,32,0.7581641674041748,0.6791647672653198,0.9639266133308411
4,107,RGB,left,32,0.46851491928100586,9.184829711914062,9.560632705688477
4,107,RGB,right,32,0.3741278648376465,0.5679513812065125,0.936935544013977
4,107,BGR,left,32,4.838593006134033,6.131656646728516,9.560632705688477
4,107,BGR,right,32,0.7262795567512512,0.5187868475914001,0.936935544013977
4,108,RGB,left,32,0.8093661665916443,9.28501033782959,9.17575740814209
4,108,RGB,right,32,0.5209420323371887,0.47131988406181335,0.9336951971054077
4,108,BGR,left,32,4.12254524230957,6.133087635040283,9.17575740814209
4,108,BGR,right,32,0.7887861728668213,0.46278584003448486,0.9336951971054077
4,109,RGB,left,32,0.4176603853702545,8.426126480102539,8.757585525512695
4,109,RGB,right,32,0.570889413356781,0.4861558675765991,0.976854681968689
4,109,BGR,left,32,3.707374095916748,5.4395432472229,8.757585525512695
4,109,BGR,right,32,0.8966167569160461,0.41366100311279297,0.976854681968689
4,110,RGB,left,32,0.44757533073425293,8.583158493041992,8.348967552185059
4,110,RGB,right,32,0.6174885034561157,0.5413895845413208,1.0698403120040894
4,110,BGR,left,32,2.886580467224121,5.8272600173950195,8.348967552185059
4,110,BGR,right,32,1.118606686592102,0.33727189898490906,1.0698403120040894
4,111,RGB,left,32,0.61376953125,7.678664207458496,8.12893009185791
4,111,RGB,right,32,0.8035621047019958,0.7259191274642944,1.1941860914230347
4,111,BGR,left,32,2.4215409755706787,5.181258678436279,8.12893009185791
4,111,BGR,right,32,1.392643690109253,0.3999077081680298,1.1941860914230347
4,112,RGB,left,32,0.796180009841919,8.056209564208984,7.703761100769043
4,112,RGB,right,32,0.7330736517906189,0.9044784903526306,1.2881765365600586
4,112,BGR,left,32,2.411076784133911,4.5459747314453125,7.703761100769043
4,112,BGR,right,32,1.6856046915054321,0.6452398300170898,1.2881765365600586
4,113,RGB,left,32,0.6440715193748474,7.1272759437561035,6.952474594116211
4,113,RGB,right,32,0.7590587139129639,0.9579222202301025,1.3119111061096191
4,113,BGR,left,32,2.906144618988037,3.6402857303619385,6.952474594116211
4,113,BGR,right,32,1.9423182010650635,0.9885571002960205,1.3119111061096191
4,114,RGB,left,32,1.0596578121185303,7.228507995605469,6.373281002044678
4,114,RGB,right,32,0.8467761874198914,0.7873584032058716,1.3248944282531738
4,114,BGR,left,32,1.8925213813781738,4.140320301055908,6.373281002044678
4,114,BGR,right,32,1.9639918804168701,1.0611176490783691,1.3248944282531738
4,115,RGB,left,32,0.7067698836326599,6.170047283172607,6.0955071449279785
4,115,RGB,right,32,0.7059740424156189,0.824812650680542,1.3288589715957642
4,115,BGR,left,32,2.4490573406219482,4.279399394989014,6.0955071449279785
4,115,BGR,right,32,1.982028603553772,1.2571364641189575,1.3288589715957642
4,116,RGB,left,32,0.31112244725227356,6.0116071701049805,5.880249500274658
4,116,RGB,right,32,0.6672088503837585,0.8522792458534241,1.2916685342788696
4,116,BGR,left,32,2.4714736938476562,5.911032676696777,5.880249500274658
4,116,BGR,right,32,1.8127553462982178,1.2436659336090088,1.2916685342788696
4,117,RGB,left,32,0.6565006971359253,5.908352375030518,5.703423976898193
4,117,RGB,right,32,0.6230053305625916,0.8955686092376709,1.2244070768356323
4,117,BGR,left,32,2.6448557376861572,6.633879661560059,5.703423976898193
4,117,BGR,right,32,1.660495638847351,1.2616338729858398,1.2244070768356323
4,118,RGB,left,32,0.2404375970363617,5.4966206550598145,5.731179237365723
4,118,RGB,right,32,0.5534759759902954,0.7919089198112488,1.1449521780014038
4,118,BGR,left,32,3.3747847080230713,7.4113593101501465,5.731179237365723
4,118,BGR,right,32,1.5468294620513916,1.4265626668930054,1.1449521780014038
4,119,RGB,left,32,0.8893324136734009,5.968883514404297,6.2144670486450195
4,119,RGB,right,32,0.6285761594772339,0.7445464134216309,1.122931718826294
4,119,BGR,left,32,2.7576401233673096,8.637551307678223,6.2144670486450195
4,119,BGR,right,32,1.3814114332199097,1.438434362411499,1.122931718826294
4,120,RGB,left,32,0.23664310574531555,7.581543922424316,7.489449501037598
4,120,RGB,right,32,0.566321074962616,0.7399342656135559,1.1881787776947021
4,120,BGR,left,32,3.566535234451294,10.593728065490723,7.489449501037598
4,120,BGR,right,32,1.1851226091384888,1.377901554107666,1.1881787776947021
4,121,RGB,left,32,1.5178461074829102,7.672059535980225,9.108572959899902
4,121,RGB,right,32,0.4467507302761078,0.8848365545272827,1.2520208358764648
4,121,BGR,left,32,1.0379904508590698,9.547101020812988,9.108572959899902
4,121,BGR,right,32,0.9862885475158691,1.3643373250961304,1.2520208358764648
4,122,RGB,left,32,0.8833381533622742,10.338647842407227,11.002727508544922
4,122,RGB,right,32,0.18954849243164062,1.1252129077911377,1.3039997816085815
4,122,BGR,left,32,1.007484793663025,11.782966613769531,11.002727508544922
4,122,BGR,right,32,0.7007879018783569,1.3688193559646606,1.3039997816085815
4,123,RGB,left,32,0.4777326285839081,13.357488632202148,13.254056930541992
4,123,RGB,right,32,0.34621289372444153,1.0352615118026733,1.3719408512115479
4,123,BGR,left,32,1.6857246160507202,12.038887977600098,13.254056930541992
4,123,BGR,right,32,0.6619953513145447,1.2126320600509644,1.3719408512115479
4,124,RGB,left,32,1.6318882703781128,17.393564224243164,15.772126197814941
4,124,RGB,right,32,0.2945575416088104,1.1612201929092407,1.4355456829071045
4,124,BGR,left,32,1.5263469219207764,16.356760025024414,15.772126197814941
4,124,BGR,right,32,0.498637855052948,1.2174488306045532,1.4355456829071045
4,125,RGB,left,32,1.4035650491714478,19.297122955322266,18.04674530029297
4,125,RGB,right,32,0.3011939823627472,1.2483185529708862,1.4634153842926025
4,125,BGR,left,32,1.735042929649353,17.433002471923828,18.04674530029297
4,125,BGR,right,32,0.5735529065132141,1.3866117000579834,1.4634153842926025
4,126,RGB,left,32,0.7227402329444885,20.436689376831055,19.864234924316406
4,126,RGB,right,32,0.32412397861480713,1.2020471096038818,1.5239769220352173
4,126,BGR,left,32,2.09554386138916,19.284292221069336,19.864234924316406
4,126,BGR,right,32,0.615940272808075,1.4357019662857056,1.5239769220352173
4,127,RGB,left,32,0.9414297342300415,22.256229400634766,22.668033599853516
4,127,RGB,right,32,0.3838653564453125,1.1474446058273315,1.5910706520080566
4,127,BGR,left,32,2.516022205352783,20.86808967590332,22.668033599853516
4,127,BGR,right,32,0.6877811551094055,1.3400332927703857,1.5910706520080566
4,128,RGB,left,32,0.9062150120735168,27.342788696289062,27.11720085144043
4,128,RGB,right,32,0.37207484245300293,1.2900910377502441,1.522782802581787
4,128,BGR,left,32,4.536032676696777,23.041950225830078,27.11720085144043
4,128,BGR,right,32,0.7522161602973938,1.4601494073867798,1.522782802581787
4,129,RGB,left,32,0.9282238483428955,31.861812591552734,31.126279830932617
4,129,RGB,right,32,0.3822017014026642,1.2794400453567505,1.3921853303909302
4,129,BGR,left,32,5.979768753051758,25.36965560913086,31.126279830932617
4,129,BGR,right,32,0.8708745241165161,1.4977011680603027,1.3921853303909302
4,130,RGB,left,32,1.4141674041748047,34.744415283203125,33.28830337524414
4,130,RGB,right,32,0.5509594678878784,1.3983404636383057,1.2464252710342407
4,130,BGR,left,32,5.579591274261475,27.951522827148438,33.28830337524414
4,130,BGR,right,32,1.220905065536499,1.9106488227844238,1.2464252710342407
4,131,RGB,left,32,0.6599024534225464,34.75283432006836,34.080379486083984
4,131,RGB,right,32,0.47565746307373047,1.2346999645233154,1.1124000549316406
4,131,BGR,left,32,5.563254356384277,28.693445205688477,34.080379486083984
4,131,BGR,right,32,1.2030149698257446,1.6919972896575928,1.1124000549316406
4,132,RGB,left,32,0.7802499532699585,36.530189514160156,36.07062530517578
4,132,RGB,right,32,0.537437379360199,1.1224616765975952,1.0179259777069092
4,132,BGR,left,32,6.020143032073975,30.040544509887695,36.07062530517578
4,132,BGR,right,32,1.2239301204681396,1.6067003011703491,1.0179259777069092
4,133,RGB,left,32,0.9287328720092773,41.70930480957031,40.787437438964844
4,133,RGB,right,32,0.4636644423007965,0.9993559122085571,0.9620628356933594
4,133,BGR,left,32,8.358559608459473,32.40922927856445,40.787437438964844
4,133,BGR,right,32,1.0551741123199463,1.4123586416244507,0.9620628356933594
4,134,RGB,left,32,2.1269516944885254,47.57545852661133,45.468910217285156
4,134,RGB,right,32,0.2790932357311249,0.8994593620300293,0.9283345937728882
4,134,BGR,left,32,11.392866134643555,34.146636962890625,45.468910217285156
4,134,BGR,right,32,1.0036085844039917,1.4683246612548828,0.9283345937728882
4,135,RGB,left,32,3.7706515789031982,43.29103088378906,47.05801773071289
4,135,RGB,right,32,0.23668700456619263,0.8152390122413635,0.789289116859436
4,135,BGR,left,32,13.04214859008789,33.99302673339844,47.05801773071289
4,135,BGR,right,32,0.9321851134300232,1.2793973684310913,0.789289116859436
4,136,RGB,left,32,1.5444742441177368,46.054237365722656,44.975929260253906
4,136,RGB,right,32,0.23703297972679138,0.42871227860450745,0.660968005657196
4,136,BGR,left,32,7.7923688888549805,37.40790939331055,44.975929260253906
4,136,BGR,right,32,0.7058916091918945,0.9928302764892578,0.660968005657196
4,137,RGB,left,32,3.8244621753692627,45.6823844909668,42.305023193359375
4,137,RGB,right,32,0.19639895856380463,0.4919011890888214,0.6491498947143555
4,137,BGR,left,32,4.131665229797363,38.57717514038086,42.305023193359375
4,137,BGR,right,32,0.701621413230896,0.9845260977745056,0.6491498947143555
4,138,RGB,left,32,3.790635585784912,46.56330871582031,42.77899932861328
4,138,RGB,right,32,0.2803492248058319,0.4055790901184082,0.7440648078918457
4,138,BGR,left,32,2.7711517810821533,39.97002029418945,42.77899932861328
4,138,BGR,right,32,0.4727931320667267,0.7309535145759583,0.7440648078918457
4,139,RGB,left,32,1.2904685735702515,47.50924301147461,46.536746978759766
4,139,RGB,right,32,0.462770938873291,0.5126125812530518,0.8399305939674377
4,139,BGR,left,32,6.882795333862305,39.53620910644531,46.536746978759766
4,139,BGR,right,32,0.6094239950180054,0.7930697798728943,0.8399305939674377
4,140,RGB,left,32,4.393985271453857,43.81978225708008,48.15198516845703
4,140,RGB,right,32,0.5011062622070312,0.5998695492744446,0.9018224477767944
4,140,BGR,left,32,9.378194808959961,38.66214370727539,48.15198516845703
4,140,BGR,right,32,0.505764365196228,0.7738514542579651,0.9018224477767944
4,141,RGB,left,32,0.7426413297653198,46.207271575927734,45.961395263671875
4,141,RGB,right,32,0.42274710536003113,0.7403764128684998,0.964043378829956
4,141,BGR,left,32,6.908783435821533,39.82066345214844,45.961395263671875
4,141,BGR,right,32,0.5646892189979553,0.7253758311271667,0.964043378829956
4,142,RGB,left,32,1.8885942697525024,45.577579498291016,43.908390045166016
4,142,RGB,right,32,0.5782420039176941,0.7535572052001953,0.9581340551376343
4,142,BGR,left,32,7.004833221435547,38.48210144042969,43.908390045166016
4,142,BGR,right,32,0.6810166835784912,0.5887734889984131,0.9581340551376343
4,143,RGB,left,32,1.1715766191482544,43.94117736816406,43.20505142211914
4,143,RGB,right,32,0.5689772963523865,0.8531861305236816,0.948513388633728
4,143,BGR,left,32,7.913226127624512,38.44220733642578,43.20505142211914
4,143,BGR,right,32,0.580215334892273,0.6368610858917236,0.948513388633728
4,144,RGB,left,32,0.3208501636981964,43.78909683227539,43.4739990234375
4,144,RGB,right,32,0.6759394407272339,0.7881794571876526,0.9550706744194031
4,144,BGR,left,32,9.727819442749023,37.314273834228516,43.4739990234375
4,144,BGR,right,32,0.7558362483978271,0.7638098001480103,0.9550706744194031
4,145,RGB,left,32,0.7612549662590027,43.770999908447266,44.3057746887207
4,145,RGB,right,32,0.5183419585227966,0.8903547525405884,0.9830948114395142
4,145,BGR,left,32,11.041460990905762,35.0517463684082,44.3057746887207
4,145,BGR,right,32,0.6272931098937988,0.6616677641868591,0.9830948114395142
4,146,RGB,left,32,0.6782150268554688,43.06085968017578,43.566062927246094
4,146,RGB,right,32,0.5937143564224243,0.9193715453147888,0.9629608988761902
4,146,BGR,left,32,10.736714363098145,35.826480865478516,43.566062927246094
4,146,BGR,right,32,0.7453754544258118,0.7016708254814148,0.9629608988761902
4,147,RGB,left,32,0.5821199417114258,41.25617980957031,40.69036865234375
4,147,RGB,right,32,0.2556857168674469,0.8767715096473694,0.8950878381729126
4,147,BGR,left,32,9.623458862304688,33.46693420410156,40.69036865234375
4,147,BGR,right,32,0.7164305448532104,0.5975221395492554,0.8950878381729126
4,148,RGB,left,32,0.8545544743537903,39.39435577392578,38.58749008178711
4,148,RGB,right,32,0.22240066528320312,0.8693854212760925,0.8664804697036743
4,148,BGR,left,32,9.366266250610352,33.531734466552734,38.58749008178711
4,148,BGR,right,32,0.9263027906417847,0.6954242587089539,0.8664804697036743
4,149,RGB,left,32,2.7090375423431396,34.87543869018555,37.47565460205078
4,149,RGB,right,32,0.29521307349205017,0.9424235820770264,0.9109468460083008
4,149,BGR,left,32,11.668420791625977,31.650972366333008,37.47565460205078
4,149,BGR,right,32,1.3381425142288208,0.9062323570251465,0.9109468460083008
4,150,RGB,left,32,1.8738266229629517,35.47352600097656,36.05381774902344
4,150,RGB,right,32,0.37146300077438354,1.1478488445281982,1.010910987854004
4,150,BGR,left,32,10.977751731872559,31.26919174194336,36.05381774902344
4,150,BGR,right,32,1.4545516967773438,0.7684987783432007,1.010910987854004
4,151,RGB,left,32,2.215770959854126,36.43763732910156,34.245094299316406
4,151,RGB,right,32,0.5917476415634155,1.5999088287353516,1.1530824899673462
4,151,BGR,left,32,6.239148139953613,31.580488204956055,34.245094299316406
4,151,BGR,right,32,1.9740124940872192,1.0091025829315186,1.1530824899673462
4,152,RGB,left,32,1.8479666709899902,34.54004669189453,32.910526275634766
4,152,RGB,right,32,0.5700589418411255,1.9048576354980469,1.424142599105835
4,152,BGR,left,32,7.565960884094238,30.5754337310791,32.910526275634766
4,152,BGR,right,32,2.0203938484191895,0.7700161337852478,1.424142599105835
4,153,RGB,left,32,1.3352677822113037,34.257144927978516,33.13114929199219
4,153,RGB,right,32,0.5118950605392456,2.253943681716919,1.7897688150405884
4,153,BGR,left,32,6.140180587768555,27.392805099487305,33.13114929199219
4,153,BGR,right,32,2.347766876220703,0.7644975781440735,1.7897688150405884
4,154,RGB,left,32,1.1982189416885376,32.89622116088867,34.11186599731445
4,154,RGB,right,32,0.4340773820877075,2.3730905055999756,2.1038167476654053
4,154,BGR,left,32,5.92043399810791,28.031028747558594,34.11186599731445
4,154,BGR,right,32,2.418949604034424,0.6829608678817749,2.1038167476654053
4,155,RGB,left,32,1.2912862300872803,33.42597961425781,34.2547607421875
4,155,RGB,right,32,0.385075181722641,2.4490628242492676,2.3774147033691406
4,155,BGR,left,32,5.160728931427002,29.287023544311523,34.2547607421875
4,155,BGR,right,32,2.5878682136535645,0.7542300820350647,2.3774147033691406
4,156,RGB,left,32,1.3221596479415894,32.387062072753906,33.56917190551758
4,156,RGB,right,32,0.23298068344593048,2.605994939804077,2.60748291015625
4,156,BGR,left,32,5.70403528213501,28.20947265625,33.56917190551758
4,156,BGR,right,32,2.5428130626678467,0.8949568867683411,2.60748291015625
4,157,RGB,left,32,1.2936240434646606,32.50295639038086,33.011112213134766
4,157,RGB,right,32,0.306829571723938,2.662381172180176,2.729679822921753
4,157,BGR,left,32,4.063098907470703,31.744991302490234,33.011112213134766
4,157,BGR,right,32,2.2962772846221924,1.3591586351394653,2.729679822921753
4,158,RGB,left,32,1.3034535646438599,31.78564453125,33.05280303955078
4,158,RGB,right,32,0.4060509204864502,2.45383358001709,2.74466872215271
4,158,BGR,left,32,3.844097852706909,30.22919273376465,33.05280303955078
4,158,BGR,right,32,2.1472527980804443,1.3052222728729248,2.74466872215271
4,159,RGB,left,32,2.266767978668213,30.991836547851562,33.34238052368164
4,159,RGB,right,32,0.2861860692501068,2.5132977962493896,2.698561191558838
4,159,BGR,left,32,4.323199272155762,29.96211814880371,33.34238052368164
4,159,BGR,right,32,2.050339460372925,1.3500258922576904,2.698561191558838
4,160,RGB,left,32,2.1170742511749268,30.891597747802734,32.811737060546875
4,160,RGB,right,32,0.27564170956611633,2.417038679122925,2.6049365997314453
4,160,BGR,left,32,4.189944744110107,28.732694625854492,32.811737060546875
4,160,BGR,right,32,1.8808335065841675,1.1925116777420044,2.6049365997314453
4,161,RGB,left,32,0.9940194487571716,32.488182067871094,31.918720245361328
4,161,RGB,right,32,0.38081076741218567,2.2784125804901123,2.4989681243896484
4,161,BGR,left,32,2.249995708465576,29.75617027282715,31.918720245361328
4,161,BGR,right,32,1.8040039539337158,1.1236052513122559,2.4989681243896484
4,162,RGB,left,32,1.958900809288025,30.41533851623535,32.17988204956055
4,162,RGB,right,32,0.5034281611442566,1.8466724157333374,2.4397079944610596
4,162,BGR,left,32,3.9773616790771484,28.001089096069336,32.17988204956055
4,162,BGR,right,32,1.5980888605117798,1.1334844827651978,2.4397079944610596
4,163,RGB,left,32,1.6416215896606445,32.41387939453125,32.99110412597656
4,163,RGB,right,32,0.20359447598457336,2.0866644382476807,2.367676258087158
4,163,BGR,left,32,2.9047210216522217,30.47833251953125,32.99110412597656
4,163,BGR,right,32,1.6471657752990723,1.2548712491989136,2.367676258087158
4,164,RGB,left,32,1.4012103080749512,32.726009368896484,33.600032806396484
4,164,RGB,right,32,0.37342628836631775,2.086522102355957,2.2542214393615723
4,164,BGR,left,32,6.211564540863037,27.31553840637207,33.600032806396484
4,164,BGR,right,32,1.6761910915374756,1.530213713645935,2.2542214393615723
4,165,RGB,left,32,1.6118309497833252,32.227108001708984,33.79739761352539
4,165,RGB,right,32,0.6080910563468933,1.712445616722107,2.169743061065674
4,165,BGR,left,32,6.995391845703125,26.989944458007812,33.79739761352539
4,165,BGR,right,32,1.642210841178894,1.0600084066390991,2.169743061065674
4,166,RGB,left,32,1.148300051689148,32.576904296875,33.62458801269531
4,166,RGB,right,32,0.4001445174217224,1.9491500854492188,2.1618335247039795
4,166,BGR,left,32,8.908866882324219,25.189584732055664,33.62458801269531
4,166,BGR,right,32,1.7711262702941895,1.2713135480880737,2.1618335247039795
4,167,RGB,left,32,1.259554147720337,32.810150146484375,33.691802978515625
4,167,RGB,right,32,0.5297259092330933,1.9955756664276123,2.2177178859710693
4,167,BGR,left,32,9.189522743225098,24.89432716369629,33.691802978515625
4,167,BGR,right,32,1.8772821426391602,1.329042911529541,2.2177178859710693
4,168,RGB,left,32,1.4740484952926636,33.16983413696289,34.310340881347656
4,168,RGB,right,32,0.3878526985645294,1.9323639869689941,2.2148830890655518
4,168,BGR,left,32,8.929691314697266,26.032873153686523,34.310340881347656
4,168,BGR,right,32,2.043945074081421,1.1858201026916504,2.2148830890655518
4,169,RGB,left,32,1.2880827188491821,32.93589401245117,33.852439880371094
4,169,RGB,right,32,0.6111209392547607,1.992922306060791,2.0710983276367188
4,169,BGR,left,32,8.91496467590332,25.497982025146484,33.852439880371094
4,169,BGR,right,32,2.327789545059204,1.471901774406433,2.0710983276367188
4,170,RGB,left,32,1.1651414632797241,30.22061538696289,31.362380981445312
4,170,RGB,right,32,0.47118279337882996,1.811954140663147,1.905350923538208
4,170,BGR,left,32,8.645916938781738,22.968135833740234,31.362380981445312
4,170,BGR,right,32,2.4550342559814453,1.3404847383499146,1.905350923538208
4,171,RGB,left,32,1.0739117860794067,28.26002311706543,28.544761657714844
4,171,RGB,right,32,0.6464402079582214,1.2932841777801514,1.8324812650680542
4,171,BGR,left,32,6.905533313751221,22.09224510192871,28.544761657714844
4,171,BGR,right,32,2.845463275909424,1.5207607746124268,1.8324812650680542
4,172,RGB,left,32,0.8633596301078796,26.86310577392578,26.1683292388916
4,172,RGB,right,32,0.6736863255500793,1.5547336339950562,1.863874077796936
4,172,BGR,left,32,4.83967399597168,21.539478302001953,26.1683292388916
4,172,BGR,right,32,2.819192886352539,1.3169147968292236,1.863874077796936
4,173,RGB,left,32,0.6652087569236755,24.508588790893555,24.090543746948242
4,173,RGB,right,32,0.9307448267936707,1.3613052368164062,1.9474375247955322
4,173,BGR,left,32,2.832918405532837,21.283798217773438,24.090543746948242
4,173,BGR,right,32,3.070016860961914,1.38921320438385,1.9474375247955322
4,174,RGB,left,32,1.0407358407974243,21.149036407470703,22.15958023071289
4,174,RGB,right,32,0.7202828526496887,1.6138670444488525,2.01200532913208
4,174,BGR,left,32,1.7670950889587402,20.474292755126953,22.15958023071289
4,174,BGR,right,32,3.0241928100585938,1.2055846452713013,2.01200532913208
4,175,RGB,left,32,0.5421673059463501,20.1783447265625,20.163524627685547
4,175,RGB,right,32,0.7211129069328308,1.510508418083191,2.0308890342712402
4,175,BGR,left,32,1.9264845848083496,20.586193084716797,20.163524627685547
4,175,BGR,right,32,2.778240203857422,0.9256711602210999,2.0308890342712402
4,176,RGB,left,32,1.237087368965149,16.902814865112305,18.00124740600586
4,176,RGB,right,32,0.46843284368515015,1.8129409551620483,2.016376256942749
4,176,BGR,left,32,2.8715999126434326,19.212234497070312,18.00124740600586
4,176,BGR,right,32,2.692190408706665,0.7902786731719971,2.016376256942749
4,177,RGB,left,32,1.01705801486969,15.594465255737305,15.721983909606934
4,177,RGB,right,32,0.6142634153366089,1.7762837409973145,1.9882926940917969
4,177,BGR,left,32,4.034817218780518,18.916170120239258,15.721983909606934
4,177,BGR,right,32,2.7063448429107666,0.8679238557815552,1.9882926940917969
4,178,RGB,left,32,0.9637607932090759,13.667526245117188,13.60150146484375
4,178,RGB,right,32,0.3635348081588745,1.7868739366531372,1.9528865814208984
4,178,BGR,left,32,5.856968402862549,18.916419982910156,13.60150146484375
4,178,BGR,right,32,2.5878381729125977,0.7708621025085449,1.9528865814208984
4,179,RGB,left,32,1.1543726921081543,10.996816635131836,12.006525993347168
4,179,RGB,right,32,0.4766978621482849,1.496665596961975,1.8868781328201294
4,179,BGR,left,32,7.183328151702881,18.582923889160156,12.006525993347168
4,179,BGR,right,32,2.266373872756958,0.5783403515815735,1.8868781328201294
4,180,RGB,left,32,0.5914228558540344,10.935831069946289,10.892434120178223
4,180,RGB,right,32,0.30059587955474854,1.6950417757034302,1.7742494344711304
4,180,BGR,left,32,8.326375007629395,18.763839721679688,10.892434120178223
4,180,BGR,right,32,2.039029836654663,0.6267420053482056,1.7742494344711304
4,181,RGB,left,32,0.14924603700637817,9.88891315460205,9.971319198608398
4,181,RGB,right,32,0.23131972551345825,1.794026494026184,1.6319392919540405
4,181,BGR,left,32,8.770101547241211,18.157886505126953,9.971319198608398
4,181,BGR,right,32,1.7352558374404907,0.5671507120132446,1.6319392919540405
4,182,RGB,left,32,0.41947758197784424,8.671680450439453,9.072751998901367
4,182,RGB,right,32,0.12173385918140411,1.5105416774749756,1.4901484251022339
4,182,BGR,left,32,7.987457275390625,16.62236785888672,9.072751998901367
4,182,BGR,right,32,1.4610613584518433,0.5369393825531006,1.4901484251022339
4,183,RGB,left,32,0.4674600064754486,8.13969612121582,8.255228042602539
4,183,RGB,right,32,0.3147522509098053,1.150098443031311,1.3732283115386963
4,183,BGR,left,32,9.326922416687012,17.104785919189453,8.255228042602539
4,183,BGR,right,32,1.5341784954071045,0.6418277621269226,1.3732283115386963
4,184,RGB,left,32,0.6044213175773621,7.620752811431885,7.593922138214111
4,184,RGB,right,32,0.07460480183362961,1.3841891288757324,1.2989503145217896
4,184,BGR,left,32,9.416324615478516,16.48433494567871,7.593922138214111
4,184,BGR,right,32,1.3177464008331299,0.5473548769950867,1.2989503145217896
4,185,RGB,left,32,1.2469274997711182,5.745935440063477,6.944397449493408
4,185,RGB,right,32,0.2932724952697754,1.1898585557937622,1.2561227083206177
4,185,BGR,left,32,9.576493263244629,15.986470222473145,6.944397449493408
4,185,BGR,right,32,1.1667754650115967,0.44348055124282837,1.2561227083206177
4,186,RGB,left,32,0.682016909122467,6.29689359664917,6.181984901428223
4,186,RGB,right,32,0.1570747345685959,1.3413810729980469,1.231200098991394
4,186,BGR,left,32,11.036324501037598,16.672801971435547,6.181984901428223
4,186,BGR,right,32,1.2600202560424805,0.3225870430469513,1.231200098991394
4,187,RGB,left,32,1.0015193223953247,4.274105548858643,5.307398319244385
4,187,RGB,right,32,0.5506845116615295,1.2716624736785889,1.259320855140686
4,187,BGR,left,32,10.358535766601562,14.945556640625,5.307398319244385
4,187,BGR,right,32,1.0368088483810425,0.45721784234046936,1.259320855140686
4,188,RGB,left,32,0.46001797914505005,4.156187534332275,4.389540195465088
4,188,RGB,right,32,0.25780537724494934,1.315037488937378,1.5172345638275146
4,188,BGR,left,32,11.881834983825684,15.532905578613281,4.389540195465088
4,188,BGR,right,32,1.3200249671936035,0.31927117705345154,1.5172345638275146
4,189,RGB,left,32,1.036109209060669,4.5446882247924805,3.6950395107269287
4,189,RGB,right,32,0.7984968423843384,1.3650237321853638,2.2016117572784424
4,189,BGR,left,32,11.725345611572266,14.521286964416504,3.6950395107269287
4,189,BGR,right,32,2.0836360454559326,0.3888693153858185,2.2016117572784424
4,190,RGB,left,32,1.465887188911438,4.237115383148193,3.3941988945007324
4,190,RGB,right,32,1.9751505851745605,1.24724543094635,3.2323880195617676
4,190,BGR,left,32,11.474945068359375,13.499194145202637,3.3941988945007324
4,190,BGR,right,32,3.0904481410980225,0.3730538785457611,3.2323880195617676
4,191,RGB,left,32,1.4826539754867554,3.99539852142334,3.245434284210205
4,191,RGB,right,32,2.1159756183624268,2.4256231784820557,4.449528217315674
4,191,BGR,left,32,12.730237007141113,14.251964569091797,3.245434284210205
4,191,BGR,right,32,4.388992786407471,0.32923221588134766,4.449528217315674
4,192,RGB,left,32,0.9328771829605103,3.646362066268921,3.181420087814331
4,192,RGB,right,32,1.531795620918274,4.342370986938477,5.765936851501465
4,192,BGR,left,32,12.85504150390625,13.736753463745117,3.181420087814331
4,192,BGR,right,32,5.699270725250244,0.5391156077384949,5.765936851501465
4,193,RGB,left,32,0.8831393718719482,3.925668954849243,3.300903797149658
4,193,RGB,right,32,1.0241916179656982,6.25575065612793,7.152586460113525
4,193,BGR,left,32,13.116140365600586,13.553082466125488,3.300903797149658
4,193,BGR,right,32,7.21099328994751,0.27653637528419495,7.152586460113525
4,194,RGB,left,32,0.6739199757575989,3.6316773891448975,3.549110174179077
4,194,RGB,right,32,2.061715841293335,6.684852600097656,8.651278495788574
4,194,BGR,left,32,11.422614097595215,11.445919036865234,3.549110174179077
4,194,BGR,right,32,8.625631332397461,0.2901837229728699,8.651278495788574
4,195,RGB,left,32,1.3501620292663574,4.924574851989746,3.81006121635437
4,195,RGB,right,32,1.6593002080917358,11.732200622558594,10.23468017578125
4,195,BGR,left,32,11.183300971984863,10.844552993774414,3.81006121635437
4,195,BGR,right,32,10.279644012451172,0.31895720958709717,10.23468017578125
4,196,RGB,left,32,1.0832873582839966,4.504110813140869,4.021511554718018
4,196,RGB,right,32,2.5367271900177,9.14265251159668,11.610634803771973
4,196,BGR,left,32,12.673724174499512,11.97335147857666,4.021511554718018
4,196,BGR,right,32,11.592869758605957,0.38607606291770935,11.610634803771973
4,197,RGB,left,32,0.8009858727455139,4.112449645996094,4.072237968444824
4,197,RGB,right,32,0.8612878322601318,12.230183601379395,12.513276100158691
4,197,BGR,left,32,12.618274688720703,11.342181205749512,4.072237968444824
4,197,BGR,right,32,12.638397216796875,0.46392622590065,12.513276100158691
4,198,RGB,left,32,0.6444236040115356,4.035576343536377,3.911566972732544
4,198,RGB,right,32,0.8099044561386108,13.586193084716797,12.876745223999023
4,198,BGR,left,32,13.086212158203125,11.659419059753418,3.911566972732544
4,198,BGR,right,32,13.002422332763672,0.3262367248535156,12.876745223999023
4,199,RGB,left,32,0.47255247831344604,3.747232675552368,3.6654140949249268
4,199,RGB,right,32,0.8153749108314514,13.485626220703125,12.821812629699707
4,199,BGR,left,32,13.483502388000488,11.840527534484863,3.6654140949249268
4,199,BGR,right,32,12.939785957336426,0.2690284252166748,12.821812629699707
4,200,RGB,left,32,0.5093244910240173,3.564164161682129,3.3648948669433594
4,200,RGB,right,32,0.7062183618545532,13.460813522338867,13.103938102722168
4,200,BGR,left,32,12.387138366699219,10.56714916229248,3.3648948669433594
4,200,BGR,right,32,13.056520462036133,0.32745492458343506,13.103938102722168
4,201,RGB,left,32,0.18870636820793152,3.299619436264038,3.078507900238037
4,201,RGB,right,32,0.41529470682144165,14.24810791015625,14.016532897949219
4,201,BGR,left,32,10.192899703979492,8.306917190551758,3.078507900238037
4,201,BGR,right,32,14.120262145996094,0.3388170897960663,14.016532897949219
4,202,RGB,left,32,0.3417273461818695,3.0784482955932617,2.859257221221924
4,202,RGB,right,32,0.7496978044509888,14.4623441696167,14.54976749420166
4,202,BGR,left,32,8.358192443847656,6.540286540985107,2.859257221221924
4,202,BGR,right,32,14.4629545211792,0.3149378299713135,14.54976749420166
4,203,RGB,left,32,0.30059170722961426,2.6816935539245605,2.653784990310669
4,203,RGB,right,32,0.22106651961803436,14.440763473510742,14.512661933898926
4,203,BGR,left,32,9.381400108337402,7.679150104522705,2.653784990310669
4,203,BGR,right,32,14.42083740234375,0.47178834676742554,14.512661933898926
4,204,RGB,left,32,0.41859352588653564,2.2154786586761475,2.460284948348999
4,204,RGB,right,32,0.5318397879600525,14.023655891418457,14.432690620422363
4,204,BGR,left,32,6.978649616241455,5.388758182525635,2.460284948348999
4,204,BGR,right,32,14.223625183105469,0.5945656299591064,14.432690620422363
4,205,RGB,left,32,0.7206006646156311,1.7820547819137573,2.230374574661255
4,205,RGB,right,32,0.8093768954277039,14.138239860534668,14.460431098937988
4,205,BGR,left,32,5.176778316497803,3.6885993480682373,2.230374574661255
4,205,BGR,right,32,13.837421417236328,0.5121669769287109,14.460431098937988
4,206,RGB,left,32,0.5359898805618286,1.5903592109680176,1.9404622316360474
4,206,RGB,right,32,0.4007926881313324,14.407732963562012,14.530001640319824
4,206,BGR,left,32,7.622887134552002,6.653590202331543,1.9404622316360474
4,206,BGR,right,32,14.082524299621582,0.5888932943344116,14.530001640319824
4,207,RGB,left,32,0.34723347425460815,1.6164437532424927,1.7172785997390747
4,207,RGB,right,32,0.8836554884910583,14.184011459350586,14.780414581298828
4,207,BGR,left,32,4.7049384117126465,3.7820053100585938,1.7172785997390747
4,207,BGR,right,32,14.212627410888672,0.5253775715827942,14.780414581298828
4,208,RGB,left,32,0.5266900062561035,1.5367887020111084,1.6654659509658813
4,208,RGB,right,32,0.7570988535881042,15.985833168029785,15.774991035461426
4,208,BGR,left,32,3.8880836963653564,3.1390912532806396,1.6654659509658813
4,208,BGR,right,32,14.868001937866211,0.5456176400184631,15.774991035461426
4,209,RGB,left,32,0.6003016233444214,1.6108086109161377,1.7095022201538086
4,209,RGB,right,32,0.9838854670524597,18.343374252319336,17.6791934967041
4,209,BGR,left,32,2.767038106918335,2.2057220935821533,1.7095022201538086
4,209,BGR,right,32,14.745373725891113,1.9761296510696411,17.6791934967041
4,210,RGB,left,32,0.7701387405395508,1.8697819709777832,1.7202848196029663
4,210,RGB,right,32,1.8788471221923828,19.538116455078125,19.754383087158203
4,210,BGR,left,32,2.03916335105896,1.7663553953170776,1.7202848196029663
4,210,BGR,right,32,14.126775741577148,5.555624961853027,19.754383087158203
4,211,RGB,left,32,0.5215339064598083,1.8215000629425049,1.727737307548523
4,211,RGB,right,32,0.6539180874824524,21.79461669921875,21.79720687866211
4,211,BGR,left,32,1.8799598217010498,1.475386619567871,1.727737307548523
4,211,BGR,right,32,15.56853199005127,6.064242839813232,21.79720687866211
4,212,RGB,left,32,0.6103785634040833,2.1776347160339355,1.7501394748687744
4,212,RGB,right,32,0.7268811464309692,24.58595848083496,23.926727294921875
4,212,BGR,left,32,1.8972337245941162,1.487496018409729,1.7501394748687744
4,212,BGR,right,32,13.888450622558594,10.365883827209473,23.926727294921875
4,213,RGB,left,32,0.6794850826263428,2.4240617752075195,1.8075379133224487
4,213,RGB,right,32,1.464331865310669,27.0865535736084,25.958541870117188
4,213,BGR,left,32,2.140669345855713,1.2839775085449219,1.8075379133224487
4,213,BGR,right,32,12.632402420043945,13.935681343078613,25.958541870117188
4,214,RGB,left,32,0.4217931032180786,2.2457587718963623,1.933091163635254
4,214,RGB,right,32,1.0761103630065918,28.38176155090332,28.059688568115234
4,214,BGR,left,32,2.051427125930786,0.8543301224708557,1.933091163635254
4,214,BGR,right,32,10.863537788391113,17.530941009521484,28.059688568115234
4,215,RGB,left,32,0.21685826778411865,2.2710416316986084,2.1021392345428467
4,215,RGB,right,32,0.9655270576477051,29.43621253967285,30.148775100708008
4,215,BGR,left,32,2.2112996578216553,0.9580843448638916,2.1021392345428467
4,215,BGR,right,32,12.806422233581543,17.998991012573242,30.148775100708008
4,216,RGB,left,32,0.2969808280467987,2.4021828174591064,2.218926191329956
4,216,RGB,right,32,0.6918383240699768,30.710844039916992,30.761363983154297
4,216,BGR,left,32,2.0549750328063965,1.013391375541687,2.218926191329956
4,216,BGR,right,32,10.585838317871094,20.978639602661133,30.761363983154297
4,217,RGB,left,32,0.09015044569969177,2.1001760959625244,2.183394432067871
4,217,RGB,right,32,0.7091649770736694,29.6917667388916,29.34037208557129
4,217,BGR,left,32,2.4548399448394775,0.9776147603988647,2.183394432067871
4,217,BGR,right,32,10.034977912902832,20.261680603027344,29.34037208557129
4,218,RGB,left,32,0.1221354603767395,2.092289447784424,2.050844669342041
4,218,RGB,right,32,2.0282318592071533,29.81665802001953,28.52890968322754
4,218,BGR,left,32,1.7582550048828125,1.2322105169296265,2.050844669342041
4,218,BGR,right,32,6.237815856933594,24.127580642700195,28.52890968322754
4,219,RGB,left,32,0.17119620740413666,1.9098392724990845,1.991452932357788
4,219,RGB,right,32,1.5451452732086182,28.351713180541992,29.31239891052246
4,219,BGR,left,32,2.259082317352295,0.7297545075416565,1.991452932357788
4,219,BGR,right,32,9.738815307617188,21.159090042114258,29.31239891052246
4,220,RGB,left,32,0.35622552037239075,1.7383630275726318,2.0649707317352295
4,220,RGB,right,32,1.3446834087371826,30.308685302734375,29.581315994262695
4,220,BGR,left,32,2.2435240745544434,0.833234965801239,2.0649707317352295
4,220,BGR,right,32,5.558781147003174,26.904525756835938,29.581315994262695
4,221,RGB,left,32,0.3521634638309479,1.7478686571121216,2.091329574584961
4,221,RGB,right,32,0.7565590739250183,29.43437957763672,28.8474063873291
4,221,BGR,left,32,2.5552704334259033,0.847711443901062,2.091329574584961
4,221,BGR,right,32,5.914839267730713,24.988521575927734,28.8474063873291
4,222,RGB,left,32,0.7287178635597229,1.301284670829773,1.9679714441299438
4,222,RGB,right,32,1.3834561109542847,27.252696990966797,28.570932388305664
4,222,BGR,left,32,2.2621233463287354,0.7876283526420593,1.9679714441299438
4,222,BGR,right,32,6.169197082519531,24.445276260375977,28.570932388305664
4,223,RGB,left,32,0.6175035238265991,1.2352056503295898,1.7793601751327515
4,223,RGB,right,32,0.5843639969825745,29.177398681640625,29.40923500061035
4,223,BGR,left,32,2.2934730052948,1.0627959966659546,1.7793601751327515
4,223,BGR,right,32,5.115257263183594,28.274015426635742,29.40923500061035
4,224,RGB,left,32,0.7000955939292908,1.0249391794204712,1.608109951019287
4,224,RGB,right,32,0.5456205606460571,29.591829299926758,29.822586059570312
4,224,BGR,left,32,2.363936185836792,1.1687840223312378,1.608109951019287
4,224,BGR,right,32,4.9765706062316895,28.071630477905273,29.822586059570312
4,225,RGB,left,32,0.8545719981193542,1.1280490159988403,1.4678421020507812
4,225,RGB,right,32,0.7484521269798279,29.139928817749023,29.510557174682617
4,225,BGR,left,32,2.0751376152038574,1.069158673286438,1.4678421020507812
4,225,BGR,right,32,4.0960235595703125,26.91628074645996,29.510557174682617
4,226,RGB,left,32,0.8855661153793335,0.8566206097602844,1.3790721893310547
4,226,RGB,right,32,0.9348204731941223,30.01791000366211,29.642396926879883
4,226,BGR,left,32,2.198478937149048,1.2903220653533936,1.3790721893310547
4,226,BGR,right,32,3.372408866882324,28.548463821411133,29.642396926879883
4,227,RGB,left,32,0.6252856850624084,1.1504566669464111,1.3753329515457153
4,227,RGB,right,32,2.4841487407684326,32.90216064453125,30.58203887939453
4,227,BGR,left,32,1.656726598739624,1.1975826025009155,1.3753329515457153
4,227,BGR,right,32,3.268517255783081,29.265199661254883,30.58203887939453
4,228,RGB,left,32,0.6639784574508667,1.201131820678711,1.4400242567062378
4,228,RGB,right,32,2.014390468597412,33.72775650024414,31.93751335144043
4,228,BGR,left,32,1.2371875047683716,1.3030694723129272,1.4400242567062378
4,228,BGR,right,32,3.790513515472412,28.844024658203125,31.93751335144043
4,229,RGB,left,32,0.2456204742193222,1.446407437324524,1.6202335357666016
4,229,RGB,right,32,1.2574867010116577,32.2760124206543,33.365013122558594
4,229,BGR,left,32,0.6801933646202087,1.2053003311157227,1.6202335357666016
4,229,BGR,right,32,7.05605936050415,26.665058135986328,33.365013122558594
4,230,RGB,left,32,0.2665726840496063,1.6973838806152344,1.9298813343048096
4,230,RGB,right,32,0.7467866539955139,34.468162536621094,33.96607208251953
4,230,BGR,left,32,0.6184260249137878,1.4699044227600098,1.9298813343048096
4,230,BGR,right,32,5.319446563720703,28.83487892150879,33.96607208251953
4,231,RGB,left,32,0.11317560821771622,2.1842663288116455,2.2889468669891357
4,231,RGB,right,32,2.620028495788574,35.85239028930664,33.36959457397461
4,231,BGR,left,32,0.7683597803115845,1.5444306135177612,2.2889468669891357
4,231,BGR,right,32,2.823469877243042,30.977136611938477,33.36959457397461
4,232,RGB,left,32,0.2258853018283844,2.28497052192688,2.6094260215759277
4,232,RGB,right,32,1.8272379636764526,34.90114974975586,33.310691833496094
4,232,BGR,left,32,1.143356204032898,1.548284649848938,2.6094260215759277
4,232,BGR,right,32,5.434284687042236,28.91077423095703,33.310691833496094
4,233,RGB,left,32,0.28467032313346863,2.6580843925476074,2.8853602409362793
4,233,RGB,right,32,1.1119691133499146,34.79499435424805,33.8956413269043
4,233,BGR,left,32,1.4670276641845703,1.4560850858688354,2.8853602409362793
4,233,BGR,right,32,4.983597278594971,30.28754425048828,33.8956413269043
4,234,RGB,left,32,0.5874494910240173,2.5783162117004395,3.06087327003479
4,234,RGB,right,32,1.8373181819915771,31.1916446685791,33.00776672363281
4,234,BGR,left,32,1.4801353216171265,1.5928053855895996,3.06087327003479
4,234,BGR,right,32,6.773743152618408,29.153488159179688,33.00776672363281
4,235,RGB,left,32,0.6399560570716858,2.4012932777404785,3.012263774871826
4,235,RGB,right,32,1.4619858264923096,32.17437744140625,30.98769760131836
4,235,BGR,left,32,1.8752317428588867,1.3243001699447632,3.012263774871826
4,235,BGR,right,32,7.348296165466309,30.062925338745117,30.98769760131836
4,236,RGB,left,32,0.5654804706573486,2.444387197494507,2.8743696212768555
4,236,RGB,right,32,1.776117205619812,30.15546226501465,30.401962280273438
4,236,BGR,left,32,2.313467025756836,0.8495612740516663,2.8743696212768555
4,236,BGR,right,32,6.706044673919678,29.403676986694336,30.401962280273438
4,237,RGB,left,32,0.40745168924331665,2.4873712062835693,2.838484525680542
4,237,RGB,right,32,1.631025791168213,28.95807647705078,30.483158111572266
4,237,BGR,left,32,2.2887585163116455,0.6170398592948914,2.838484525680542
4,237,BGR,right,32,8.431522369384766,28.867040634155273,30.483158111572266
4,238,RGB,left,32,0.677451491355896,2.3521230220794678,2.783950090408325
4,238,RGB,right,32,2.266782283782959,27.856700897216797,30.08698272705078
4,238,BGR,left,32,2.4144082069396973,0.7267314791679382,2.783950090408325
4,238,BGR,right,32,8.805582046508789,28.53548240661621,30.08698272705078
4,239,RGB,left,32,0.5369571447372437,2.389190912246704,2.6057331562042236
4,239,RGB,right,32,0.9834359884262085,28.252973556518555,29.079435348510742
4,239,BGR,left,32,2.0920417308807373,0.811112105846405,2.6057331562042236
4,239,BGR,right,32,8.03874683380127,28.09052085876465,29.079435348510742
4,240,RGB,left,32,0.41927772760391235,2.3024330139160156,2.378659248352051
4,240,RGB,right,32,1.0646814107894897,26.921144485473633,27.658275604248047
4,240,BGR,left,32,2.0305702686309814,0.5951305031776428,2.378659248352051
4,240,BGR,right,32,8.006969451904297,26.091215133666992,27.658275604248047
4,241,RGB,left,32,0.7098666429519653,2.119748830795288,2.238494873046875
4,241,RGB,right,32,0.36015287041664124,27.609195709228516,27.39557456970215
4,241,BGR,left,32,1.882171392440796,0.8332608342170715,2.238494873046875
4,241,BGR,right,32,6.889986515045166,27.266714096069336,27.39557456970215
4,242,RGB,left,32,0.4832978844642639,2.2071115970611572,2.261986255645752
4,242,RGB,right,32,1.7718437910079956,27.0065860748291,28.72675323486328
4,242,BGR,left,32,1.9640687704086304,0.6880066394805908,2.261986255645752
4,242,BGR,right,32,7.851162910461426,25.351537704467773,28.72675323486328
4,243,RGB,left,32,0.41586533188819885,2.0352582931518555,2.304619550704956
4,243,RGB,right,32,1.7697083950042725,26.767515182495117,28.473085403442383
4,243,BGR,left,32,1.887824296951294,0.7622097730636597,2.304619550704956
4,243,BGR,right,32,8.86648178100586,23.52783203125,28.473085403442383
4,244,RGB,left,32,0.2121630758047104,2.1768834590911865,2.1543049812316895
4,244,RGB,right,32,1.1796051263809204,26.627220153808594,25.599565505981445
4,244,BGR,left,32,1.7625446319580078,1.0278432369232178,2.1543049812316895
4,244,BGR,right,32,6.815100193023682,21.908798217773438,25.599565505981445
4,245,RGB,left,32,0.3248497545719147,2.010538339614868,1.801322340965271
4,245,RGB,right,32,0.9677517414093018,24.05903434753418,23.454103469848633
4,245,BGR,left,32,1.536428689956665,0.9268572330474854,1.801322340965271
4,245,BGR,right,32,6.873372554779053,19.88960838317871,23.454103469848633
4,246,RGB,left,32,0.40896546840667725,1.7586541175842285,1.5102835893630981
4,246,RGB,right,32,1.099856972694397,23.8944034576416,23.27911376953125
4,246,BGR,left,32,1.5197886228561401,1.037365436553955,1.5102835893630981
4,246,BGR,right,32,6.943671703338623,19.495384216308594,23.27911376953125
4,247,RGB,left,32,0.4163942337036133,1.7556694746017456,1.393356442451477
4,247,RGB,right,32,0.5577342510223389,23.107810974121094,23.567657470703125
4,247,BGR,left,32,1.4223928451538086,1.0001133680343628,1.393356442451477
4,247,BGR,right,32,7.467771530151367,17.794681549072266,23.567657470703125
4,248,RGB,left,32,0.337178111076355,1.5839533805847168,1.3211790323257446
4,248,RGB,right,32,1.2570085525512695,22.41805076599121,23.705923080444336
4,248,BGR,left,32,1.5240576267242432,1.024760127067566,1.3211790323257446
4,248,BGR,right,32,9.347271919250488,15.94349193572998,23.705923080444336
4,249,RGB,left,32,0.4067174196243286,1.2873926162719727,1.1676455736160278
4,249,RGB,right,32,0.5210942029953003,22.980247497558594,22.84796142578125
4,249,BGR,left,32,1.673576831817627,1.1048040390014648,1.1676455736160278
4,249,BGR,right,32,7.596521377563477,16.596691131591797,22.84796142578125
4,250,RGB,left,32,0.38845914602279663,1.1493961811065674,0.9235138297080994
4,250,RGB,right,32,1.1919105052947998,21.635828018188477,20.789690017700195
4,250,BGR,left,32,1.2956695556640625,0.656366765499115,0.9235138297080994
4,250,BGR,right,32,7.6252827644348145,14.306541442871094,20.789690017700195
4,251,RGB,left,32,0.44804641604423523,1.1770105361938477,0.7393755316734314
4,251,RGB,right,32,2.298029899597168,21.602991104125977,19.378807067871094
4,251,BGR,left,32,1.5088075399398804,1.0783871412277222,0.7393755316734314
4,251,BGR,right,32,4.58838415145874,17.60221290588379,19.378807067871094
4,252,RGB,left,32,0.4174826145172119,1.003397822380066,0.6761773228645325
4,252,RGB,right,32,0.624030351638794,18.87417221069336,18.820646286010742
4,252,BGR,left,32,1.384169578552246,1.125605821609497,0.6761773228645325
4,252,BGR,right,32,4.238261699676514,16.7499942779541,18.820646286010742
4,253,RGB,left,32,0.2670736312866211,0.8348815441131592,0.6622604131698608
4,253,RGB,right,32,0.9112308025360107,16.625822067260742,17.37144660949707
4,253,BGR,left,32,1.5899235010147095,1.3868153095245361,0.6622604131698608
4,253,BGR,right,32,4.042912006378174,18.091848373413086,17.37144660949707
4,254,RGB,left,32,0.4136590361595154,0.8569011688232422,0.6000087261199951
4,254,RGB,right,32,0.6768049001693726,14.370452880859375,14.621159553527832
4,254,BGR,left,32,1.435453176498413,1.4105087518692017,0.6000087261199951
4,254,BGR,right,32,5.295182228088379,18.245880126953125,14.621159553527832
4,255,RGB,left,32,0.3912312388420105,0.7531842589378357,0.47701871395111084
4,255,RGB,right,32,1.1622111797332764,13.191817283630371,12.486305236816406
4,255,BGR,left,32,1.5214142799377441,1.6061952114105225,0.47701871395111084
4,255,BGR,right,32,6.746682167053223,18.352075576782227,12.486305236816406
4,256,RGB,left,32,0.4237217903137207,0.67410808801651,0.41044628620147705
4,256,RGB,right,32,0.18123140931129456,11.474383354187012,11.591412544250488
4,256,BGR,left,32,1.2968010902404785,1.5156965255737305,0.41044628620147705
4,256,BGR,right,32,6.18242883682251,17.260793685913086,11.591412544250488
4,257,RGB,left,32,0.47409090399742126,0.7152895331382751,0.43813759088516235
4,257,RGB,right,32,0.6147832870483398,11.284937858581543,10.853548049926758
4,257,BGR,left,32,1.5370639562606812,1.9042621850967407,0.43813759088516235
4,257,BGR,right,32,5.652381896972656,15.915738105773926,10.853548049926758
4,258,RGB,left,32,0.4109687805175781,0.7232769727706909,0.49127089977264404
4,258,RGB,right,32,0.2515867352485657,9.843133926391602,9.7680082321167
4,258,BGR,left,32,1.373117446899414,1.8204874992370605,0.49127089977264404
4,258,BGR,right,32,6.569865703582764,16.070741653442383,9.7680082321167
4,259,RGB,left,32,0.28895607590675354,0.7377757430076599,0.5344846248626709
4,259,RGB,right,32,0.572254478931427,9.111745834350586,8.614184379577637
4,259,BGR,left,32,1.390648603439331,1.8325575590133667,0.5344846248626709
4,259,BGR,right,32,5.635375022888184,14.067312240600586,8.614184379577637
4,260,RGB,left,32,0.2899938225746155,0.7202634215354919,0.5352098941802979
4,260,RGB,right,32,0.8710336089134216,8.920822143554688,8.156596183776855
4,260,BGR,left,32,1.6499232053756714,2.0716960430145264,0.5352098941802979
4,260,BGR,right,32,5.7724409103393555,13.745573997497559,8.156596183776855
4,261,RGB,left,32,0.2728724479675293,0.6693283915519714,0.5030977129936218
4,261,RGB,right,32,0.753319263458252,9.311650276184082,8.589094161987305
4,261,BGR,left,32,1.9760106801986694,2.325509786605835,0.5030977129936218
4,261,BGR,right,32,6.031219005584717,14.26073932647705,8.589094161987305
4,262,RGB,left,32,0.302322655916214,0.6800529956817627,0.4964463412761688
4,262,RGB,right,32,0.9595046639442444,9.174773216247559,9.059449195861816
4,262,BGR,left,32,2.071774959564209,2.340845823287964,0.4964463412761688
4,262,BGR,right,32,5.300630569458008,13.619059562683105,9.059449195861816
4,263,RGB,left,32,0.3634142279624939,0.6459462642669678,0.4917583465576172
4,263,RGB,right,32,0.855261504650116,9.710600852966309,9.124407768249512
4,263,BGR,left,32,2.0353894233703613,2.2489330768585205,0.4917583465576172
4,263,BGR,right,32,6.396820068359375,14.539619445800781,9.124407768249512
4,264,RGB,left,32,0.3322071433067322,0.5948570370674133,0.48215919733047485
4,264,RGB,right,32,0.6943225264549255,9.655445098876953,9.038713455200195
4,264,BGR,left,32,2.02022123336792,2.1208903789520264,0.48215919733047485
4,264,BGR,right,32,5.7474565505981445,13.473187446594238,9.038713455200195
4,265,RGB,left,32,0.3047347068786621,0.5200720429420471,0.4795409142971039
4,265,RGB,right,32,0.45919010043144226,9.132159233093262,9.147736549377441
4,265,BGR,left,32,2.150139808654785,2.0942864418029785,0.4795409142971039
4,265,BGR,right,32,5.507057189941406,12.369852066040039,9.147736549377441
4,266,RGB,left,32,0.3536173701286316,0.5411654114723206,0.4890846908092499
4,266,RGB,right,32,0.7105977535247803,10.079957962036133,9.555441856384277
4,266,BGR,left,32,2.2293269634246826,2.0588114261627197,0.4890846908092499
4,266,BGR,right,32,6.794789791107178,13.50871467590332,9.555441856384277
4,267,RGB,left,32,0.2749095559120178,0.5111587047576904,0.4871521592140198
4,267,RGB,right,32,0.41031789779663086,10.145626068115234,10.132433891296387
4,267,BGR,left,32,1.8955813646316528,1.6710489988327026,0.4871521592140198
4,267,BGR,right,32,5.207606315612793,11.583154678344727,10.132433891296387
4,268,RGB,left,32,0.3023841679096222,0.49994605779647827,0.5080979466438293
4,268,RGB,right,32,0.4690276086330414,10.280632972717285,10.418437004089355
4,268,BGR,left,32,1.8222771883010864,1.5899717807769775,0.5080979466438293
4,268,BGR,right,32,5.18644380569458,11.182328224182129,10.418437004089355
4,269,RGB,left,32,0.26477232575416565,0.4578152000904083,0.5653582811355591
4,269,RGB,right,32,0.5354814529418945,10.144495964050293,10.309219360351562
4,269,BGR,left,32,1.5450581312179565,1.4203476905822754,0.5653582811355591
4,269,BGR,right,32,4.487596035003662,10.89107608795166,10.309219360351562
4,270,RGB,left,32,0.12707017362117767,0.5132204294204712,0.5975910425186157
4,270,RGB,right,32,0.8851441144943237,10.62388801574707,10.339818954467773
4,270,BGR,left,32,1.1526553630828857,1.2995491027832031,0.5975910425186157
4,270,BGR,right,32,3.446911334991455,10.652639389038086,10.339818954467773
4,271,RGB,left,32,0.22437995672225952,0.5418974757194519,0.6136927008628845
4,271,RGB,right,32,0.71169114112854,10.129989624023438,10.286174774169922
4,271,BGR,left,32,1.2976385354995728,1.5115116834640503,0.6136927008628845
4,271,BGR,right,32,3.9791488647460938,10.909266471862793,10.286174774169922
4,272,RGB,left,32,0.22117698192596436,0.4891684949398041,0.6007177233695984
4,272,RGB,right,32,0.4715474247932434,10.184114456176758,10.090278625488281
4,272,BGR,left,32,1.3963838815689087,1.613066554069519,0.6007177233695984
4,272,BGR,right,32,3.317561149597168,11.010893821716309,10.090278625488281
4,273,RGB,left,32,0.20630410313606262,0.5921841859817505,0.5947959423065186
4,273,RGB,right,32,0.6889240741729736,10.153146743774414,10.250141143798828
4,273,BGR,left,32,1.4632518291473389,1.7771553993225098,0.5947959423065186
4,273,BGR,right,32,3.7595674991607666,11.1231107711792,10.250141143798828
4,274,RGB,left,32,0.20985589921474457,0.4859861135482788,0.6360579133033752
4,274,RGB,right,32,0.4753166437149048,10.205829620361328,10.243599891662598
4,274,BGR,left,32,0.9445601105690002,1.430382490158081,0.6360579133033752
4,274,BGR,right,32,2.9465999603271484,10.781571388244629,10.243599891662598
4,275,RGB,left,32,0.09830204397439957,0.5798020362854004,0.676712691783905
4,275,RGB,right,32,0.4054638147354126,9.874229431152344,9.803863525390625
4,275,BGR,left,32,0.8739171028137207,1.461004614830017,0.676712691783905
4,275,BGR,right,32,2.393537998199463,10.410400390625,9.803863525390625
4,276,RGB,left,32,0.091645747423172,0.6153074502944946,0.7133976817131042
4,276,RGB,right,32,0.5317491888999939,9.861322402954102,9.42021656036377
4,276,BGR,left,32,0.49159494042396545,1.145100712776184,0.7133976817131042
4,276,BGR,right,32,0.7560591697692871,9.96843147277832,9.42021656036377
4,277,RGB,left,32,0.24960920214653015,0.9092318415641785,0.7770698070526123
4,277,RGB,right,32,1.0746945142745972,10.21227741241455,9.218558311462402
4,277,BGR,left,32,0.696063756942749,1.2334407567977905,0.7770698070526123
4,277,BGR,right,32,0.9687902331352234,9.82887077331543,9.218558311462402
4,278,RGB,left,32,0.2920304238796234,0.9348471760749817,0.8522107601165771
4,278,RGB,right,32,0.8685041666030884,9.760275840759277,8.987415313720703
4,278,BGR,left,32,0.6393038034439087,0.8470373153686523,0.8522107601165771
4,278,BGR,right,32,2.561858654022217,9.232898712158203,8.987415313720703
4,279,RGB,left,32,0.35159870982170105,0.9765858054161072,0.9308867454528809
4,279,RGB,right,32,1.2757179737091064,9.956387519836426,8.971424102783203
4,279,BGR,left,32,0.8020597696304321,0.7888240814208984,0.9308867454528809
4,279,BGR,right,32,2.747767686843872,8.663470268249512,8.971424102783203
4,280,RGB,left,32,0.47296541929244995,1.0457497835159302,1.011361002922058
4,280,RGB,right,32,0.3880130648612976,8.989119529724121,8.839487075805664
4,280,BGR,left,32,1.017344355583191,0.969306468963623,1.011361002922058
4,280,BGR,right,32,3.614304780960083,7.731573104858398,8.839487075805664
4,281,RGB,left,32,0.4611053466796875,1.0283982753753662,1.046658992767334
4,281,RGB,right,32,0.24370701611042023,8.237313270568848,8.161499977111816
4,281,BGR,left,32,1.236316442489624,0.9690645933151245,1.046658992767334
4,281,BGR,right,32,4.867641925811768,7.096028804779053,8.161499977111816
4,282,RGB,left,32,0.40641072392463684,1.0120213031768799,1.0317333936691284
4,282,RGB,right,32,0.6353995203971863,8.347147941589355,7.766969680786133
4,282,BGR,left,32,1.271619200706482,1.0543304681777954,1.0317333936691284
4,282,BGR,right,32,5.458812713623047,7.0771589279174805,7.766969680786133
4,283,RGB,left,32,0.3650951683521271,0.9226433634757996,1.032642126083374
4,283,RGB,right,32,1.106514811515808,8.73604965209961,7.982916355133057
4,283,BGR,left,32,1.4490965604782104,1.02278733253479,1.032642126083374
4,283,BGR,right,32,4.802608489990234,7.071747303009033,7.982916355133057
4,284,RGB,left,32,0.3724639415740967,0.8576450347900391,1.022850513458252
4,284,RGB,right,32,0.7851152420043945,7.834113121032715,7.97536039352417
4,284,BGR,left,32,1.5161683559417725,1.152655839920044,1.022850513458252
4,284,BGR,right,32,4.775053977966309,6.620466709136963,7.97536039352417
4,285,RGB,left,32,0.38453957438468933,0.6885837912559509,0.968912661075592
4,285,RGB,right,32,0.7757195830345154,7.316839218139648,7.477649211883545
4,285,BGR,left,32,1.464612603187561,1.0647951364517212,0.968912661075592
4,285,BGR,right,32,4.724672317504883,6.110141277313232,7.477649211883545
4,286,RGB,left,32,0.40435031056404114,0.6104831695556641,0.9376825094223022
4,286,RGB,right,32,0.7156139016151428,7.016898155212402,6.705475807189941
4,286,BGR,left,32,1.3974473476409912,0.9959790706634521,0.9376825094223022
4,286,BGR,right,32,4.1820573806762695,5.399855136871338,6.705475807189941
4,287,RGB,left,32,0.27522963285446167,0.7229594588279724,0.9519858956336975
4,287,RGB,right,32,1.038260817527771,6.5076584815979,6.264251708984375
4,287,BGR,left,32,1.2442208528518677,1.040095329284668,0.9519858956336975
4,287,BGR,right,32,4.278706073760986,5.474795818328857,6.264251708984375
4,288,RGB,left,32,0.11993394792079926,0.8733505606651306,0.9536149501800537
4,288,RGB,right,32,0.6049606800079346,6.419366359710693,6.1569719314575195
4,288,BGR,left,32,1.1826262474060059,0.9768026471138,0.9536149501800537
4,288,BGR,right,32,3.274684429168701,5.238065719604492,6.1569719314575195
4,289,RGB,left,32,0.33640989661216736,0.6793190240859985,0.9118550419807434
4,289,RGB,right,32,1.1418086290359497,6.354150295257568,5.602532386779785
4,289,BGR,left,32,1.2051212787628174,0.929469883441925,0.9118550419807434
4,289,BGR,right,32,2.4174516201019287,4.990731239318848,5.602532386779785
4,290,RGB,left,32,0.39079561829566956,0.7756850719451904,0.8526819348335266
4,290,RGB,right,32,0.7872524857521057,5.516801834106445,4.917484760284424
4,290,BGR,left,32,1.03177809715271,0.8968674540519714,0.8526819348335266
4,290,BGR,right,32,2.8928680419921875,5.461799621582031,4.917484760284424
4,291,RGB,left,32,0.46368837356567383,0.8064205646514893,0.8102654814720154
4,291,RGB,right,32,0.8769728541374207,4.847639560699463,4.217562198638916
4,291,BGR,left,32,0.8529219031333923,0.8286062479019165,0.8102654814720154
4,291,BGR,right,32,3.6919875144958496,5.84201717376709,4.217562198638916
4,292,RGB,left,32,0.42394310235977173,0.8174366354942322,0.803447425365448
4,292,RGB,right,32,1.312947392463684,4.6806111335754395,3.7007663249969482
4,292,BGR,left,32,0.7997689247131348,0.8818013668060303,0.803447425365448
4,292,BGR,right,32,3.6785504817962646,5.597604751586914,3.7007663249969482
4,293,RGB,left,32,0.4469812214374542,0.7660243511199951,0.7980377078056335
4,293,RGB,right,32,0.5585269331932068,4.154173851013184,3.6034600734710693
4,293,BGR,left,32,0.7214023470878601,0.9191335439682007,0.7980377078056335
4,293,BGR,right,32,3.8325278759002686,5.787298679351807,3.6034600734710693
4,294,RGB,left,32,0.3954005837440491,0.6614351868629456,0.7518196702003479
4,294,RGB,right,32,0.7555496096611023,4.124515533447266,4.055826187133789
4,294,BGR,left,32,0.860256552696228,0.9727033972740173,0.7518196702003479
4,294,BGR,right,32,2.2433481216430664,4.947327613830566,4.055826187133789
4,295,RGB,left,32,0.3471646010875702,0.7049810290336609,0.6749981641769409
4,295,RGB,right,32,1.640824794769287,4.766017436981201,4.431329250335693
4,295,BGR,left,32,0.7946021556854248,1.0158207416534424,0.6749981641769409
4,295,BGR,right,32,1.9397433996200562,4.854366302490234,4.431329250335693
4,296,RGB,left,32,0.3649747669696808,0.6819010972976685,0.6306470036506653
4,296,RGB,right,32,1.992006540298462,6.081888675689697,4.673666000366211
4,296,BGR,left,32,1.0028080940246582,1.1897755861282349,0.6306470036506653
4,296,BGR,right,32,1.8100708723068237,5.8390583992004395,4.673666000366211
4,297,RGB,left,32,0.2683112621307373,0.7760694622993469,0.6557931303977966
4,297,RGB,right,32,0.538776159286499,5.815858364105225,5.790701866149902
4,297,BGR,left,32,0.9765692353248596,1.2626466751098633,0.6557931303977966
4,297,BGR,right,32,2.6828298568725586,5.269965171813965,5.790701866149902
4,298,RGB,left,32,0.2931232452392578,0.6571000814437866,0.7252427935600281
4,298,RGB,right,32,1.967929720878601,5.395166873931885,7.4156413078308105
4,298,BGR,left,32,0.8570006489753723,1.2301652431488037,0.7252427935600281
4,298,BGR,right,32,4.483879089355469,4.665112495422363,7.4156413078308105
4,299,RGB,left,32,0.13257217407226562,0.6986879706382751,0.7943658232688904
4,299,RGB,right,32,0.7520329356193542,8.542863845825195,9.234151840209961
4,299,BGR,left,32,0.9031684994697571,1.3479080200195312,0.7943658232688904
4,299,BGR,right,32,4.063801288604736,6.317981243133545,9.234151840209961
4,300,RGB,left,32,0.19713233411312103,0.7615213990211487,0.8496522307395935
4,300,RGB,right,32,1.6682310104370117,12.540694236755371,11.16325569152832
4,300,BGR,left,32,0.7455956339836121,1.375913143157959,0.8496522307395935
4,300,BGR,right,32,3.350978136062622,8.667645454406738,11.16325569152832
4,301,RGB,left,32,0.23587150871753693,0.6828802824020386,0.9016158580780029
4,301,RGB,right,32,0.5126742720603943,12.911904335021973,13.067127227783203
4,301,BGR,left,32,0.5548750758171082,1.2417012453079224,0.9016158580780029
4,301,BGR,right,32,5.565773963928223,7.829909324645996,13.067127227783203
4,302,RGB,left,32,0.0947045087814331,0.8836807012557983,0.9588971734046936
4,302,RGB,right,32,1.1088796854019165,15.117314338684082,15.835050582885742
4,302,BGR,left,32,0.7211741805076599,1.6042441129684448,0.9588971734046936
4,302,BGR,right,32,6.239053726196289,10.050288200378418,15.835050582885742
4,303,RGB,left,32,0.23903122544288635,1.1236348152160645,1.0766633749008179
4,303,RGB,right,32,1.613538146018982,21.309267044067383,19.86217498779297
4,303,BGR,left,32,0.6325733065605164,1.6230701208114624,1.0766633749008179
4,303,BGR,right,32,7.155330181121826,12.84184455871582,19.86217498779297
4,304,RGB,left,32,0.24541491270065308,1.2149723768234253,1.2672775983810425
4,304,RGB,right,32,0.5825373530387878,23.965078353881836,23.76674461364746
4,304,BGR,left,32,0.5789070725440979,1.7850449085235596,1.2672775983810425
4,304,BGR,right,32,9.126642227172852,14.767477035522461,23.76674461364746
4,305,RGB,left,32,0.3567984700202942,1.2693309783935547,1.4226155281066895
4,305,RGB,right,32,0.6202678084373474,26.9864501953125,27.277097702026367
4,305,BGR,left,32,0.41901278495788574,1.7498387098312378,1.4226155281066895
4,305,BGR,right,32,10.79126262664795,16.561071395874023,27.277097702026367
4,306,RGB,left,32,0.4794244170188904,1.7236918210983276,1.5138407945632935
4,306,RGB,right,32,0.9969871044158936,30.713741302490234,30.73457908630371
4,306,BGR,left,32,0.5424338579177856,1.9838624000549316,1.5138407945632935
4,306,BGR,right,32,9.704438209533691,21.072601318359375,30.73457908630371
4,307,RGB,left,32,0.44101861119270325,1.8735966682434082,1.6090270280838013
4,307,RGB,right,32,0.8409349322319031,34.09553146362305,33.822261810302734
4,307,BGR,left,32,0.7080622315406799,2.216470718383789,1.6090270280838013
4,307,BGR,right,32,8.78640365600586,25.083768844604492,33.822261810302734
4,308,RGB,left,32,0.3034745454788208,1.9495139122009277,1.760066270828247
4,308,RGB,right,32,0.6134947538375854,35.899131774902344,36.22185134887695
4,308,BGR,left,32,0.7241335511207581,2.2834432125091553,1.760066270828247
4,308,BGR,right,32,9.15035343170166,27.18286895751953,36.22185134887695
4,309,RGB,left,32,0.42565518617630005,2.1104934215545654,1.9482418298721313
4,309,RGB,right,32,0.8409489393234253,36.71718978881836,37.52212142944336
4,309,BGR,left,32,0.9949849843978882,2.656928777694702,1.9482418298721313
4,309,BGR,right,32,6.67911958694458,31.037065505981445,37.52212142944336
4,310,RGB,left,32,0.4727556109428406,2.4132347106933594,2.1252400875091553
4,310,RGB,right,32,1.3116562366485596,38.46891403198242,37.35388946533203
4,310,BGR,left,32,1.166204810142517,2.8739261627197266,2.1252400875091553
4,310,BGR,right,32,1.3079928159713745,37.0175895690918,37.35388946533203
4,311,RGB,left,32,0.5016242265701294,2.6576480865478516,2.3680593967437744
4,311,RGB,right,32,1.8364126682281494,39.49300003051758,37.760108947753906
4,311,BGR,left,32,1.2176265716552734,3.1145927906036377,2.3680593967437744
4,311,BGR,right,32,4.493081092834473,41.70938491821289,37.760108947753906
4,312,RGB,left,32,0.5120486617088318,3.1420388221740723,2.7302308082580566
4,312,RGB,right,32,0.387870728969574,41.18017578125,40.814208984375
4,312,BGR,left,32,1.4313640594482422,3.447483539581299,2.7302308082580566
4,312,BGR,right,32,4.258470058441162,43.95848846435547,40.814208984375
4,313,RGB,left,32,0.5738211274147034,3.5385329723358154,3.0666842460632324
4,313,RGB,right,32,0.32518112659454346,43.32075500488281,43.32482147216797
4,313,BGR,left,32,1.4401413202285767,3.6699531078338623,3.0666842460632324
4,313,BGR,right,32,4.192558765411377,45.39882278442383,43.32482147216797
4,314,RGB,left,32,0.5387536287307739,3.725254774093628,3.3155765533447266
4,314,RGB,right,32,2.062110424041748,42.023799896240234,43.932334899902344
4,314,BGR,left,32,1.3677750825881958,3.2996826171875,3.3155765533447266
4,314,BGR,right,32,4.684593677520752,43.37069320678711,43.932334899902344
4,315,RGB,left,32,0.3645532727241516,3.621356248855591,3.503998041152954
4,315,RGB,right,32,1.0943794250488281,43.111328125,44.1663703918457
4,315,BGR,left,32,1.5175601243972778,3.362748146057129,3.503998041152954
4,315,BGR,right,32,6.301517963409424,46.74570846557617,44.1663703918457
4,316,RGB,left,32,0.4488094449043274,3.692115306854248,3.6071560382843018
4,316,RGB,right,32,0.7003298401832581,45.485042572021484,45.01030731201172
4,316,BGR,left,32,1.66583251953125,3.174837112426758,3.6071560382843018
4,316,BGR,right,32,6.9673333168029785,45.82975769042969,45.01030731201172
4,317,RGB,left,32,0.5841560363769531,3.9316864013671875,3.658794403076172
4,317,RGB,right,32,0.6543146371841431,46.28495788574219,46.57888412475586
4,317,BGR,left,32,1.6632776260375977,3.2822980880737305,3.658794403076172
4,317,BGR,right,32,7.547445774078369,47.859066009521484,46.57888412475586
4,318,RGB,left,32,0.3250243067741394,3.6485776901245117,3.7017931938171387
4,318,RGB,right,32,0.7206140160560608,47.456390380859375,47.3582649230957
4,318,BGR,left,32,1.7346606254577637,3.059183359146118,3.7017931938171387
4,318,BGR,right,32,8.319083213806152,48.17723083496094,47.3582649230957
4,319,RGB,left,32,0.40426918864250183,3.621613025665283,3.592460870742798
4,319,RGB,right,32,1.5491780042648315,43.65867233276367,45.121402740478516
4,319,BGR,left,32,1.810156226158142,2.7219691276550293,3.592460870742798
4,319,BGR,right,32,8.037110328674316,46.1485710144043,45.121402740478516
4,320,RGB,left,32,0.5666540861129761,3.7158303260803223,3.3750054836273193
4,320,RGB,right,32,1.9301819801330566,43.4312858581543,41.659786224365234
4,320,BGR,left,32,1.6817070245742798,2.7265517711639404,3.3750054836273193
4,320,BGR,right,32,9.307258605957031,46.75958251953125,41.659786224365234
4,321,RGB,left,32,0.685082197189331,3.8871424198150635,3.349944591522217
4,321,RGB,right,32,2.4223456382751465,43.670135498046875,41.21577072143555
4,321,BGR,left,32,1.8088608980178833,2.7652554512023926,3.349944591522217
4,321,BGR,right,32,10.886392593383789,47.24846267700195,41.21577072143555
4,322,RGB,left,32,0.7343282103538513,3.9001946449279785,3.405498743057251
4,322,RGB,right,32,0.8627642393112183,42.05963134765625,41.642791748046875
4,322,BGR,left,32,1.717198133468628,2.789886713027954,3.405498743057251
4,322,BGR,right,32,10.87499713897705,47.11793518066406,41.642791748046875
4,323,RGB,left,32,0.7070850133895874,3.5766665935516357,3.3746259212493896
4,323,RGB,right,32,1.4553592205047607,39.235992431640625,40.38422393798828
4,323,BGR,left,32,1.9386311769485474,3.0600404739379883,3.3746259212493896
4,323,BGR,right,32,12.229605674743652,47.83392333984375,40.38422393798828
4,324,RGB,left,32,0.6527597308158875,3.5210697650909424,3.286532402038574
4,324,RGB,right,32,0.6245916485786438,38.24441909790039,37.952579498291016
4,324,BGR,left,32,1.8534926176071167,3.0095698833465576,3.286532402038574
4,324,BGR,right,32,12.975733757019043,45.71328353881836,37.952579498291016
4,325,RGB,left,32,0.6899359226226807,3.6305320262908936,3.2516121864318848
4,325,RGB,right,32,3.1926333904266357,39.34516143798828,37.15754318237305
4,325,BGR,left,32,2.040670871734619,2.7353365421295166,3.2516121864318848
4,325,BGR,right,32,11.221622467041016,42.70588684082031,37.15754318237305
4,326,RGB,left,32,0.4844326078891754,3.5857157707214355,3.3388679027557373
4,326,RGB,right,32,0.8965283036231995,39.848060607910156,39.739845275878906
4,326,BGR,left,32,1.9206371307373047,2.5976645946502686,3.3388679027557373
4,326,BGR,right,32,12.061868667602539,41.78749465942383,39.739845275878906
4,327,RGB,left,32,0.4651779532432556,3.425769329071045,3.410865306854248
4,327,RGB,right,32,2.2905592918395996,40.23636245727539,42.396575927734375
4,327,BGR,left,32,2.103778123855591,2.9258437156677246,3.410865306854248
4,327,BGR,right,32,13.350194931030273,40.0213737487793,42.396575927734375
4,328,RGB,left,32,0.44244489073753357,3.5613157749176025,3.2873544692993164
4,328,RGB,right,32,1.1619991064071655,40.473594665527344,41.4579963684082
4,328,BGR,left,32,1.7680349349975586,2.8738324642181396,3.2873544692993164
4,328,BGR,right,32,13.327723503112793,39.385902404785156,41.4579963684082
4,329,RGB,left,32,0.3279217779636383,3.1160483360290527,2.953994035720825
4,329,RGB,right,32,1.4781349897384644,36.21172332763672,37.22701644897461
4,329,BGR,left,32,1.597530484199524,2.6364638805389404,2.953994035720825
4,329,BGR,right,32,11.655732154846191,35.992225646972656,37.22701644897461
4,330,RGB,left,32,0.5319536924362183,3.2212886810302734,2.73185133934021
4,330,RGB,right,32,0.7937437295913696,35.0272216796875,34.89004898071289
4,330,BGR,left,32,1.424367904663086,2.9383201599121094,2.73185133934021
4,330,BGR,right,32,11.521032333374023,34.3834114074707,34.89004898071289
4,331,RGB,left,32,0.5278864502906799,3.2556710243225098,2.768406867980957
4,331,RGB,right,32,0.908334493637085,37.03073501586914,36.369659423828125
4,331,BGR,left,32,1.2279300689697266,2.837118148803711,2.768406867980957
4,331,BGR,right,32,13.483611106872559,34.626708984375,36.369659423828125
4,332,RGB,left,32,0.41750213503837585,3.154564619064331,2.8512136936187744
4,332,RGB,right,32,2.2272732257843018,38.458763122558594,37.866451263427734
4,332,BGR,left,32,1.2263741493225098,2.965414524078369,2.8512136936187744
4,332,BGR,right,32,15.021747589111328,35.556453704833984,37.866451263427734
4,333,RGB,left,32,0.46890124678611755,3.2388103008270264,2.7822582721710205
4,333,RGB,right,32,0.5778114199638367,35.98517990112305,36.31114196777344
4,333,BGR,left,32,1.359379768371582,3.072265148162842,2.7822582721710205
4,333,BGR,right,32,12.732373237609863,32.99324035644531,36.31114196777344
4,334,RGB,left,32,0.4315313398838043,2.958244800567627,2.5792899131774902
4,334,RGB,right,32,0.649308443069458,32.871219635009766,33.427310943603516
4,334,BGR,left,32,0.9198969602584839,2.5686700344085693,2.5792899131774902
4,334,BGR,right,32,11.848602294921875,29.288833618164062,33.427310943603516
4,335,RGB,left,32,0.5993349552154541,3.1055197715759277,2.5648279190063477
4,335,RGB,right,32,1.9791231155395508,34.97248840332031,33.00798416137695
4,335,BGR,left,32,1.0737249851226807,2.318429708480835,2.5648279190063477
4,335,BGR,right,32,11.792325973510742,29.230915069580078,33.00798416137695
4,336,RGB,left,32,0.24353665113449097,2.878587484359741,2.8214616775512695
4,336,RGB,right,32,1.4062247276306152,33.35393142700195,33.979766845703125
4,336,BGR,left,32,1.4962396621704102,2.311169385910034,2.8214616775512695
4,336,BGR,right,32,10.980042457580566,29.59446144104004,33.979766845703125
4,337,RGB,left,32,0.2653561234474182,2.865527391433716,3.0219197273254395
4,337,RGB,right,32,1.7447140216827393,33.01199722290039,34.27486038208008
4,337,BGR,left,32,1.625598430633545,2.096709728240967,3.0219197273254395
4,337,BGR,right,32,10.646352767944336,28.789796829223633,34.27486038208008
4,338,RGB,left,32,0.3792864978313446,2.7242860794067383,2.9523744583129883
4,338,RGB,right,32,1.2839772701263428,31.64634132385254,32.6083984375
4,338,BGR,left,32,1.8126349449157715,1.8591312170028687,2.9523744583129883
4,338,BGR,right,32,10.263336181640625,27.94256019592285,32.6083984375
4,339,RGB,left,32,0.3013903796672821,2.489837884902954,2.684307813644409
4,339,RGB,right,32,1.0290114879608154,31.03156089782715,30.30759048461914
4,339,BGR,left,32,1.5375137329101562,1.628259301185608,2.684307813644409
4,339,BGR,right,32,9.28886604309082,26.617294311523438,30.30759048461914
4,340,RGB,left,32,0.21905264258384705,2.6004905700683594,2.569173812866211
4,340,RGB,right,32,0.19204309582710266,30.84103012084961,30.741680145263672
4,340,BGR,left,32,1.3824505805969238,1.7190651893615723,2.569173812866211
4,340,BGR,right,32,8.694299697875977,26.435964584350586,30.741680145263672
4,341,RGB,left,32,0.19322021305561066,2.6461243629455566,2.7369658946990967
4,341,RGB,right,32,1.04022216796875,32.26176834106445,32.4098014831543
4,341,BGR,left,32,1.588312029838562,1.718456506729126,2.7369658946990967
4,341,BGR,right,32,7.577047348022461,27.433074951171875,32.4098014831543
4,342,RGB,left,32,0.42852792143821716,2.532010793685913,2.8931262493133545
4,342,RGB,right,32,2.3379971981048584,30.26576805114746,32.19443893432617
4,342,BGR,left,32,1.685939073562622,1.6620174646377563,2.8931262493133545
4,342,BGR,right,32,6.920700550079346,26.825368881225586,32.19443893432617
4,343,RGB,left,32,0.32392677664756775,2.4807426929473877,2.7659661769866943
4,343,RGB,right,32,1.041214942932129,30.09518814086914,29.964038848876953
4,343,BGR,left,32,1.5180742740631104,1.6859545707702637,2.7659661769866943
4,343,BGR,right,32,5.661519527435303,26.309154510498047,29.964038848876953
4,344,RGB,left,32,0.43926700949668884,2.373178482055664,2.398792028427124
4,344,RGB,right,32,2.1051599979400635,30.21797752380371,28.317678451538086
4,344,BGR,left,32,1.018535852432251,1.6808102130889893,2.398792028427124
4,344,BGR,right,32,6.3988518714904785,24.908756256103516,28.317678451538086
4,345,RGB,left,32,0.3271907567977905,2.2547099590301514,2.1153926849365234
4,345,RGB,right,32,0.6255249381065369,28.179824829101562,28.295347213745117
4,345,BGR,left,32,0.9106277227401733,1.8452152013778687,2.1153926849365234
4,345,BGR,right,32,6.236386299133301,24.448930740356445,28.295347213745117
4,346,RGB,left,32,0.2643390893936157,2.144929885864258,2.017880916595459
4,346,RGB,right,32,1.121349573135376,27.71150016784668,28.868545532226562
4,346,BGR,left,32,0.9450806975364685,1.7315819263458252,2.017880916595459
4,346,BGR,right,32,6.4494853019714355,24.903806686401367,28.868545532226562
4,347,RGB,left,32,0.4483664631843567,2.195316791534424,1.9747824668884277
4,347,RGB,right,32,1.8738363981246948,27.11952781677246,28.0821590423584
4,347,BGR,left,32,1.0290427207946777,1.923666000366211,1.9747824668884277
4,347,BGR,right,32,8.090333938598633,22.498676300048828,28.0821590423584
4,348,RGB,left,32,0.2931565046310425,1.8682196140289307,1.7941105365753174
4,348,RGB,right,32,0.6124724745750427,25.545265197753906,25.40622329711914
4,348,BGR,left,32,1.0008538961410522,1.7251877784729004,1.7941105365753174
4,348,BGR,right,32,7.852749824523926,22.352127075195312,25.40622329711914
4,349,RGB,left,32,0.43904414772987366,1.7744091749191284,1.4373915195465088
4,349,RGB,right,32,1.8945099115371704,24.7480411529541,23.019994735717773
4,349,BGR,left,32,1.0152130126953125,1.745181679725647,1.4373915195465088
4,349,BGR,right,32,7.662666320800781,21.071653366088867,23.019994735717773
4,350,RGB,left,32,0.3437977731227875,1.4145272970199585,1.1312282085418701
4,350,RGB,right,32,0.9511966705322266,21.99549674987793,21.693281173706055
4,350,BGR,left,32,1.2417227029800415,1.608102798461914,1.1312282085418701
4,350,BGR,right,32,11.300457954406738,17.070804595947266,21.693281173706055
4,351,RGB,left,32,0.30677294731140137,1.2194384336471558,0.9598603844642639
4,351,RGB,right,32,1.0364500284194946,21.02301597595215,20.711185455322266
4,351,BGR,left,32,1.049392819404602,1.3916629552841187,0.9598603844642639
4,351,BGR,right,32,11.102797508239746,17.920867919921875,20.711185455322266
4,352,RGB,left,32,0.24707649648189545,1.058429479598999,0.8526299595832825
4,352,RGB,right,32,0.3798238933086395,19.673095703125,19.507556915283203
4,352,BGR,left,32,1.2286510467529297,1.5661840438842773,0.8526299595832825
4,352,BGR,right,32,10.832124710083008,16.17449378967285,19.507556915283203
4,353,RGB,left,32,0.20421668887138367,0.9046889543533325,0.7561595439910889
4,353,RGB,right,32,0.5505613088607788,18.364452362060547,17.990198135375977
4,353,BGR,left,32,1.2816221714019775,1.3343918323516846,0.7561595439910889
4,353,BGR,right,32,9.281198501586914,14.479333877563477,17.990198135375977
4,354,RGB,left,32,0.06268387287855148,0.6212469935417175,0.6584706902503967
4,354,RGB,right,32,0.3108839690685272,16.338136672973633,16.404037475585938
4,354,BGR,left,32,1.1444194316864014,1.1660629510879517,0.6584706902503967
4,354,BGR,right,32,8.293558120727539,13.514761924743652,16.404037475585938
4,355,RGB,left,32,0.24022383987903595,0.5278999209403992,0.5641940832138062
4,355,RGB,right,32,1.3881504535675049,16.268836975097656,14.887508392333984
4,355,BGR,left,32,1.193474292755127,1.2633143663406372,0.5641940832138062
4,355,BGR,right,32,6.833113670349121,12.274673461914062,14.887508392333984
4,356,RGB,left,32,0.1992800384759903,0.4241194725036621,0.4772358536720276
4,356,RGB,right,32,1.1713649034500122,14.4641752243042,13.782358169555664
4,356,BGR,left,32,1.0302066802978516,1.2664874792099,0.4772358536720276
4,356,BGR,right,32,6.615723133087158,10.701619148254395,13.782358169555664
4,357,RGB,left,32,0.2164001315832138,0.3987813889980316,0.43669435381889343
4,357,RGB,right,32,1.6987181901931763,13.424423217773438,13.135629653930664
4,357,BGR,left,32,1.0788331031799316,1.411144733428955,0.43669435381889343
4,357,BGR,right,32,6.890348434448242,8.3326416015625,13.135629653930664
4,358,RGB,left,32,0.12438326328992844,0.34341439604759216,0.4198574721813202
4,358,RGB,right,32,0.5547899007797241,12.12753677368164,12.212322235107422
4,358,BGR,left,32,0.8717389106750488,1.1728397607803345,0.4198574721813202
4,358,BGR,right,32,5.827756881713867,8.639062881469727,12.212322235107422
4,359,RGB,left,32,0.1340341567993164,0.2064363807439804,0.37911257147789
4,359,RGB,right,32,1.1222714185714722,11.890161514282227,10.878127098083496
4,359,BGR,left,32,0.554187536239624,0.7764820456504822,0.37911257147789
4,359,BGR,right,32,5.906105995178223,5.203311443328857,10.878127098083496
4,360,RGB,left,32,0.17824360728263855,0.15299436450004578,0.32477837800979614
4,360,RGB,right,32,0.5368112921714783,10.08647346496582,9.567219734191895
4,360,BGR,left,32,0.2779270112514496,0.20597542822360992,0.32477837800979614
4,360,BGR,right,32,6.958400726318359,2.6468467712402344,9.567219734191895
4,361,RGB,left,32,0.18450979888439178,0.4063927233219147,0.2875651717185974
4,361,RGB,right,32,1.1944878101348877,9.574868202209473,8.40238094329834
4,361,BGR,left,32,0.259416401386261,0.41694334149360657,0.2875651717185974
4,361,BGR,right,32,5.110972881317139,3.5188558101654053,8.40238094329834
4,362,RGB,left,32,0.11184750497341156,0.23359711468219757,0.2672289311885834
4,362,RGB,right,32,1.5592857599258423,8.89023208618164,7.368533134460449
4,362,BGR,left,32,0.35815125703811646,0.2870464324951172,0.2672289311885834
4,362,BGR,right,32,5.848679542541504,1.6918665170669556,7.368533134460449
4,363,RGB,left,32,0.13637803494930267,0.15583887696266174,0.25812339782714844
4,363,RGB,right,32,1.0252995491027832,7.367458820343018,6.449904441833496
4,363,BGR,left,32,0.4465314447879791,0.3416357934474945,0.25812339782714844
4,363,BGR,right,32,4.76591682434082,1.7041829824447632,6.449904441833496
4,364,RGB,left,32,0.18747875094413757,0.2511489987373352,0.27403464913368225
4,364,RGB,right,32,0.7877582907676697,6.016448974609375,5.309799671173096
4,364,BGR,left,32,0.5265224575996399,0.4157273769378662,0.27403464913368225
4,364,BGR,right,32,4.652281284332275,0.8973806500434875,5.309799671173096
4,365,RGB,left,32,0.16566655039787292,0.28583115339279175,0.26628434658050537
4,365,RGB,right,32,0.9411274790763855,4.767304420471191,3.853224039077759
4,365,BGR,left,32,0.4575721323490143,0.4232293665409088,0.26628434658050537
4,365,BGR,right,32,3.00838303565979,1.0189236402511597,3.853224039077759
4,366,RGB,left,32,0.14732933044433594,0.28472867608070374,0.2426687628030777
4,366,RGB,right,32,1.5562283992767334,4.20670747756958,2.6698927879333496
4,366,BGR,left,32,0.5495710968971252,0.5489904284477234,0.2426687628030777
4,366,BGR,right,32,1.7902876138687134,1.162704348564148,2.6698927879333496
4,367,RGB,left,32,0.13802270591259003,0.3129357099533081,0.25136107206344604
4,367,RGB,right,32,0.38421064615249634,2.256718635559082,1.9296481609344482
4,367,BGR,left,32,0.4380371868610382,0.4387921690940857,0.25136107206344604
4,367,BGR,right,32,1.2792214155197144,0.890298068523407,1.9296481609344482
4,368,RGB,left,32,0.19270189106464386,0.279130220413208,0.2784178555011749
4,368,RGB,right,32,1.4974257946014404,2.661530017852783,1.483917236328125
4,368,BGR,left,32,0.23591089248657227,0.27378490567207336,0.2784178555011749
4,368,BGR,right,32,0.43586963415145874,1.3224573135375977,1.483917236328125
4,369,RGB,left,32,0.19015926122665405,0.30788469314575195,0.3059954047203064
4,369,RGB,right,32,3.8468236923217773,4.341039657592773,1.2720050811767578
4,369,BGR,left,32,0.33628013730049133,0.4087991416454315,0.3059954047203064
4,369,BGR,right,32,0.7243277430534363,1.269963026046753,1.2720050811767578
4,370,RGB,left,32,0.024691805243492126,0.27421799302101135,0.3354736268520355
4,370,RGB,right,32,0.16648758947849274,0.9796488881111145,1.2742292881011963
4,370,BGR,left,32,0.5290006995201111,0.5379067659378052,0.3354736268520355
4,370,BGR,right,32,0.4530228078365326,0.8357950448989868,1.2742292881011963
4,371,RGB,left,32,0.1955389529466629,0.37730875611305237,0.36766380071640015
4,371,RGB,right,32,0.783829927444458,1.6625406742095947,1.4470418691635132
4,371,BGR,left,32,0.6984325051307678,0.6339669227600098,0.36766380071640015
4,371,BGR,right,32,0.5083601474761963,0.6993756294250488,1.4470418691635132
4,372,RGB,left,32,0.40370991826057434,0.29447057843208313,0.38488394021987915
4,372,RGB,right,32,3.5928900241851807,2.699549674987793,1.7254846096038818
4,372,BGR,left,32,0.44745782017707825,0.388823539018631,0.38488394021987915
4,372,BGR,right,32,2.0125536918640137,1.0918264389038086,1.7254846096038818
4,373,RGB,left,32,0.33535221219062805,0.3734705150127411,0.38224083185195923
4,373,RGB,right,32,0.6230567097663879,1.3117969036102295,2.037653923034668
4,373,BGR,left,32,0.6949501633644104,0.5569139122962952,0.38224083185195923
4,373,BGR,right,32,1.2928612232208252,0.8935480713844299,2.037653923034668
4,374,RGB,left,32,0.37436866760253906,0.35783594846725464,0.3738045394420624
4,374,RGB,right,32,1.0697557926177979,1.3279838562011719,2.314216136932373
4,374,BGR,left,32,0.5722064971923828,0.4676651656627655,0.3738045394420624
4,374,BGR,right,32,2.1387500762939453,0.3926452398300171,2.314216136932373
4,375,RGB,left,31,0.3390786051750183,0.3520313799381256,0.36469370126724243
4,375,RGB,right,31,1.4713383913040161,1.1737068891525269,2.5046701431274414
4,375,BGR,left,31,0.6312184929847717,0.5238668322563171,0.36469370126724243
4,375,BGR,right,31,2.328932046890259,0.5913881063461304,2.5046701431274414
4,376,RGB,left,30,0.3561239242553711,0.37379103899002075,0.3584114909172058
4,376,RGB,right,30,1.3383097648620605,1.5304358005523682,2.5758676528930664
4,376,BGR,left,30,0.5562834739685059,0.4217298924922943,0.3584114909172058
4,376,BGR,right,30,2.0825300216674805,0.8456225991249084,2.5758676528930664
4,377,RGB,left,29,0.41789349913597107,0.3360115885734558,0.3523786962032318
4,377,RGB,right,29,1.0010911226272583,1.7642908096313477,2.551478862762451
4,377,BGR,left,29,0.6263654828071594,0.44486385583877563,0.3523786962032318
4,377,BGR,right,29,1.8595372438430786,1.0118674039840698,2.551478862762451
4,378,RGB,left,28,0.38087910413742065,0.22810181975364685,0.35138610005378723
4,378,RGB,right,28,2.9434924125671387,1.2369844913482666,2.444786548614502
4,378,BGR,left,28,0.4413851797580719,0.3678717613220215,0.35138610005378723
4,378,BGR,right,28,2.847888708114624,0.987611711025238,2.444786548614502
4,379,RGB,left,27,0.3958069384098053,0.3264763653278351,0.35281020402908325
4,379,RGB,right,27,1.1368181705474854,1.487805962562561,2.2834601402282715
4,379,BGR,left,27,0.6527159214019775,0.5502616167068481,0.35281020402908325
4,379,BGR,right,27,1.561957836151123,0.8685626983642578,2.2834601402282715
4,380,RGB,left,26,0.2915894091129303,0.3128190040588379,0.38678961992263794
4,380,RGB,right,26,1.4809576272964478,1.0436651706695557,2.0977468490600586
4,380,BGR,left,26,0.40641358494758606,0.4261307120323181,0.38678961992263794
4,380,BGR,right,26,1.749566674232483,0.48514479398727417,2.0977468490600586
4,381,RGB,left,25,0.3665488660335541,0.3851688504219055,0.4718104302883148
4,381,RGB,right,25,1.4861948490142822,1.0364619493484497,1.9071341753005981
4,381,BGR,left,25,0.4380544424057007,0.3030286729335785,0.4718104302883148
4,381,BGR,right,25,1.7404528856277466,0.6854705214500427,1.9071341753005981
4,382,RGB,left,24,0.4020538628101349,0.3353874683380127,0.5353507399559021
4,382,RGB,right,24,0.440238356590271,1.4222333431243896,1.7859947681427002
4,382,BGR,left,24,0.6028966903686523,0.41944631934165955,0.5353507399559021
4,382,BGR,right,24,0.7709184885025024,1.0746912956237793,1.7859947681427002
4,383,RGB,left,23,0.24010948836803436,0.35416537523269653,0.549265444278717
4,383,RGB,right,23,0.7761811017990112,1.2383757829666138,1.730280876159668
4,383,BGR,left,23,0.5825244188308716,0.46190038323402405,0.549265444278717
4,383,BGR,right,23,0.985553503036499,0.8462095856666565,1.730280876159668
4,384,RGB,left,22,0.34625107049942017,0.21267768740653992,0.5254762768745422
4,384,RGB,right,22,2.5145530700683594,1.6255626678466797,1.7356090545654297
4,384,BGR,left,22,0.41099268198013306,0.38631510734558105,0.5254762768745422
4,384,BGR,right,22,1.6430203914642334,0.7483909130096436,1.7356090545654297
4,385,RGB,left,21,0.44918981194496155,0.23418983817100525,0.5127222537994385
4,385,RGB,right,21,1.4420908689498901,1.2634469270706177,1.815835952758789
4,385,BGR,left,21,0.427555114030838,0.3255455493927002,0.5127222537994385
4,385,BGR,right,21,1.311704397201538,0.8934991359710693,1.815835952758789
4,386,RGB,left,20,0.21858595311641693,0.29284706711769104,0.5263038873672485
4,386,RGB,right,20,0.8571165800094604,0.9838518500328064,1.8754440546035767
4,386,BGR,left,20,0.4866897165775299,0.3634795546531677,0.5263038873672485
4,386,BGR,right,20,1.1685125827789307,0.8301671147346497,1.8754440546035767
4,387,RGB,left,19,0.17723840475082397,0.26494720578193665,0.5198166370391846
4,387,RGB,right,19,0.7755191326141357,1.1176517009735107,1.8577260971069336
4,387,BGR,left,19,0.4422624111175537,0.35475608706474304,0.5198166370391846
4,387,BGR,right,19,1.030974268913269,1.076725959777832,1.8577260971069336
4,388,RGB,left,18,0.29357653856277466,0.25532105565071106,0.45865729451179504
4,388,RGB,right,18,1.346680760383606,1.4697332382202148,1.8397306203842163
4,388,BGR,left,18,0.48866793513298035,0.4205659031867981,0.45865729451179504
4,388,BGR,right,18,1.0636725425720215,0.8897243738174438,1.8397306203842163
4,389,RGB,left,17,0.1315663754940033,0.25893351435661316,0.3749934732913971
4,389,RGB,right,17,1.0309603214263916,1.4801756143569946,1.894407033920288
4,389,BGR,left,17,0.3823942542076111,0.42452728748321533,0.3749934732913971
4,389,BGR,right,17,1.1192233562469482,0.9952754378318787,1.894407033920288
4,390,RGB,left,16,0.16740566492080688,0.26490527391433716,0.3321515917778015
4,390,RGB,right,16,0.7976593375205994,1.189479947090149,1.9372949600219727
4,390,BGR,left,16,0.43651559948921204,0.4032081067562103,0.3321515917778015
4,390,BGR,right,16,1.2615941762924194,0.9955303072929382,1.9372949600219727
4,391,RGB,left,15,0.20894855260849,0.2762760519981384,0.33688586950302124
4,391,RGB,right,15,0.9298734068870544,1.2858786582946777,1.959349513053894
4,391,BGR,left,15,0.4177652895450592,0.3379955291748047,0.33688586950302124
4,391,BGR,right,15,1.3088639974594116,1.0618478059768677,1.959349513053894
4,392,RGB,left,14,0.3316112458705902,0.3944303095340729,0.36424317955970764
4,392,RGB,right,14,1.0508522987365723,0.9867574572563171,1.9518849849700928
4,392,BGR,left,14,0.4717056155204773,0.38799160718917847,0.36424317955970764
4,392,BGR,right,14,1.4038900136947632,0.8319928646087646,1.9518849849700928
4,393,RGB,left,13,0.317715585231781,0.31760701537132263,0.36510396003723145
4,393,RGB,right,13,0.749642014503479,1.1680793762207031,1.8816736936569214
4,393,BGR,left,13,0.5024210214614868,0.35418373346328735,0.36510396003723145
4,393,BGR,right,13,1.2112672328948975,0.7132453918457031,1.8816736936569214
4,394,RGB,left,12,0.3731011748313904,0.28111106157302856,0.32904472947120667
4,394,RGB,right,12,0.8475114703178406,1.3271652460098267,1.8248558044433594
4,394,BGR,left,12,0.44632163643836975,0.3158709406852722,0.32904472947120667
4,394,BGR,right,12,1.329185962677002,0.5603557229042053,1.8248558044433594
4,395,RGB,left,11,0.5171235203742981,0.3062758445739746,0.3079143464565277
4,395,RGB,right,11,0.6358757615089417,1.2295737266540527,1.8121623992919922
4,395,BGR,left,11,0.5689054727554321,0.40674594044685364,0.3079143464565277
4,395,BGR,right,11,1.198781967163086,0.9900368452072144,1.8121623992919922
4,396,RGB,left,10,0.49177441000938416,0.3361928462982178,0.3069566488265991
4,396,RGB,right,10,0.6380112171173096,1.202402114868164,1.8132038116455078
4,396,BGR,left,10,0.378398597240448,0.22689439356327057,0.3069566488265991
4,396,BGR,right,10,1.1111257076263428,0.9845872521400452,1.8132038116455078
4,397,RGB,left,9,0.35824352502822876,0.2833680510520935,0.30125686526298523
4,397,RGB,right,9,0.7088009715080261,1.2813384532928467,1.8084559440612793
4,397,BGR,left,9,0.302810937166214,0.2353813499212265,0.30125686526298523
4,397,BGR,right,9,0.9712874293327332,0.9360054135322571,1.8084559440612793
4,398,RGB,left,8,0.2542426288127899,0.2738012671470642,0.28893423080444336
4,398,RGB,right,8,0.7489284873008728,1.0823644399642944,1.7291756868362427
4,398,BGR,left,8,0.1672077625989914,0.20832976698875427,0.28893423080444336
4,398,BGR,right,8,1.1254558563232422,1.074068307876587,1.7291756868362427
4,399,RGB,left,7,0.27322471141815186,0.24849697947502136,0.2342134267091751
4,399,RGB,right,7,0.4655350148677826,1.0415611267089844,1.47269868850708
4,399,BGR,left,7,0.2810978591442108,0.26402440667152405,0.2342134267091751
4,399,BGR,right,7,1.0208585262298584,0.8103177547454834,1.47269868850708
4,400,RGB,left,6,0.12305817008018494,0.21318648755550385,0.18688848614692688
4,400,RGB,right,6,0.5926079154014587,0.8447287678718567,1.2327357530593872
4,400,BGR,left,6,0.22274145483970642,0.2383214384317398,0.18688848614692688
4,400,BGR,right,6,0.6449422836303711,0.70245361328125,1.2327357530593872
4,401,RGB,left,5,0.11842302978038788,0.20502714812755585,0.15017376840114594
4,401,RGB,right,5,0.3174900412559509,0.7412167191505432,1.0156382322311401
4,401,BGR,left,5,0.1632317453622818,0.18806500732898712,0.15017376840114594
4,401,BGR,right,5,0.7170899510383606,0.6649873852729797,1.0156382322311401
4,402,RGB,left,4,0.03967365249991417,0.12614578008651733,0.11938132345676422
4,402,RGB,right,4,0.5149938464164734,0.7293907999992371,0.8405736684799194
4,402,BGR,left,4,0.2356971949338913,0.23337212204933167,0.11938132345676422
4,402,BGR,right,4,0.49655017256736755,0.5824525356292725,0.8405736684799194
4,403,RGB,left,3,0.02630871720612049,0.11132704466581345,0.09246721118688583
4,403,RGB,right,3,0.41568997502326965,0.5109891295433044,0.6972982287406921
4,403,BGR,left,3,0.1293402910232544,0.11521538347005844,0.09246721118688583
4,403,BGR,right,3,0.5320944786071777,0.39993709325790405,0.6972982287406921
4,404,RGB,left,2,0.03340074047446251,0.09831489622592926,0.07177305221557617
4,404,RGB,right,2,0.29215848445892334,0.21968726813793182,0.49820682406425476
4,404,BGR,left,2,0.08821390569210052,0.08755375444889069,0.07177305221557617
4,404,BGR,right,2,0.47799864411354065,0.2605520188808441,0.49820682406425476
4,405,RGB,left,1,0.02395334094762802,0.04600672796368599,0.040413495153188705
4,405,RGB,right,1,0.079131118953228,0.14594785869121552,0.21141092479228973
4,405,BGR,left,1,0.050296489149332047,0.03193618357181549,0.040413495153188705
4,405,BGR,right,1,0.1270563155412674,0.11843966692686081,0.21141092479228973
15,0,RGB,left,32,0.22046995162963867,0.6960743069648743,0.6436668634414673
15,0,RGB,right,32,0.8974059224128723,0.5087487101554871,0.4895981550216675
15,0,BGR,left,32,14.054709434509277,14.430495262145996,0.6436668634414673
15,0,BGR,right,32,1.266225814819336,0.8981221914291382,0.4895981550216675
15,1,RGB,left,32,0.5323290228843689,1.0718036890029907,0.7367691993713379
15,1,RGB,right,32,0.7020566463470459,0.3242824375629425,0.5406203866004944
15,1,BGR,left,32,15.618916511535645,16.07166290283203,0.7367691993713379
15,1,BGR,right,32,1.3546452522277832,1.0212271213531494,0.5406203866004944
15,2,RGB,left,32,0.25054892897605896,0.9468291401863098,0.8417227864265442
15,2,RGB,right,32,0.8317846059799194,0.38782644271850586,0.5634557604789734
15,2,BGR,left,32,15.400663375854492,15.904398918151855,0.8417227864265442
15,2,BGR,right,32,1.3260469436645508,0.8617777824401855,0.5634557604789734
15,3,RGB,left,32,0.2872764766216278,0.7026506066322327,0.9146888256072998
15,3,RGB,right,32,0.6717854738235474,0.24993199110031128,0.5602026581764221
15,3,BGR,left,32,14.477314949035645,14.993175506591797,0.9146888256072998
15,3,BGR,right,32,1.2872220277786255,0.9300287961959839,0.5602026581764221
15,4,RGB,left,32,0.349825918674469,0.9262134432792664,0.9158071875572205
15,4,RGB,right,32,0.625010073184967,0.3978648781776428,0.5336410403251648
15,4,BGR,left,32,15.306120872497559,15.823450088500977,0.9158071875572205
15,4,BGR,right,32,1.3234566450119019,0.9955568313598633,0.5336410403251648
15,5,RGB,left,32,0.4364801347255707,0.9569681882858276,0.8497036695480347
15,5,RGB,right,32,0.6319345831871033,0.45634496212005615,0.4883134365081787
15,5,BGR,left,32,15.620963096618652,16.10843849182129,0.8497036695480347
15,5,BGR,right,32,1.327886939048767,0.996696412563324,0.4883134365081787
15,6,RGB,left,32,0.3112284541130066,0.89531409740448,0.7944716811180115
15,6,RGB,right,32,0.6896655559539795,0.4195055663585663,0.48934704065322876
15,6,BGR,left,32,15.5680570602417,16.06534194946289,0.7944716811180115
15,6,BGR,right,32,1.3993237018585205,1.092241883277893,0.48934704065322876
15,7,RGB,left,32,0.29538771510124207,0.795544445514679,0.7792208194732666
15,7,RGB,right,32,0.5751511454582214,0.34286728501319885,0.4979780614376068
15,7,BGR,left,32,15.733182907104492,16.21954917907715,0.7792208194732666
15,7,BGR,right,32,1.4920923709869385,1.1452558040618896,0.4979780614376068
15,8,RGB,left,32,0.12571506202220917,0.7983051538467407,0.7701866626739502
15,8,RGB,right,32,0.4593958556652069,0.31059759855270386,0.5336353778839111
15,8,BGR,left,32,15.387008666992188,15.858503341674805,0.7701866626739502
15,8,BGR,right,32,1.2498414516448975,0.9769599437713623,0.5336353778839111
15,9,RGB,left,32,0.18765877187252045,0.6003682017326355,0.7553931474685669
15,9,RGB,right,32,0.2863149642944336,0.3562241196632385,0.5558403134346008
15,9,BGR,left,32,14.822203636169434,15.29057502746582,0.7553931474685669
15,9,BGR,right,32,1.1838312149047852,0.9863407015800476,0.5558403134346008
15,10,RGB,left,32,0.09090490639209747,0.7463372349739075,0.7338273525238037
15,10,RGB,right,32,0.37353095412254333,0.24892297387123108,0.577150821685791
15,10,BGR,left,32,14.982342720031738,15.47237491607666,0.7338273525238037
15,10,BGR,right,32,1.1214923858642578,0.9802736043930054,0.577150821685791
15,11,RGB,left,32,0.11341512203216553,0.6392489671707153,0.7320019602775574
15,11,RGB,right,32,0.33758607506752014,0.5227887034416199,0.6205900311470032
15,11,BGR,left,32,15.915084838867188,16.43405532836914,0.7320019602775574
15,11,BGR,right,32,1.2462129592895508,1.1599198579788208,0.6205900311470032
15,12,RGB,left,32,0.06782976537942886,0.7464705109596252,0.7506925463676453
15,12,RGB,right,32,0.28658685088157654,0.4973703622817993,0.634799599647522
15,12,BGR,left,32,15.088467597961426,15.615262985229492,0.7506925463676453
15,12,BGR,right,32,1.1019606590270996,0.9342331886291504,0.634799599647522
15,13,RGB,left,32,0.21493709087371826,0.649079442024231,0.7659929394721985
15,13,RGB,right,32,0.535695493221283,0.2881077527999878,0.6306334137916565
15,13,BGR,left,32,14.980934143066406,15.533926963806152,0.7659929394721985
15,13,BGR,right,32,1.2403351068496704,1.0986390113830566,0.6306334137916565
15,14,RGB,left,32,0.3463418185710907,0.4436286389827728,0.7785483598709106
15,14,RGB,right,32,0.267518013715744,0.3767184317111969,0.5948933362960815
15,14,BGR,left,32,14.152446746826172,14.687395095825195,0.7785483598709106
15,14,BGR,right,32,0.8514127135276794,0.8728134632110596,0.5948933362960815
15,15,RGB,left,32,0.3274856507778168,0.9181784987449646,0.7885823249816895
15,15,RGB,right,32,0.24786902964115143,0.5709313154220581,0.5613723993301392
15,15,BGR,left,32,15.541542053222656,16.110462188720703,0.7885823249816895
15,15,BGR,right,32,0.9515673518180847,1.0271962881088257,0.5613723993301392
15,16,RGB,left,32,0.1597849428653717,0.6609916687011719,0.7679482102394104
15,16,RGB,right,32,0.12873688340187073,0.3213120102882385,0.5084107518196106
15,16,BGR,left,32,14.687914848327637,15.238154411315918,0.7679482102394104
15,16,BGR,right,32,0.9087858200073242,1.0332176685333252,0.5084107518196106
15,17,RGB,left,32,0.040465258061885834,0.6536564826965332,0.7070069909095764
15,17,RGB,right,32,0.12511689960956573,0.31437763571739197,0.4829394519329071
15,17,BGR,left,32,15.595744132995605,16.07939338684082,0.7070069909095764
15,17,BGR,right,32,0.9723179936408997,1.0893415212631226,0.4829394519329071
15,18,RGB,left,32,0.31061339378356934,0.8149741291999817,0.6501818895339966
15,18,RGB,right,32,0.2717114984989166,0.40497544407844543,0.49548444151878357
15,18,BGR,left,32,16.637937545776367,17.06831932067871,0.6501818895339966
15,18,BGR,right,32,1.0931830406188965,1.0958523750305176,0.49548444151878357
15,19,RGB,left,32,0.603148341178894,0.799651026725769,0.6064886450767517
15,19,RGB,right,32,0.7577592730522156,0.500924289226532,0.5069094300270081
15,19,BGR,left,32,15.780165672302246,16.140554428100586,0.6064886450767517
15,19,BGR,right,32,0.8175556659698486,0.8182553648948669,0.5069094300270081
15,20,RGB,left,32,0.282529354095459,0.6456822752952576,0.5660581588745117
15,20,RGB,right,32,0.571800708770752,0.34813570976257324,0.5397486686706543
15,20,BGR,left,32,15.454968452453613,15.807247161865234,0.5660581588745117
15,20,BGR,right,32,1.082373857498169,1.0555144548416138,0.5397486686706543
15,21,RGB,left,32,0.6162958145141602,0.9186317920684814,0.5499342083930969
15,21,RGB,right,32,0.6012682914733887,0.3246545195579529,0.6013609170913696
15,21,BGR,left,32,16.254898071289062,16.62150764465332,0.5499342083930969
15,21,BGR,right,32,1.2060245275497437,1.1546199321746826,0.6013609170913696
15,22,RGB,left,32,0.8314661979675293,1.3372342586517334,0.5732885599136353
15,22,RGB,right,32,0.6330080628395081,0.49163711071014404,0.6954012513160706
15,22,BGR,left,32,16.628252029418945,17.029863357543945,0.5732885599136353
15,22,BGR,right,32,1.453015685081482,1.2063730955123901,0.6954012513160706
15,23,RGB,left,32,0.46075746417045593,0.7124767303466797,0.6780883073806763
15,23,RGB,right,32,0.8728300929069519,0.31829601526260376,0.7712642550468445
15,23,BGR,left,32,15.619590759277344,16.12220001220703,0.6780883073806763
15,23,BGR,right,32,1.4378840923309326,1.088655948638916,0.7712642550468445
15,24,RGB,left,32,0.6571159362792969,0.7839216589927673,0.931564211845398
15,24,RGB,right,32,0.9181014895439148,0.42233574390411377,0.7363201379776001
15,24,BGR,left,32,14.936788558959961,15.710206985473633,0.931564211845398
15,24,BGR,right,32,1.1713072061538696,0.8487019538879395,0.7363201379776001
15,25,RGB,left,32,0.9146673083305359,0.8276745080947876,1.3770482540130615
15,25,RGB,right,32,0.5798549056053162,0.3186095356941223,0.7278841137886047
15,25,BGR,left,32,15.680868148803711,16.939279556274414,1.3770482540130615
15,25,BGR,right,32,1.251282811164856,1.008708119392395,0.7278841137886047
15,26,RGB,left,32,1.368829369544983,0.8652510643005371,1.992173433303833
15,26,RGB,right,32,0.5120392441749573,0.3630713224411011,0.711401641368866
15,26,BGR,left,32,13.27381420135498,15.178786277770996,1.992173433303833
15,26,BGR,right,32,1.0292311906814575,0.9357088804244995,0.711401641368866
15,27,RGB,left,32,2.24002742767334,0.840014636516571,2.7136707305908203
15,27,RGB,right,32,0.3115940988063812,0.34269440174102783,0.6805990934371948
15,27,BGR,left,32,13.264212608337402,15.909921646118164,2.7136707305908203
15,27,BGR,right,32,1.0550806522369385,1.0242611169815063,0.6805990934371948
15,28,RGB,left,32,0.9885331392288208,4.195716857910156,3.3706729412078857
15,28,RGB,right,32,0.6916875839233398,0.8789084553718567,0.6675692200660706
15,28,BGR,left,32,14.057589530944824,17.365734100341797,3.3706729412078857
15,28,BGR,right,32,1.1091947555541992,1.0530171394348145,0.6675692200660706
15,29,RGB,left,32,3.6080493927001953,0.6452576518058777,3.938199520111084
15,29,RGB,right,32,0.5015215277671814,0.3157121241092682,0.7126269936561584
15,29,BGR,left,32,11.96342945098877,15.85171890258789,3.938199520111084
15,29,BGR,right,32,0.9955740571022034,0.9166096448898315,0.7126269936561584
15,30,RGB,left,32,1.8150743246078491,6.640547275543213,4.880181789398193
15,30,RGB,right,32,0.7276064157485962,1.228268027305603,0.8309890627861023
15,30,BGR,left,32,12.015591621398926,16.831844329833984,4.880181789398193
15,30,BGR,right,32,1.0947247743606567,0.8834584951400757,0.8309890627861023
15,31,RGB,left,32,1.8152753114700317,4.5208868980407715,6.294964790344238
15,31,RGB,right,32,0.590200662612915,1.0807982683181763,0.953283429145813
15,31,BGR,left,32,9.721259117126465,15.937541007995605,6.294964790344238
15,31,BGR,right,32,1.4207357168197632,0.9807349443435669,0.953283429145813
15,32,RGB,left,32,6.869130611419678,0.682709276676178,7.373704433441162
15,32,RGB,right,32,1.0911809206008911,0.2830139696598053,1.0977016687393188
15,32,BGR,left,32,6.9400153160095215,14.221946716308594,7.373704433441162
15,32,BGR,right,32,1.2132623195648193,0.8102516531944275,1.0977016687393188
15,33,RGB,left,32,5.55361795425415,2.4869930744171143,7.963727951049805
15,33,RGB,right,32,0.7269338965415955,0.7039719820022583,1.2302064895629883
15,33,BGR,left,32,7.778634548187256,15.655130386352539,7.963727951049805
15,33,BGR,right,32,1.482823133468628,0.9062352776527405,1.2302064895629883
15,34,RGB,left,32,6.5969929695129395,2.556028366088867,9.083971977233887
15,34,RGB,right,32,1.0527691841125488,0.5815326571464539,1.4453264474868774
15,34,BGR,left,32,7.2142839431762695,16.17093849182129,9.083971977233887
15,34,BGR,right,32,1.6647042036056519,0.9326549768447876,1.4453264474868774
15,35,RGB,left,32,0.154951274394989,11.494720458984375,11.333107948303223
15,35,RGB,right,32,0.28842926025390625,1.6548824310302734,1.6527681350708008
15,35,BGR,left,32,7.15552282333374,18.286876678466797,11.333107948303223
15,35,BGR,right,32,1.8282140493392944,1.0468947887420654,1.6527681350708008
15,36,RGB,left,32,4.0482282638549805,10.057214736938477,13.90143871307373
15,36,RGB,right,32,0.4204670488834381,1.4424209594726562,1.7855242490768433
15,36,BGR,left,32,4.081146717071533,17.586502075195312,13.90143871307373
15,36,BGR,right,32,1.8696109056472778,1.0068910121917725,1.7855242490768433
15,37,RGB,left,32,5.393292427062988,10.802570343017578,16.03067970275879
15,37,RGB,right,32,0.45183461904525757,1.3801000118255615,1.8052277565002441
15,37,BGR,left,32,2.692519187927246,17.87419891357422,16.03067970275879
15,37,BGR,right,32,1.8670611381530762,1.0243512392044067,1.8052277565002441
15,38,RGB,left,32,2.294842481613159,14.87873363494873,17.13192367553711
15,38,RGB,right,32,0.22242394089698792,1.652360439300537,1.696429967880249
15,38,BGR,left,32,2.555159330368042,19.110641479492188,17.13192367553711
15,38,BGR,right,32,1.8443669080734253,1.1486161947250366,1.696429967880249
15,39,RGB,left,32,4.201391696929932,13.331482887268066,17.473127365112305
15,39,RGB,right,32,0.4004940092563629,1.3965911865234375,1.6482391357421875
15,39,BGR,left,32,2.2401793003082275,17.30984115600586,17.473127365112305
15,39,BGR,right,32,1.9817254543304443,1.0690830945968628,1.6482391357421875
15,40,RGB,left,32,1.4195556640625,17.96380615234375,19.256946563720703
15,40,RGB,right,32,0.2990633547306061,1.8309881687164307,1.7211251258850098
15,40,BGR,left,32,2.2284393310546875,19.9045467376709,19.256946563720703
15,40,BGR,right,32,1.89936101436615,1.2981202602386475,1.7211251258850098
15,41,RGB,left,32,1.9711405038833618,20.73782730102539,22.64222526550293
15,41,RGB,right,32,0.1146579459309578,1.7015302181243896,1.6939650774002075
15,41,BGR,left,32,3.291677474975586,20.062816619873047,22.64222526550293
15,41,BGR,right,32,1.685531735420227,1.345831274986267,1.6939650774002075
15,42,RGB,left,32,2.2590630054473877,22.467144012451172,24.484663009643555
15,42,RGB,right,32,0.046838149428367615,1.5233514308929443,1.550386905670166
15,42,BGR,left,32,4.982649803161621,19.924081802368164,24.484663009643555
15,42,BGR,right,32,1.9024640321731567,1.3902455568313599,1.550386905670166
15,43,RGB,left,32,0.530217170715332,24.768827438354492,25.254764556884766
15,43,RGB,right,32,0.2175740897655487,1.6289122104644775,1.4727303981781006
15,43,BGR,left,32,4.361241817474365,21.61809539794922,25.254764556884766
15,43,BGR,right,32,1.7321377992630005,1.556439995765686,1.4727303981781006
15,44,RGB,left,32,3.2726504802703857,30.535411834716797,27.345626831054688
15,44,RGB,right,32,0.1547383964061737,1.5184264183044434,1.4381757974624634
15,44,BGR,left,32,5.452602386474609,22.433761596679688,27.345626831054688
15,44,BGR,right,32,1.808362603187561,1.5508109331130981,1.4381757974624634
15,45,RGB,left,32,0.6302849054336548,30.40970230102539,29.840986251831055
15,45,RGB,right,32,0.17893388867378235,1.4643187522888184,1.404287338256836
15,45,BGR,left,32,7.756871223449707,22.677600860595703,29.840986251831055
15,45,BGR,right,32,1.7190501689910889,1.5211447477340698,1.404287338256836
15,46,RGB,left,32,0.6888442635536194,32.790496826171875,32.374202728271484
15,46,RGB,right,32,0.18389900028705597,1.5450547933578491,1.3851127624511719
15,46,BGR,left,32,9.09988021850586,23.844179153442383,32.374202728271484
15,46,BGR,right,32,1.8286571502685547,1.6605383157730103,1.3851127624511719
15,47,RGB,left,32,1.3251326084136963,33.81499481201172,35.13373565673828
15,47,RGB,right,32,0.26412323117256165,1.4396880865097046,1.3265397548675537
15,47,BGR,left,32,11.409253120422363,24.524616241455078,35.13373565673828
15,47,BGR,right,32,1.868163824081421,1.6675664186477661,1.3265397548675537
15,48,RGB,left,32,1.3681014776229858,35.50741195678711,36.4468879699707
15,48,RGB,right,32,0.20411311089992523,1.319886565208435,1.2130048274993896
15,48,BGR,left,32,12.04089069366455,24.934640884399414,36.4468879699707
15,48,BGR,right,32,1.6901177167892456,1.3790783882141113,1.2130048274993896
15,49,RGB,left,32,0.82455974817276,35.74802017211914,35.81184768676758
15,49,RGB,right,32,0.23629827797412872,1.2053872346878052,1.1552835702896118
15,49,BGR,left,32,9.493866920471191,26.89699363708496,35.81184768676758
15,49,BGR,right,32,1.5405532121658325,1.269452452659607,1.1552835702896118
15,50,RGB,left,32,0.5552561283111572,35.90135192871094,35.41189193725586
15,50,RGB,right,32,0.28116437792778015,0.9282106757164001,1.1258578300476074
15,50,BGR,left,32,10.024349212646484,26.353557586669922,35.41189193725586
15,50,BGR,right,32,1.786327600479126,1.3818440437316895,1.1258578300476074
15,51,RGB,left,32,1.2975643873214722,37.137454986572266,35.851158142089844
15,51,RGB,right,32,0.2875604033470154,0.8623168468475342,1.069014549255371
15,51,BGR,left,32,9.763358116149902,27.32047462463379,35.851158142089844
15,51,BGR,right,32,1.7394903898239136,1.3034945726394653,1.069014549255371
15,52,RGB,left,32,0.6500666737556458,36.5050048828125,36.77640914916992
15,52,RGB,right,32,0.45704901218414307,0.6130799055099487,1.0117297172546387
15,52,BGR,left,32,8.150174140930176,29.902206420898438,36.77640914916992
15,52,BGR,right,32,1.8013677597045898,1.2790806293487549,1.0117297172546387
15,53,RGB,left,32,1.1702406406402588,38.907936096191406,37.97993850708008
15,53,RGB,right,32,0.25639718770980835,0.8213416337966919,0.9613275527954102
15,53,BGR,left,32,10.816824913024902,28.510648727416992,37.97993850708008
15,53,BGR,right,32,1.4892250299453735,1.1006139516830444,0.9613275527954102
15,54,RGB,left,32,0.3333016335964203,38.41389083862305,38.75004577636719
15,54,RGB,right,32,0.48273414373397827,0.4504639506340027,0.9290777444839478
15,54,BGR,left,32,10.110356330871582,30.13408851623535,38.75004577636719
15,54,BGR,right,32,1.5208102464675903,1.2381623983383179,0.9290777444839478
15,55,RGB,left,32,0.6276711225509644,39.22572708129883,38.915802001953125
15,55,RGB,right,32,0.47991859912872314,0.4407895505428314,0.8834381699562073
15,55,BGR,left,32,10.433874130249023,29.800798416137695,38.915802001953125
15,55,BGR,right,32,1.1451939344406128,0.9890944957733154,0.8834381699562073
15,56,RGB,left,32,1.3178799152374268,40.288963317871094,39.16808319091797
15,56,RGB,right,32,0.3693937659263611,0.5402841567993164,0.8241469264030457
15,56,BGR,left,32,11.295040130615234,29.334749221801758,39.16808319091797
15,56,BGR,right,32,0.9933299422264099,0.8991246819496155,0.8241469264030457
15,57,RGB,left,32,1.4817954301834106,41.645137786865234,40.2508544921875
15,57,RGB,right,32,0.4740661084651947,0.3500414788722992,0.7698787450790405
15,57,BGR,left,32,11.242476463317871,30.331531524658203,40.2508544921875
15,57,BGR,right,32,1.1441820859909058,0.9712526202201843,0.7698787450790405
15,58,RGB,left,32,1.9381322860717773,40.12028884887695,42.06258773803711
15,58,RGB,right,32,0.342880517244339,0.44166746735572815,0.7229697704315186
15,58,BGR,left,32,11.621078491210938,31.384904861450195,42.06258773803711
15,58,BGR,right,32,1.0009417533874512,0.8105320930480957,0.7229697704315186
15,59,RGB,left,32,2.5029451847076416,40.093502044677734,42.56035232543945
15,59,RGB,right,32,0.5672310590744019,0.3586081266403198,0.6593272089958191
15,59,BGR,left,32,13.670878410339355,29.588167190551758,42.56035232543945
15,59,BGR,right,32,0.9062323570251465,0.5890592932701111,0.6593272089958191
15,60,RGB,left,32,1.653671145439148,39.13078308105469,40.656593322753906
15,60,RGB,right,32,0.5413380861282349,0.3145982623100281,0.598908543586731
15,60,BGR,left,32,9.168437957763672,32.14793014526367,40.656593322753906
15,60,BGR,right,32,0.8129765391349792,0.6299304962158203,0.598908543586731
15,61,RGB,left,32,0.5815948843955994,38.5711784362793,38.48895263671875
15,61,RGB,right,32,0.5235744118690491,0.30132022500038147,0.5597613453865051
15,61,BGR,left,32,6.053988933563232,32.83010482788086,38.48895263671875
15,61,BGR,right,32,0.9898108839988708,0.8502563238143921,0.5597613453865051
15,62,RGB,left,32,0.8999766707420349,37.86366271972656,37.34551239013672
15,62,RGB,right,32,0.4070529341697693,0.30183926224708557,0.5202834606170654
15,62,BGR,left,32,5.902288436889648,32.55729675292969,37.34551239013672
15,62,BGR,right,32,0.7797939777374268,0.7351332306861877,0.5202834606170654
15,63,RGB,left,32,1.7234032154083252,35.35078048706055,36.81006622314453
15,63,RGB,right,32,0.304170161485672,0.4505384862422943,0.49868568778038025
15,63,BGR,left,32,6.693668842315674,30.51610565185547,36.81006622314453
15,63,BGR,right,32,0.7299460172653198,0.725968599319458,0.49868568778038025
15,64,RGB,left,32,2.1700427532196045,33.9473991394043,35.93967056274414
15,64,RGB,right,32,0.2647218406200409,0.38565593957901,0.48071470856666565
15,64,BGR,left,32,4.279959678649902,32.035274505615234,35.93967056274414
15,64,BGR,right,32,0.8214258551597595,0.8298861384391785,0.48071470856666565
15,65,RGB,left,32,1.4031076431274414,34.60875701904297,34.08217239379883
15,65,RGB,right,32,0.32991254329681396,0.39929279685020447,0.4612874984741211
15,65,BGR,left,32,2.385303258895874,32.9089241027832,34.08217239379883
15,65,BGR,right,32,0.8484427332878113,0.9102233648300171,0.4612874984741211
15,66,RGB,left,32,1.2964563369750977,34.12281036376953,32.83759307861328
15,66,RGB,right,32,0.24369709193706512,0.1869262307882309,0.49226683378219604
15,66,BGR,left,32,2.399829387664795,30.966949462890625,32.83759307861328
15,66,BGR,right,32,0.7470195293426514,0.9349815249443054,0.49226683378219604
15,67,RGB,left,32,0.6820452809333801,34.22996139526367,33.61344528198242
15,67,RGB,right,32,0.5230246782302856,0.5980638861656189,0.5783515572547913
15,67,BGR,left,32,3.300605058670044,32.2030029296875,33.61344528198242
15,67,BGR,right,32,0.6326711773872375,0.7901778221130371,0.5783515572547913
15,68,RGB,left,32,0.941927433013916,34.19321823120117,34.76090621948242
15,68,RGB,right,32,0.46272048354148865,0.7541562914848328,0.663688600063324
15,68,BGR,left,32,5.081484317779541,30.368362426757812,34.76090621948242
15,68,BGR,right,32,0.6696759462356567,0.7969597578048706,0.663688600063324
15,69,RGB,left,32,0.31495076417922974,35.46908950805664,35.33440017700195
15,69,RGB,right,32,0.4127255380153656,0.8154553771018982,0.746427595615387
15,69,BGR,left,32,5.0275654792785645,31.644672393798828,35.33440017700195
15,69,BGR,right,32,0.9222717881202698,0.6978117227554321,0.746427595615387
15,70,RGB,left,32,0.6060214638710022,35.43989944458008,35.40159606933594
15,70,RGB,right,32,0.41460949182510376,0.826448917388916,0.8070693016052246
15,70,BGR,left,32,4.782201766967773,31.92188262939453,35.40159606933594
15,70,BGR,right,32,1.0229226350784302,0.8441278338432312,0.8070693016052246
15,71,RGB,left,32,0.7662650346755981,34.48782730102539,34.876197814941406
15,71,RGB,right,32,0.5557610988616943,1.0228140354156494,0.8399421572685242
15,71,BGR,left,32,5.904177665710449,30.46977424621582,34.876197814941406
15,71,BGR,right,32,0.7803393006324768,0.4904203712940216,0.8399421572685242
15,72,RGB,left,32,1.8447903394699097,35.75027847290039,33.97480010986328
15,72,RGB,right,32,0.530061662197113,1.0201209783554077,0.8788729906082153
15,72,BGR,left,32,3.231527328491211,32.610618591308594,33.97480010986328
15,72,BGR,right,32,0.9619922637939453,0.5224398970603943,0.8788729906082153
15,73,RGB,left,32,2.5705103874206543,35.852325439453125,33.34125900268555
15,73,RGB,right,32,0.32464608550071716,0.8808855414390564,1.013243317604065
15,73,BGR,left,32,3.788877248764038,32.77716064453125,33.34125900268555
15,73,BGR,right,32,1.1615912914276123,0.5210782289505005,1.013243317604065
15,74,RGB,left,32,0.6774677038192749,33.703102111816406,33.198814392089844
15,74,RGB,right,32,0.3192102909088135,0.9595933556556702,1.1996936798095703
15,74,BGR,left,32,3.9758706092834473,30.74534034729004,33.198814392089844
15,74,BGR,right,32,1.3801743984222412,0.5163021087646484,1.1996936798095703
15,75,RGB,left,32,0.29150694608688354,32.95197296142578,33.100799560546875
15,75,RGB,right,32,0.46633481979370117,0.8460761904716492,1.303486704826355
15,75,BGR,left,32,3.48494553565979,31.309322357177734,33.100799560546875
15,75,BGR,right,32,1.7745630741119385,0.7800014019012451,1.303486704826355
15,76,RGB,left,32,0.5741181373596191,32.69881820678711,32.41568374633789
15,76,RGB,right,32,0.3589427173137665,1.023056149482727,1.3709495067596436
15,76,BGR,left,32,2.7139997482299805,31.328006744384766,32.41568374633789
15,76,BGR,right,32,1.5461976528167725,0.5729910731315613,1.3709495067596436
15,77,RGB,left,32,0.3477270305156708,31.571142196655273,31.26305389404297
15,77,RGB,right,32,0.4005888104438782,0.9784506559371948,1.45110023021698
15,77,BGR,left,32,2.217973232269287,31.410655975341797,31.26305389404297
15,77,BGR,right,32,1.6440731287002563,0.6534906625747681,1.45110023021698
15,78,RGB,left,32,0.5991535782814026,30.215864181518555,30.31412696838379
15,78,RGB,right,32,0.4903104305267334,1.029712200164795,1.590654969215393
15,78,BGR,left,32,2.1204566955566406,29.43856430053711,30.31412696838379
15,78,BGR,right,32,1.5809870958328247,0.6057208180427551,1.590654969215393
15,79,RGB,left,32,0.6314805150032043,30.323266983032227,30.001684188842773
15,79,RGB,right,32,0.4692225754261017,1.2443418502807617,1.795934796333313
15,79,BGR,left,32,2.6863338947296143,29.054317474365234,30.001684188842773
15,79,BGR,right,32,1.7923113107681274,0.9262344241142273,1.795934796333313
15,80,RGB,left,32,1.2355648279190063,29.772117614746094,30.54587173461914
15,80,RGB,right,32,0.6559153199195862,1.3365819454193115,2.0393264293670654
15,80,BGR,left,32,2.6333093643188477,28.363178253173828,30.54587173461914
15,80,BGR,right,32,1.7428618669509888,0.8136153221130371,2.0393264293670654
15,81,RGB,left,32,1.4059392213821411,30.24311065673828,31.408985137939453
15,81,RGB,right,32,0.6304759383201599,1.4694989919662476,2.2074968814849854
15,81,BGR,left,32,3.135279655456543,28.547502517700195,31.408985137939453
15,81,BGR,right,32,1.6321780681610107,0.930042564868927,2.2074968814849854
15,82,RGB,left,32,0.7110185027122498,30.389793395996094,30.863658905029297
15,82,RGB,right,32,0.39513832330703735,1.933889627456665,2.2801826000213623
15,82,BGR,left,32,2.029447555541992,28.957761764526367,30.863658905029297
15,82,BGR,right,32,1.6272385120391846,1.1301313638687134,2.2801826000213623
15,83,RGB,left,32,0.7168838381767273,27.856718063354492,28.56688690185547
15,83,RGB,right,32,0.5240927934646606,1.9100533723831177,2.401479721069336
15,83,BGR,left,32,2.0309925079345703,26.56229591369629,28.56688690185547
15,83,BGR,right,32,1.7962234020233154,1.1259750127792358,2.401479721069336
15,84,RGB,left,32,0.6112242341041565,27.3663387298584,26.869476318359375
15,84,RGB,right,32,0.6233822107315063,2.01509428024292,2.568328380584717
15,84,BGR,left,32,1.4029734134674072,26.265766143798828,26.869476318359375
15,84,BGR,right,32,1.8202043771743774,1.1009942293167114,2.568328380584717
15,85,RGB,left,32,1.0977718830108643,27.400693893432617,26.36708641052246
15,85,RGB,right,32,0.783259928226471,1.903444766998291,2.6871228218078613
15,85,BGR,left,32,1.1220942735671997,25.62373161315918,26.36708641052246
15,85,BGR,right,32,1.8044507503509521,1.0812326669692993,2.6871228218078613
15,86,RGB,left,32,0.46298351883888245,26.28345489501953,26.16645622253418
15,86,RGB,right,32,0.6282870173454285,2.0980587005615234,2.7190725803375244
15,86,BGR,left,32,1.4957739114761353,25.246963500976562,26.16645622253418
15,86,BGR,right,32,1.7275980710983276,1.1928349733352661,2.7190725803375244
15,87,RGB,left,32,0.9490981698036194,26.57138442993164,25.70040512084961
15,87,RGB,right,32,0.5413325428962708,2.1361522674560547,2.6698100566864014
15,87,BGR,left,32,1.9972976446151733,26.20760726928711,25.70040512084961
15,87,BGR,right,32,1.7432314157485962,0.9986655712127686,2.6698100566864014
15,88,RGB,left,32,0.7830782532691956,25.49370002746582,24.988502502441406
15,88,RGB,right,32,0.5872397422790527,1.9804686307907104,2.5614335536956787
15,88,BGR,left,32,2.496612310409546,24.052932739257812,24.988502502441406
15,88,BGR,right,32,1.6467461585998535,1.007821798324585,2.5614335536956787
15,89,RGB,left,32,0.7625457048416138,25.149459838867188,24.45032501220703
15,89,RGB,right,32,0.46654996275901794,1.9526549577713013,2.4141039848327637
15,89,BGR,left,32,3.144141435623169,24.240079879760742,24.45032501220703
15,89,BGR,right,32,1.5247400999069214,0.9717865586280823,2.4141039848327637
15,90,RGB,left,32,0.23532435297966003,23.996652603149414,24.19694709777832
15,90,RGB,right,32,0.4342154562473297,1.771767497062683,2.2131433486938477
15,90,BGR,left,32,4.191497802734375,22.03826141357422,24.19694709777832
15,90,BGR,right,32,1.3136510848999023,1.0372211933135986,2.2131433486938477
15,91,RGB,left,32,1.1155145168304443,23.062734603881836,23.995269775390625
15,91,RGB,right,32,0.4598999619483948,1.7078970670700073,1.9461607933044434
15,91,BGR,left,32,4.584436893463135,21.86406135559082,23.995269775390625
15,91,BGR,right,32,1.0253857374191284,1.0913007259368896,1.9461607933044434
15,92,RGB,left,32,0.8684889078140259,23.195363998413086,23.57358169555664
15,92,RGB,right,32,0.4889433681964874,1.5136164426803589,1.6759406328201294
15,92,BGR,left,32,4.805887222290039,22.00392723083496,23.57358169555664
15,92,BGR,right,32,0.6201944351196289,1.0421180725097656,1.6759406328201294
15,93,RGB,left,32,0.5552502274513245,23.05386734008789,22.929523468017578
15,93,RGB,right,32,0.3515465557575226,1.0225838422775269,1.4529130458831787
15,93,BGR,left,32,4.260107040405273,21.747652053833008,22.929523468017578
15,93,BGR,right,32,0.45384833216667175,0.8662549257278442,1.4529130458831787
15,94,RGB,left,32,0.3250821828842163,22.474342346191406,22.256784439086914
15,94,RGB,right,32,0.4822668135166168,1.0329396724700928,1.2773505449295044
15,94,BGR,left,32,4.073559761047363,21.865779876708984,22.256784439086914
15,94,BGR,right,32,0.3081052601337433,0.9156069755554199,1.2773505449295044
15,95,RGB,left,32,0.9045803546905518,22.086318969726562,21.80979347229004
15,95,RGB,right,32,0.6099280118942261,0.9178547859191895,1.1318860054016113
15,95,BGR,left,32,4.427763938903809,21.427745819091797,21.80979347229004
15,95,BGR,right,32,0.4898991286754608,0.8724707961082458,1.1318860054016113
15,96,RGB,left,32,0.7370007038116455,21.918540954589844,21.64810562133789
15,96,RGB,right,32,0.5433319807052612,0.8554723858833313,0.9845426678657532
15,96,BGR,left,32,4.525308609008789,20.808460235595703,21.64810562133789
15,96,BGR,right,32,0.49341487884521484,0.786748468875885,0.9845426678657532
15,97,RGB,left,32,0.6314560770988464,20.910747528076172,21.54772186279297
15,97,RGB,right,32,0.3484026789665222,0.6896527409553528,0.8359299302101135
15,97,BGR,left,32,4.776365280151367,19.343074798583984,21.54772186279297
15,97,BGR,right,32,0.4535549283027649,0.6183903813362122,0.8359299302101135
15,98,RGB,left,32,1.167912244796753,20.022932052612305,21.078712463378906
15,98,RGB,right,32,0.4038698971271515,0.8129921555519104,0.7333756685256958
15,98,BGR,left,32,4.838041305541992,18.610898971557617,21.078712463378906
15,98,BGR,right,32,0.8001494407653809,0.8023092746734619,0.7333756685256958
15,99,RGB,left,32,0.7506726384162903,19.993175506591797,20.169889450073242
15,99,RGB,right,32,0.42658084630966187,0.7159065008163452,0.6935548782348633
15,99,BGR,left,32,4.29424524307251,18.08053207397461,20.169889450073242
15,99,BGR,right,32,1.05373215675354,0.7220723628997803,0.6935548782348633
15,100,RGB,left,32,0.345144122838974,18.71626853942871,18.96419334411621
15,100,RGB,right,32,0.36487552523612976,0.882599413394928,0.6530699729919434
15,100,BGR,left,32,3.845489501953125,16.551464080810547,18.96419334411621
15,100,BGR,right,32,0.7673107981681824,0.6582271456718445,0.6530699729919434
15,101,RGB,left,32,0.36239808797836304,17.342016220092773,17.510671615600586
15,101,RGB,right,32,0.25612983107566833,0.8600946664810181,0.6417045593261719
15,101,BGR,left,32,3.7281298637390137,16.10134506225586,17.510671615600586
15,101,BGR,right,32,0.9868965744972229,0.7759966254234314,0.6417045593261719
15,102,RGB,left,32,0.9811353087425232,16.747665405273438,16.399402618408203
15,102,RGB,right,32,0.2553707957267761,0.8974499702453613,0.6985015869140625
15,102,BGR,left,32,2.9537978172302246,15.357150077819824,16.399402618408203
15,102,BGR,right,32,1.0573774576187134,0.8813945651054382,0.6985015869140625
15,103,RGB,left,32,0.6925318837165833,15.802170753479004,15.755172729492188
15,103,RGB,right,32,0.3092198669910431,0.8372164368629456,0.7205296158790588
15,103,BGR,left,32,2.795670509338379,14.66689395904541,15.755172729492188
15,103,BGR,right,32,0.9759544134140015,0.8655478954315186,0.7205296158790588
15,104,RGB,left,32,0.6353669762611389,14.235111236572266,14.595813751220703
15,104,RGB,right,32,0.2644699811935425,0.8834375739097595,0.7121579051017761
15,104,BGR,left,32,1.9299960136413574,13.750361442565918,14.595813751220703
15,104,BGR,right,32,1.1585090160369873,1.0025008916854858,0.7121579051017761
15,105,RGB,left,32,1.1180733442306519,14.16692066192627,13.135376930236816
15,105,RGB,right,32,0.2772585153579712,0.8378996253013611,0.7576055526733398
15,105,BGR,left,32,1.5608487129211426,13.374883651733398,13.135376930236816
15,105,BGR,right,32,1.0609239339828491,0.8975809812545776,0.7576055526733398
15,106,RGB,left,32,0.6685621738433838,12.81340217590332,12.195648193359375
15,106,RGB,right,32,0.08217331767082214,0.704384982585907,0.8537682890892029
15,106,BGR,left,32,1.3396254777908325,12.510104179382324,12.195648193359375
15,106,BGR,right,32,1.2033710479736328,0.9650169014930725,0.8537682890892029
15,107,RGB,left,32,0.8245224952697754,11.953433990478516,11.56584358215332
15,107,RGB,right,32,0.19320406019687653,0.8039916157722473,0.923265814781189
15,107,BGR,left,32,1.6510518789291382,12.496681213378906,11.56584358215332
15,107,BGR,right,32,1.0188536643981934,0.8600836396217346,0.923265814781189
15,108,RGB,left,32,0.93793785572052,11.164352416992188,11.183796882629395
15,108,RGB,right,32,0.2366669923067093,0.7711419463157654,0.9640288949012756
15,108,BGR,left,32,1.5853499174118042,12.218132019042969,11.183796882629395
15,108,BGR,right,32,1.3563207387924194,1.2067590951919556,0.9640288949012756
15,109,RGB,left,32,1.2046364545822144,10.044700622558594,11.048985481262207
15,109,RGB,right,32,0.27340731024742126,0.7114283442497253,0.9631397128105164
15,109,BGR,left,32,1.563617467880249,11.465717315673828,11.048985481262207
15,109,BGR,right,32,1.252153992652893,1.0141679048538208,0.9631397128105164
15,110,RGB,left,32,1.3396626710891724,9.241655349731445,10.428998947143555
15,110,RGB,right,32,0.23457026481628418,0.6761370301246643,0.9038037061691284
15,110,BGR,left,32,2.353844165802002,11.426380157470703,10.428998947143555
15,110,BGR,right,32,1.2118439674377441,0.9152015447616577,0.9038037061691284
15,111,RGB,left,32,1.2668025493621826,8.106797218322754,9.178056716918945
15,111,RGB,right,32,0.3451640009880066,0.7325029969215393,0.9051286578178406
15,111,BGR,left,32,2.362734317779541,10.116793632507324,9.178056716918945
15,111,BGR,right,32,1.230811595916748,0.978184163570404,0.9051286578178406
15,112,RGB,left,32,0.8508388996124268,7.9032464027404785,8.3468017578125
15,112,RGB,right,32,0.5274513959884644,0.6444209814071655,0.9677318334579468
15,112,BGR,left,32,2.7553770542144775,9.96927547454834,8.3468017578125
15,112,BGR,right,32,1.4003978967666626,0.9506332278251648,0.9677318334579468
15,113,RGB,left,32,0.797487199306488,7.196120738983154,7.924200057983398
15,113,RGB,right,32,0.3395390510559082,0.7062999606132507,0.9786176681518555
15,113,BGR,left,32,2.6234781742095947,9.556733131408691,7.924200057983398
15,113,BGR,right,32,1.1745367050170898,0.7011757493019104,0.9786176681518555
15,114,RGB,left,32,0.4269653558731079,7.082077503204346,7.284861087799072
15,114,RGB,right,32,0.3792002201080322,0.6650070548057556,0.9133270978927612
15,114,BGR,left,32,2.7052431106567383,9.0384521484375,7.284861087799072
15,114,BGR,right,32,1.2121186256408691,0.754923403263092,0.9133270978927612
15,115,RGB,left,32,0.17344261705875397,6.471273422241211,6.522425651550293
15,115,RGB,right,32,0.47918111085891724,0.5867267847061157,0.8539734482765198
15,115,BGR,left,32,2.5767698287963867,8.181562423706055,6.522425651550293
15,115,BGR,right,32,1.022093653678894,0.5492563247680664,0.8539734482765198
15,116,RGB,left,32,0.9123151302337646,6.690738677978516,5.814174175262451
15,116,RGB,right,32,0.5091150403022766,0.6857105493545532,0.8703637719154358
15,116,BGR,left,32,3.1763296127319336,8.59823989868164,5.814174175262451
15,116,BGR,right,32,1.1337934732437134,0.7109165191650391,0.8703637719154358
15,117,RGB,left,32,0.5750606656074524,5.915884971618652,5.480358123779297
15,117,RGB,right,32,0.4872012734413147,0.8141165375709534,0.9454081058502197
15,117,BGR,left,32,2.255587100982666,7.371362686157227,5.480358123779297
15,117,BGR,right,32,0.9887118339538574,0.5870786905288696,0.9454081058502197
15,118,RGB,left,32,0.6874656677246094,6.079273700714111,5.622210502624512
15,118,RGB,right,32,0.5272164344787598,0.8009674549102783,0.9836077094078064
15,118,BGR,left,32,1.2737298011779785,6.4971113204956055,5.622210502624512
15,118,BGR,right,32,1.0107072591781616,0.5466780662536621,0.9836077094078064
15,119,RGB,left,32,0.6524558067321777,6.393869876861572,5.863226890563965
15,119,RGB,right,32,0.533739447593689,0.7647938132286072,0.9627040028572083
15,119,BGR,left,32,1.1594568490982056,6.521887302398682,5.863226890563965
15,119,BGR,right,32,0.9426982998847961,0.5062569975852966,0.9627040028572083
15,120,RGB,left,32,0.31336647272109985,6.112791538238525,5.984875202178955
15,120,RGB,right,32,0.3505987823009491,0.825073778629303,0.9555668830871582
15,120,BGR,left,32,0.4735436737537384,5.866290092468262,5.984875202178955
15,120,BGR,right,32,0.8634840846061707,0.4887094795703888,0.9555668830871582
15,121,RGB,left,32,0.21903447806835175,6.005433082580566,5.963518142700195
15,121,RGB,right,32,0.2838160991668701,0.8131468296051025,0.9864758253097534
15,121,BGR,left,32,0.8185096383094788,5.344816207885742,5.963518142700195
15,121,BGR,right,32,0.7776029109954834,0.40771162509918213,0.9864758253097534
15,122,RGB,left,32,0.5627883672714233,6.238777160644531,5.913640022277832
15,122,RGB,right,32,0.2605612277984619,0.7410269379615784,0.9990241527557373
15,122,BGR,left,32,0.9145411849021912,5.368807792663574,5.913640022277832
15,122,BGR,right,32,0.6936290860176086,0.37358009815216064,0.9990241527557373
15,123,RGB,left,32,0.7953695058822632,6.37665319442749,6.033216953277588
15,123,RGB,right,32,0.36258506774902344,0.6632670164108276,0.9724454283714294
15,123,BGR,left,32,0.9482043385505676,5.7179789543151855,6.033216953277588
15,123,BGR,right,32,0.6676852107048035,0.3669200837612152,0.9724454283714294
15,124,RGB,left,32,0.5078529715538025,6.188820838928223,6.335286617279053
15,124,RGB,right,32,0.17459848523139954,0.7751785516738892,0.9004335403442383
15,124,BGR,left,32,1.0814367532730103,5.560003280639648,6.335286617279053
15,124,BGR,right,32,0.5732414126396179,0.46926379203796387,0.9004335403442383
15,125,RGB,left,32,0.39700111746788025,6.551964282989502,6.502709865570068
15,125,RGB,right,32,0.12755049765110016,0.6543864607810974,0.7974697351455688
15,125,BGR,left,32,1.434800148010254,5.580430507659912,6.502709865570068
15,125,BGR,right,32,0.5547592639923096,0.3122742772102356,0.7974697351455688
15,126,RGB,left,32,0.48718520998954773,6.860376358032227,6.409902095794678
15,126,RGB,right,32,0.16831941902637482,0.6258375644683838,0.7394664287567139
15,126,BGR,left,32,0.9786533117294312,5.824153900146484,6.409902095794678
15,126,BGR,right,32,0.44381090998649597,0.37978339195251465,0.7394664287567139
15,127,RGB,left,32,0.31655561923980713,6.670782566070557,6.400136470794678
15,127,RGB,right,32,0.28334710001945496,0.5556585192680359,0.7125160694122314
15,127,BGR,left,32,1.1350516080856323,5.8209452629089355,6.400136470794678
15,127,BGR,right,32,0.29789111018180847,0.42781174182891846,0.7125160694122314
15,128,RGB,left,32,0.33049336075782776,6.726812362670898,6.524580478668213
15,128,RGB,right,32,0.27008798718452454,0.383097380399704,0.6370012164115906
15,128,BGR,left,32,1.1506843566894531,6.128351211547852,6.524580478668213
15,128,BGR,right,32,0.1939273476600647,0.4359779953956604,0.6370012164115906
15,129,RGB,left,32,0.4622774124145508,6.969354152679443,6.684334754943848
15,129,RGB,right,32,0.2612098157405853,0.5125513672828674,0.5321939587593079
15,129,BGR,left,32,0.8495640754699707,6.759208679199219,6.684334754943848
15,129,BGR,right,32,0.25515085458755493,0.6723994016647339,0.5321939587593079
15,130,RGB,left,32,0.435950368642807,6.828078746795654,6.850042819976807
15,130,RGB,right,32,0.17520204186439514,0.4586813747882843,0.49648550152778625
15,130,BGR,left,32,1.3224302530288696,6.776625156402588,6.850042819976807
15,130,BGR,right,32,0.20423761010169983,0.6095443964004517,0.49648550152778625
15,131,RGB,left,32,0.8637204170227051,7.704222679138184,6.919205188751221
15,131,RGB,right,32,0.19910255074501038,0.5175284743309021,0.5187470316886902
15,131,BGR,left,32,1.683276653289795,7.306285381317139,6.919205188751221
15,131,BGR,right,32,0.3716438412666321,0.647244393825531,0.5187470316886902
15,132,RGB,left,32,0.5794174075126648,7.27248477935791,6.811277866363525
15,132,RGB,right,32,0.08412925153970718,0.46511587500572205,0.5264610648155212
15,132,BGR,left,32,2.123798370361328,7.157924652099609,6.811277866363525
15,132,BGR,right,32,0.4591009318828583,0.5927344560623169,0.5264610648155212
15,133,RGB,left,32,0.4394536316394806,6.939416885375977,6.50811243057251
15,133,RGB,right,32,0.14823609590530396,0.4944331645965576,0.49447280168533325
15,133,BGR,left,32,1.9379063844680786,6.8702311515808105,6.50811243057251
15,133,BGR,right,32,0.6067778468132019,0.652571439743042,0.49447280168533325
15,134,RGB,left,32,0.6428393721580505,6.861372947692871,6.274619102478027
15,134,RGB,right,32,0.12394306808710098,0.4880262017250061,0.4710076153278351
15,134,BGR,left,32,2.8535656929016113,7.550116539001465,6.274619102478027
15,134,BGR,right,32,0.6441931128501892,0.6287066340446472,0.4710076153278351
15,135,RGB,left,32,0.4195178151130676,6.547043323516846,6.245687961578369
15,135,RGB,right,32,0.0527559258043766,0.47208091616630554,0.5098361372947693
15,135,BGR,left,32,2.612159013748169,7.282196998596191,6.245687961578369
15,135,BGR,right,32,0.6778838038444519,0.5797317624092102,0.5098361372947693
15,136,RGB,left,32,0.3665480613708496,6.140401840209961,6.140532970428467
15,136,RGB,right,32,0.17544370889663696,0.5100991129875183,0.5816476345062256
15,136,BGR,left,32,3.4015285968780518,7.099836349487305,6.140532970428467
15,136,BGR,right,32,0.6342505812644958,0.5273261070251465,0.5816476345062256
15,137,RGB,left,32,0.721623957157135,6.273288249969482,5.7810797691345215
15,137,RGB,right,32,0.19422461092472076,0.5055719017982483,0.6525702476501465
15,137,BGR,left,32,3.2221944332122803,6.599106311798096,5.7810797691345215
15,137,BGR,right,32,0.5522031784057617,0.4405112564563751,0.6525702476501465
15,138,RGB,left,32,0.4221942126750946,5.527367115020752,5.267241477966309
15,138,RGB,right,32,0.24616333842277527,0.5382440090179443,0.6799460053443909
15,138,BGR,left,32,3.1565237045288086,5.9277663230896,5.267241477966309
15,138,BGR,right,32,0.552507221698761,0.4784679412841797,0.6799460053443909
15,139,RGB,left,32,0.44068366289138794,4.928374767303467,4.757712364196777
15,139,RGB,right,32,0.31129348278045654,0.5571805834770203,0.6769470572471619
15,139,BGR,left,32,3.1408615112304688,5.882943153381348,4.757712364196777
15,139,BGR,right,32,0.42252859473228455,0.2731105387210846,0.6769470572471619
15,140,RGB,left,32,0.22456499934196472,4.201773166656494,4.283300876617432
15,140,RGB,right,32,0.4699171483516693,0.5144044756889343,0.7007104754447937
15,140,BGR,left,32,2.6173007488250732,5.367115020751953,4.283300876617432
15,140,BGR,right,32,0.6010850071907043,0.2545947730541229,0.7007104754447937
15,141,RGB,left,32,0.5933101773262024,3.825843334197998,3.9256176948547363
15,141,RGB,right,32,0.5296282768249512,0.3327283263206482,0.7270609736442566
15,141,BGR,left,32,2.583406448364258,5.293893814086914,3.9256176948547363
15,141,BGR,right,32,0.6587404608726501,0.2530476450920105,0.7270609736442566
15,142,RGB,left,32,0.6908569931983948,3.465031147003174,3.4393606185913086
15,142,RGB,right,32,0.48846763372421265,0.4156954288482666,0.7111905813217163
15,142,BGR,left,32,2.153104543685913,4.900445461273193,3.4393606185913086
15,142,BGR,right,32,0.6050549745559692,0.27668121457099915,0.7111905813217163
15,143,RGB,left,32,0.32174673676490784,2.7229199409484863,2.713202476501465
15,143,RGB,right,32,0.5246734023094177,0.3637913167476654,0.6452383399009705
15,143,BGR,left,32,2.3805456161499023,4.471645832061768,2.713202476501465
15,143,BGR,right,32,0.6437714695930481,0.25198841094970703,0.6452383399009705
15,144,RGB,left,32,0.33492782711982727,2.516324281692505,2.322845220565796
15,144,RGB,right,32,0.4069470167160034,0.4179483950138092,0.5838922262191772
15,144,BGR,left,32,2.0710320472717285,4.1219658851623535,2.322845220565796
15,144,BGR,right,32,0.5255086421966553,0.2423810213804245,0.5838922262191772
15,145,RGB,left,32,0.6530953645706177,2.7220396995544434,2.2812886238098145
15,145,RGB,right,32,0.4105592370033264,0.48361775279045105,0.551618218421936
15,145,BGR,left,32,1.6781591176986694,3.966996431350708,2.2812886238098145
15,145,BGR,right,32,0.4284818470478058,0.29095757007598877,0.551618218421936
15,146,RGB,left,32,0.35481613874435425,2.315626382827759,2.3825650215148926
15,146,RGB,right,32,0.29714906215667725,0.45883122086524963,0.5264777541160583
15,146,BGR,left,32,0.6990720629692078,2.9446334838867188,2.3825650215148926
15,146,BGR,right,32,0.34248706698417664,0.22867316007614136,0.5264777541160583
15,147,RGB,left,32,1.2010186910629272,3.077385902404785,2.571429491043091
15,147,RGB,right,32,0.17691650986671448,0.5429528951644897,0.5019344091415405
15,147,BGR,left,32,1.7821323871612549,2.944082021713257,2.571429491043091
15,147,BGR,right,32,0.43804454803466797,0.3098773956298828,0.5019344091415405
15,148,RGB,left,32,1.130256175994873,3.1808884143829346,2.774040699005127
15,148,RGB,right,32,0.2423565536737442,0.5145538449287415,0.4571011960506439
15,148,BGR,left,32,1.9076709747314453,3.265512228012085,2.774040699005127
15,148,BGR,right,32,0.37056803703308105,0.33370885252952576,0.4571011960506439
15,149,RGB,left,32,0.8415833711624146,3.3544766902923584,3.119328260421753
15,149,RGB,right,32,0.3249036967754364,0.5471012592315674,0.431051641702652
15,149,BGR,left,32,2.1339938640594482,3.6361069679260254,3.119328260421753
15,149,BGR,right,32,0.3329779803752899,0.4049772322177887,0.431051641702652
15,150,RGB,left,32,0.6385546326637268,3.745748281478882,3.6676604747772217
15,150,RGB,right,32,0.27042385935783386,0.4715763032436371,0.4329320192337036
15,150,BGR,left,32,3.1580851078033447,4.981025695800781,3.6676604747772217
15,150,BGR,right,32,0.3532527685165405,0.3963635563850403,0.4329320192337036
15,151,RGB,left,32,0.31779974699020386,3.9396026134490967,4.04944372177124
15,151,RGB,right,32,0.18772506713867188,0.3636855483055115,0.43521901965141296
15,151,BGR,left,32,4.2680559158325195,6.261503219604492,4.04944372177124
15,151,BGR,right,32,0.23987136781215668,0.43701550364494324,0.43521901965141296
15,152,RGB,left,32,0.403189092874527,4.180138111114502,4.02639627456665
15,152,RGB,right,32,0.1108795627951622,0.31150442361831665,0.41699984669685364
15,152,BGR,left,32,5.351495742797852,7.705367088317871,4.02639627456665
15,152,BGR,right,32,0.30371761322021484,0.351991206407547,0.41699984669685364
15,153,RGB,left,32,0.16298212110996246,3.978994607925415,4.195859432220459
15,153,RGB,right,32,0.11686929315328598,0.3245546817779541,0.376350075006485
15,153,BGR,left,32,6.620156764984131,9.350079536437988,4.195859432220459
15,153,BGR,right,32,0.27991893887519836,0.4026174545288086,0.376350075006485
15,154,RGB,left,32,1.4287307262420654,5.933361053466797,5.094771385192871
15,154,RGB,right,32,0.3139195144176483,0.30684134364128113,0.3671379089355469
15,154,BGR,left,32,6.881023406982422,10.828780174255371,5.094771385192871
15,154,BGR,right,32,0.2877894341945648,0.3069379925727844,0.3671379089355469
15,155,RGB,left,32,0.18214499950408936,6.674233436584473,6.5706963539123535
15,155,RGB,right,32,0.41519683599472046,0.3130726218223572,0.40919747948646545
15,155,BGR,left,32,4.389282703399658,10.431488990783691,6.5706963539123535
15,155,BGR,right,32,0.3499355912208557,0.29124945402145386,0.40919747948646545
15,156,RGB,left,32,1.3467695713043213,6.998776435852051,8.225672721862793
15,156,RGB,right,32,0.3818061351776123,0.3834165930747986,0.48903968930244446
15,156,BGR,left,32,1.7975956201553345,9.840957641601562,8.225672721862793
15,156,BGR,right,32,0.3186400830745697,0.44386208057403564,0.48903968930244446
15,157,RGB,left,32,0.4089128375053406,9.892510414123535,9.582286834716797
15,157,RGB,right,32,0.40090370178222656,0.45998823642730713,0.5603377223014832
15,157,BGR,left,32,4.6348772048950195,13.977700233459473,9.582286834716797
15,157,BGR,right,32,0.3269083797931671,0.27435630559921265,0.5603377223014832
15,158,RGB,left,32,0.5480354428291321,10.244028091430664,10.699678421020508
15,158,RGB,right,32,0.4084246754646301,0.4075593948364258,0.5992296934127808
15,158,BGR,left,32,3.050560235977173,13.583051681518555,10.699678421020508
15,158,BGR,right,32,0.29513320326805115,0.3952566981315613,0.5992296934127808
15,159,RGB,left,32,0.4223329424858093,12.73681354522705,12.890670776367188
15,159,RGB,right,32,0.4526840150356293,0.4718910753726959,0.7051637172698975
15,159,BGR,left,32,2.790318727493286,15.360246658325195,12.890670776367188
15,159,BGR,right,32,0.3886568546295166,0.2952943444252014,0.7051637172698975
15,160,RGB,left,32,1.6896493434906006,14.94378662109375,16.610321044921875
15,160,RGB,right,32,0.4213656485080719,0.5302373766899109,0.9222316741943359
15,160,BGR,left,32,1.4738743305206299,16.018381118774414,16.610321044921875
15,160,BGR,right,32,0.6136584281921387,0.2773313820362091,0.9222316741943359
15,161,RGB,left,32,1.1293085813522339,18.91179084777832,19.813627243041992
15,161,RGB,right,32,0.3869823217391968,0.6777400374412537,1.08071768283844
15,161,BGR,left,32,2.415154218673706,18.691089630126953,19.813627243041992
15,161,BGR,right,32,0.7127963304519653,0.4343683421611786,1.08071768283844
15,162,RGB,left,32,3.3657984733581543,18.14255714416504,21.46038055419922
15,162,RGB,right,32,0.4001319706439972,0.6704689264297485,1.123515248298645
15,162,BGR,left,32,4.134422302246094,18.023311614990234,21.46038055419922
15,162,BGR,right,32,0.8643662333488464,0.2948033809661865,1.123515248298645
15,163,RGB,left,32,1.2821714878082275,22.273908615112305,23.401498794555664
15,163,RGB,right,32,0.35802698135375977,0.7353748679161072,1.143783688545227
15,163,BGR,left,32,3.1845273971557617,21.52109718322754,23.401498794555664
15,163,BGR,right,32,1.0943766832351685,0.3370608389377594,1.143783688545227
15,164,RGB,left,32,0.9835835099220276,26.272445678710938,27.046594619750977
15,164,RGB,right,32,0.3838362395763397,0.760191023349762,1.1829149723052979
15,164,BGR,left,32,4.4099202156066895,24.074405670166016,27.046594619750977
15,164,BGR,right,32,1.0988563299179077,0.40622246265411377,1.1829149723052979
15,165,RGB,left,32,0.3062116205692291,30.710439682006836,30.87735939025879
15,165,RGB,right,32,0.43045154213905334,0.808386504650116,1.1996328830718994
15,165,BGR,left,32,4.959707736968994,27.659229278564453,30.87735939025879
15,165,BGR,right,32,1.207311987876892,0.4908500611782074,1.1996328830718994
15,166,RGB,left,32,0.4515887200832367,33.78288269042969,34.114524841308594
15,166,RGB,right,32,0.518231213092804,0.7165740132331848,1.1917190551757812
15,166,BGR,left,32,7.401989459991455,28.11902618408203,34.114524841308594
15,166,BGR,right,32,1.089154601097107,0.4862024486064911,1.1917190551757812
15,167,RGB,left,32,1.2200660705566406,35.19123077392578,36.387794494628906
15,167,RGB,right,32,0.42646101117134094,0.6790275573730469,1.0847179889678955
15,167,BGR,left,32,8.586018562316895,29.06549072265625,36.387794494628906
15,167,BGR,right,32,0.8525551557540894,0.6197834014892578,1.0847179889678955
15,168,RGB,left,32,0.8701385259628296,38.48435592651367,37.63176345825195
15,168,RGB,right,32,0.31453725695610046,0.5869144797325134,0.8818104863166809
15,168,BGR,left,32,7.552217960357666,32.155033111572266,37.63176345825195
15,168,BGR,right,32,0.7697639465332031,0.9448044300079346,0.8818104863166809
15,169,RGB,left,32,0.7922317981719971,39.08753967285156,39.38255310058594
15,169,RGB,right,32,0.22157613933086395,0.535250186920166,0.7493690848350525
15,169,BGR,left,32,8.871761322021484,32.2021484375,39.38255310058594
15,169,BGR,right,32,0.8286999464035034,1.0166436433792114,0.7493690848350525
15,170,RGB,left,32,1.8813388347625732,39.924434661865234,41.77283477783203
15,170,RGB,right,32,0.3181271255016327,0.3516561985015869,0.6806845664978027
15,170,BGR,left,32,11.041374206542969,31.978099822998047,41.77283477783203
15,170,BGR,right,32,0.7692752480506897,0.82904452085495,0.6806845664978027
15,171,RGB,left,32,2.6325769424438477,40.37415313720703,42.97095489501953
15,171,RGB,right,32,0.3327725827693939,0.355002224445343,0.5939975380897522
15,171,BGR,left,32,12.731979370117188,31.35677146911621,42.97095489501953
15,171,BGR,right,32,0.8270492553710938,0.9084903001785278,0.5939975380897522
15,172,RGB,left,32,1.2314379215240479,40.87146759033203,42.078277587890625
15,172,RGB,right,32,0.299191415309906,0.42255663871765137,0.489725261926651
15,172,BGR,left,32,11.040779113769531,32.05564498901367,42.078277587890625
15,172,BGR,right,32,0.8264088034629822,0.9681980013847351,0.489725261926651
15,173,RGB,left,32,0.4684303104877472,40.88109588623047,40.454769134521484
15,173,RGB,right,32,0.297344446182251,0.45089033246040344,0.4468453824520111
15,173,BGR,left,32,8.076348304748535,33.45341873168945,40.454769134521484
15,173,BGR,right,32,0.8457564115524292,1.0754419565200806,0.4468453824520111
15,174,RGB,left,32,0.6270514726638794,38.481773376464844,38.82526779174805
15,174,RGB,right,32,0.256623238325119,0.40074649453163147,0.514498770236969
15,174,BGR,left,32,6.585548400878906,34.37284469604492,38.82526779174805
15,174,BGR,right,32,0.6630271077156067,1.0022554397583008,0.514498770236969
15,175,RGB,left,32,2.103924512863159,40.428428649902344,38.44950485229492
15,175,RGB,right,32,0.2535110116004944,0.6027509570121765,0.6825441718101501
15,175,BGR,left,32,5.457362174987793,35.24030685424805,38.44950485229492
15,175,BGR,right,32,0.42600876092910767,0.9233205914497375,0.6825441718101501
15,176,RGB,left,32,1.8247970342636108,37.93515396118164,39.55119705200195
15,176,RGB,right,32,0.34241434931755066,0.7231412529945374,0.8274289965629578
15,176,BGR,left,32,6.930194854736328,34.963157653808594,39.55119705200195
15,176,BGR,right,32,0.2884502410888672,0.8689475655555725,0.8274289965629578
15,177,RGB,left,32,1.9383331537246704,38.08689880371094,39.72618865966797
15,177,RGB,right,32,0.42253100872039795,0.7644924521446228,0.9051302671432495
15,177,BGR,left,32,6.515679836273193,35.49775314331055,39.72618865966797
15,177,BGR,right,32,0.20572103559970856,0.8323348760604858,0.9051302671432495
15,178,RGB,left,32,0.9675260186195374,39.602108001708984,38.67892074584961
15,178,RGB,right,32,0.2885100543498993,0.9544155597686768,0.9735630750656128
15,178,BGR,left,32,5.802721977233887,36.452701568603516,38.67892074584961
15,178,BGR,right,32,0.45439577102661133,0.882908821105957,0.9735630750656128
15,179,RGB,left,32,1.2176569700241089,37.13278579711914,37.013099670410156
15,179,RGB,right,32,0.43677300214767456,0.8220369219779968,1.0130432844161987
15,179,BGR,left,32,5.752923488616943,35.48553466796875,37.013099670410156
15,179,BGR,right,32,0.4835212528705597,0.6563911437988281,1.0130432844161987
15,180,RGB,left,32,2.7008094787597656,37.61716079711914,35.00935363769531
15,180,RGB,right,32,0.38975799083709717,0.7995648980140686,1.0081065893173218
15,180,BGR,left,32,6.1583662033081055,34.45256805419922,35.00935363769531
15,180,BGR,right,32,0.44778871536254883,0.8386547565460205,1.0081065893173218
15,181,RGB,left,32,2.085296869277954,36.80297088623047,34.6867790222168
15,181,RGB,right,32,0.2031974196434021,0.8491120338439941,0.9756781458854675
15,181,BGR,left,32,7.550209045410156,34.30207824707031,34.6867790222168
15,181,BGR,right,32,0.35264167189598083,0.9154356122016907,0.9756781458854675
15,182,RGB,left,32,1.648488998413086,38.20270919799805,36.68914031982422
15,182,RGB,right,32,0.295202374458313,0.6633180975914001,0.8665737509727478
15,182,BGR,left,32,9.284330368041992,33.03337097167969,36.68914031982422
15,182,BGR,right,32,0.40128958225250244,0.9951436519622803,0.8665737509727478
15,183,RGB,left,32,0.42047348618507385,37.55910110473633,37.15877914428711
15,183,RGB,right,32,0.3413064777851105,0.7266327738761902,0.7052902579307556
15,183,BGR,left,32,11.546503067016602,31.267810821533203,37.15877914428711
15,183,BGR,right,32,0.5099309086799622,1.0722565650939941,0.7052902579307556
15,184,RGB,left,32,0.9384515285491943,34.63063049316406,34.890769958496094
15,184,RGB,right,32,0.28201648592948914,0.5706643462181091,0.5971583127975464
15,184,BGR,left,32,11.605986595153809,30.69557762145996,34.890769958496094
15,184,BGR,right,32,0.817696750164032,1.1356452703475952,0.5971583127975464
15,185,RGB,left,32,0.9990522861480713,34.060096740722656,33.03337860107422
15,185,RGB,right,32,0.16020776331424713,0.4865582585334778,0.56992506980896
15,185,BGR,left,32,12.630780220031738,29.703767776489258,33.03337860107422
15,185,BGR,right,32,0.9983354210853577,1.0625447034835815,0.56992506980896
15,186,RGB,left,32,0.461923748254776,32.64918899536133,32.517547607421875
15,186,RGB,right,32,0.2619202435016632,0.5297828912734985,0.5983790755271912
15,186,BGR,left,32,15.271554946899414,28.711389541625977,32.517547607421875
15,186,BGR,right,32,1.0906352996826172,0.9114899635314941,0.5983790755271912
15,187,RGB,left,32,2.2616803646087646,34.41068649291992,32.75396728515625
15,187,RGB,right,32,0.2956782579421997,0.6557317972183228,0.6955515146255493
15,187,BGR,left,32,15.505315780639648,28.19678497314453,32.75396728515625
15,187,BGR,right,32,1.3760219812393188,1.0120104551315308,0.6955515146255493
15,188,RGB,left,32,1.6354188919067383,33.868953704833984,33.469642639160156
15,188,RGB,right,32,0.22095273435115814,0.8468223810195923,0.8616023659706116
15,188,BGR,left,32,16.20823860168457,28.332067489624023,33.469642639160156
15,188,BGR,right,32,1.6527663469314575,1.0184146165847778,0.8616023659706116
15,189,RGB,left,32,1.3685400485992432,32.4957160949707,33.07278060913086
15,189,RGB,right,32,0.20009613037109375,0.9323650598526001,1.0728228092193604
15,189,BGR,left,32,15.577570915222168,27.446409225463867,33.07278060913086
15,189,BGR,right,32,1.8995534181594849,0.9539623260498047,1.0728228092193604
15,190,RGB,left,32,2.373202085494995,31.292707443237305,30.648027420043945
15,190,RGB,right,32,0.2316638082265854,1.1303895711898804,1.2862132787704468
15,190,BGR,left,32,12.802104949951172,28.36944580078125,30.648027420043945
15,190,BGR,right,32,2.072089910507202,0.8752235174179077,1.2862132787704468
15,191,RGB,left,32,2.66564679145813,29.846866607666016,28.12141990661621
15,191,RGB,right,32,0.3466058671474457,1.1726192235946655,1.4327322244644165
15,191,BGR,left,32,8.842155456542969,27.86808967590332,28.12141990661621
15,191,BGR,right,32,2.034337043762207,0.7251840829849243,1.4327322244644165
15,192,RGB,left,32,1.1432889699935913,27.788787841796875,26.915464401245117
15,192,RGB,right,32,0.14661356806755066,1.5015162229537964,1.6206860542297363
15,192,BGR,left,32,7.469370365142822,23.522876739501953,26.915464401245117
15,192,BGR,right,32,2.101412296295166,0.5999095439910889,1.6206860542297363
15,193,RGB,left,32,1.070367455482483,25.986297607421875,26.87392807006836
15,193,RGB,right,32,0.26946768164634705,1.658056616783142,1.9363631010055542
15,193,BGR,left,32,5.02612829208374,25.276418685913086,26.87392807006836
15,193,BGR,right,32,2.1866586208343506,0.48616719245910645,1.9363631010055542
15,194,RGB,left,32,0.6116857528686523,26.728755950927734,26.77997589111328
15,194,RGB,right,32,0.24500349164009094,2.0271506309509277,2.2523021697998047
15,194,BGR,left,32,3.93861722946167,25.996723175048828,26.77997589111328
15,194,BGR,right,32,2.316058397293091,0.3467237651348114,2.2523021697998047
15,195,RGB,left,32,0.5085570812225342,26.512168884277344,26.471616744995117
15,195,RGB,right,32,0.5180480480194092,2.042074680328369,2.4976959228515625
15,195,BGR,left,32,4.4164934158325195,26.955842971801758,26.471616744995117
15,195,BGR,right,32,2.4702532291412354,0.3881443440914154,2.4976959228515625
15,196,RGB,left,32,0.8426684141159058,26.344209671020508,26.347305297851562
15,196,RGB,right,32,0.3451648950576782,2.420689821243286,2.655695915222168
15,196,BGR,left,32,4.883325576782227,25.44293212890625,26.347305297851562
15,196,BGR,right,32,2.3902571201324463,0.5337972640991211,2.655695915222168
15,197,RGB,left,32,0.7733809351921082,25.611873626708984,26.38570785522461
15,197,RGB,right,32,0.42252305150032043,2.4703879356384277,2.7284016609191895
15,197,BGR,left,32,3.773306131362915,24.31670570373535,26.38570785522461
15,197,BGR,right,32,2.4147915840148926,0.4358655512332916,2.7284016609191895
15,198,RGB,left,32,1.1279398202896118,26.863388061523438,26.502792358398438
15,198,RGB,right,32,0.3931318521499634,2.70447039604187,2.768951892852783
15,198,BGR,left,32,4.216487407684326,24.3491153717041,26.502792358398438
15,198,BGR,right,32,2.257556200027466,0.6635293364524841,2.768951892852783
15,199,RGB,left,32,1.0576375722885132,25.9207820892334,26.771705627441406
15,199,RGB,right,32,0.37542757391929626,2.660924196243286,2.8211395740509033
15,199,BGR,left,32,3.360088586807251,23.96082878112793,26.771705627441406
15,199,BGR,right,32,1.9961113929748535,0.9629772305488586,2.8211395740509033
15,200,RGB,left,32,0.6324520707130432,25.909696578979492,26.522079467773438
15,200,RGB,right,32,0.47576871514320374,2.3728652000427246,2.8056259155273438
15,200,BGR,left,32,2.899287462234497,23.568422317504883,26.522079467773438
15,200,BGR,right,32,1.7991911172866821,1.0145525932312012,2.8056259155273438
15,201,RGB,left,32,0.7640013098716736,25.2474422454834,25.286090850830078
15,201,RGB,right,32,0.21854081749916077,2.51557993888855,2.6546428203582764
15,201,BGR,left,32,3.8344881534576416,21.932209014892578,25.286090850830078
15,201,BGR,right,32,1.5372803211212158,1.2230650186538696,2.6546428203582764
15,202,RGB,left,32,0.39954736828804016,23.93022918701172,24.17491340637207
15,202,RGB,right,32,0.21535786986351013,2.549614667892456,2.4741735458374023
15,202,BGR,left,32,3.161470890045166,21.069591522216797,24.17491340637207
15,202,BGR,right,32,1.1558892726898193,1.4359492063522339,2.4741735458374023
15,203,RGB,left,32,1.3912571668624878,23.57606315612793,23.47935676574707
15,203,RGB,right,32,0.2909778952598572,2.4066641330718994,2.303069829940796
15,203,BGR,left,32,1.4531419277191162,22.567964553833008,23.47935676574707
15,203,BGR,right,32,0.9061331748962402,1.7135428190231323,2.303069829940796
15,204,RGB,left,32,1.0817172527313232,22.29631996154785,22.599794387817383
15,204,RGB,right,32,0.3486546277999878,2.0468080043792725,2.127061128616333
15,204,BGR,left,32,2.6577181816101074,19.97981834411621,22.599794387817383
15,204,BGR,right,32,1.0031979084014893,1.522127628326416,2.127061128616333
15,205,RGB,left,32,0.9162388443946838,22.124868392944336,21.51799201965332
15,205,RGB,right,32,0.583861768245697,2.0036892890930176,1.935934066772461
15,205,BGR,left,32,1.7741066217422485,20.060035705566406,21.51799201965332
15,205,BGR,right,32,1.0867478847503662,1.6169911623001099,1.935934066772461
15,206,RGB,left,32,1.1189656257629395,19.974201202392578,20.592018127441406
15,206,RGB,right,32,0.2976706027984619,1.636877417564392,1.7250654697418213
15,206,BGR,left,32,1.9575765132904053,19.397537231445312,20.592018127441406
15,206,BGR,right,32,0.9115023016929626,1.615380883216858,1.7250654697418213
15,207,RGB,left,32,0.790205717086792,19.20499610900879,19.649517059326172
15,207,RGB,right,32,0.5782824754714966,1.757077693939209,1.5103970766067505
15,207,BGR,left,32,1.7689027786254883,18.650094985961914,19.649517059326172
15,207,BGR,right,32,1.2777228355407715,1.774603247642517,1.5103970766067505
15,208,RGB,left,32,1.0222467184066772,19.378948211669922,18.43012046813965
15,208,RGB,right,32,0.6566601395606995,1.5806790590286255,1.3369578123092651
15,208,BGR,left,32,2.09401798248291,19.52564811706543,18.43012046813965
15,208,BGR,right,32,1.3404626846313477,1.7937368154525757,1.3369578123092651
15,209,RGB,left,32,0.14164482057094574,17.625734329223633,17.527347564697266
15,209,RGB,right,32,0.6229395270347595,1.2026896476745605,1.234958291053772
15,209,BGR,left,32,1.4754277467727661,17.464550018310547,17.527347564697266
15,209,BGR,right,32,1.5563693046569824,1.7186670303344727,1.234958291053772
15,210,RGB,left,32,0.3113188147544861,17.461050033569336,17.276885986328125
15,210,RGB,right,32,0.6461232900619507,1.076440453529358,1.149511694908142
15,210,BGR,left,32,2.5378217697143555,17.048784255981445,17.276885986328125
15,210,BGR,right,32,1.6137125492095947,1.5850780010223389,1.149511694908142
15,211,RGB,left,32,0.4837742745876312,16.550947189331055,16.893726348876953
15,211,RGB,right,32,0.7563897371292114,1.0203421115875244,1.0338242053985596
15,211,BGR,left,32,2.7776238918304443,15.659317016601562,16.893726348876953
15,211,BGR,right,32,1.5691252946853638,1.2853606939315796,1.0338242053985596
15,212,RGB,left,32,0.9147447347640991,16.970504760742188,16.26715850830078
15,212,RGB,right,32,0.8634896278381348,0.9833078384399414,0.9204863905906677
15,212,BGR,left,32,2.5634140968322754,16.025827407836914,16.26715850830078
15,212,BGR,right,32,1.7939249277114868,1.3953121900558472,0.9204863905906677
15,213,RGB,left,32,1.8843778371810913,17.52579116821289,15.681557655334473
15,213,RGB,right,32,0.7734807729721069,0.8672834634780884,0.8614670038223267
15,213,BGR,left,32,2.8418948650360107,14.214462280273438,15.681557655334473
15,213,BGR,right,32,1.8517800569534302,1.345422387123108,0.8614670038223267
15,214,RGB,left,32,0.6238797903060913,15.81363582611084,15.108905792236328
15,214,RGB,right,32,0.6959757804870605,0.7195587754249573,0.8784853219985962
15,214,BGR,left,32,3.8485708236694336,12.805724143981934,15.108905792236328
15,214,BGR,right,32,1.9443796873092651,1.379847764968872,0.8784853219985962
15,215,RGB,left,32,0.5342006087303162,15.057794570922852,14.591121673583984
15,215,RGB,right,32,0.5005706548690796,0.7258557081222534,0.933566153049469
15,215,BGR,left,32,3.843458414077759,12.88864517211914,14.591121673583984
15,215,BGR,right,32,1.600288987159729,1.0959118604660034,0.933566153049469
15,216,RGB,left,32,0.7591366767883301,14.926177024841309,14.220932960510254
15,216,RGB,right,32,0.38029903173446655,0.7165400385856628,0.9511313438415527
15,216,BGR,left,32,3.872180700302124,13.899848937988281,14.220932960510254
15,216,BGR,right,32,1.654118537902832,1.2650384902954102,0.9511313438415527
15,217,RGB,left,32,1.5100759267807007,14.778105735778809,13.455244064331055
15,217,RGB,right,32,0.4631160497665405,0.6397194266319275,0.9186564683914185
15,217,BGR,left,32,4.29962682723999,14.163961410522461,13.455244064331055
15,217,BGR,right,32,1.8792526721954346,1.642342448234558,0.9186564683914185
15,218,RGB,left,32,1.5413782596588135,13.241349220275879,12.039657592773438
15,218,RGB,right,32,0.3037182092666626,0.8558320999145508,0.9326276779174805
15,218,BGR,left,32,4.671847820281982,12.668993949890137,12.039657592773438
15,218,BGR,right,32,1.303285837173462,1.3422950506210327,0.9326276779174805
15,219,RGB,left,32,0.9647549390792847,11.716965675354004,10.838759422302246
15,219,RGB,right,32,0.2568812370300293,1.1344714164733887,1.095649003982544
15,219,BGR,left,32,5.00484561920166,11.456338882446289,10.838759422302246
15,219,BGR,right,32,1.1985697746276855,1.2691400051116943,1.095649003982544
15,220,RGB,left,32,0.5327768921852112,10.411989212036133,10.06946086883545
15,220,RGB,right,32,0.13989490270614624,1.2773517370224,1.4359914064407349
15,220,BGR,left,32,5.8089118003845215,11.034014701843262,10.06946086883545
15,220,BGR,right,32,1.025382161140442,0.984352171421051,1.4359914064407349
15,221,RGB,left,32,1.5326980352401733,10.92904281616211,9.432320594787598
15,221,RGB,right,32,0.3375434875488281,1.6309771537780762,1.9780138731002808
15,221,BGR,left,32,5.717077732086182,9.820453643798828,9.432320594787598
15,221,BGR,right,32,1.395362138748169,1.1539775133132935,1.9780138731002808
15,222,RGB,left,32,0.7476271390914917,9.638771057128906,8.9567232131958
15,222,RGB,right,32,0.1670098900794983,2.575561761856079,2.70417857170105
15,222,BGR,left,32,6.6901044845581055,10.310057640075684,8.9567232131958
15,222,BGR,right,32,2.0808651447296143,1.1071081161499023,2.70417857170105
15,223,RGB,left,32,0.3014853298664093,9.012280464172363,8.808966636657715
15,223,RGB,right,32,0.5242656469345093,2.9832608699798584,3.5017030239105225
15,223,BGR,left,32,6.7984185218811035,8.14404296875,8.808966636657715
15,223,BGR,right,32,3.044159173965454,0.8141414523124695,3.5017030239105225
15,224,RGB,left,32,0.2598695755004883,9.062766075134277,8.918436050415039
15,224,RGB,right,32,1.0835851430892944,3.252174139022827,4.268658638000488
15,224,BGR,left,32,7.314611911773682,7.25336217880249,8.918436050415039
15,224,BGR,right,32,3.7343459129333496,0.8725227117538452,4.268658638000488
15,225,RGB,left,32,0.701146125793457,9.049603462219238,9.0559720993042
15,225,RGB,right,32,0.6753329634666443,4.514715671539307,5.081413269042969
15,225,BGR,left,32,7.4596028327941895,7.621608734130859,9.0559720993042
15,225,BGR,right,32,4.463695049285889,0.979049801826477,5.081413269042969
15,226,RGB,left,32,0.6904257535934448,8.885700225830078,9.027702331542969
15,226,RGB,right,32,1.1306064128875732,4.911945343017578,6.061212062835693
15,226,BGR,left,32,8.030637741088867,7.750607013702393,9.027702331542969
15,226,BGR,right,32,5.4639129638671875,0.8356989026069641,6.061212062835693
15,227,RGB,left,32,0.29829883575439453,8.583152770996094,8.852510452270508
15,227,RGB,right,32,0.7758958339691162,6.524265766143799,7.245621681213379
15,227,BGR,left,32,7.9004669189453125,7.270373821258545,8.852510452270508
15,227,BGR,right,32,6.674639701843262,0.9189378619194031,7.245621681213379
15,228,RGB,left,32,0.2531435191631317,8.434762954711914,8.64743709564209
15,228,RGB,right,32,0.9018629789352417,7.93277645111084,8.707255363464355
15,228,BGR,left,32,7.968297004699707,6.039413928985596,8.64743709564209
15,228,BGR,right,32,8.05355167388916,0.8128722906112671,8.707255363464355
15,229,RGB,left,32,0.4920429289340973,8.142807960510254,8.4210205078125
15,229,RGB,right,32,0.8090867400169373,9.707590103149414,10.471107482910156
15,229,BGR,left,32,7.99235725402832,5.625829696655273,8.4210205078125
15,229,BGR,right,32,9.895658493041992,0.7890030145645142,10.471107482910156
15,230,RGB,left,32,0.8730794787406921,7.703964710235596,8.106559753417969
15,230,RGB,right,32,1.8789268732070923,10.375675201416016,12.346503257751465
15,230,BGR,left,32,8.012808799743652,5.517301082611084,8.106559753417969
15,230,BGR,right,32,11.542963027954102,1.0676124095916748,12.346503257751465
15,231,RGB,left,32,0.7575786709785461,7.0404510498046875,7.592805862426758
15,231,RGB,right,32,0.8500717282295227,13.369810104370117,14.093811988830566
15,231,BGR,left,32,7.791470050811768,4.6549458503723145,7.592805862426758
15,231,BGR,right,32,13.499126434326172,0.8180109262466431,14.093811988830566
15,232,RGB,left,32,0.35932955145835876,6.673097610473633,6.857489585876465
15,232,RGB,right,32,0.7083877325057983,16.221843719482422,15.767769813537598
15,232,BGR,left,32,7.368253231048584,3.630977153778076,6.857489585876465
15,232,BGR,right,32,14.98543643951416,0.8720922470092773,15.767769813537598
15,233,RGB,left,32,0.2859877347946167,6.243082523345947,6.028581619262695
15,233,RGB,right,32,2.9811365604400635,21.539813995361328,18.547895431518555
15,233,BGR,left,32,7.496062278747559,4.406104564666748,6.028581619262695
15,233,BGR,right,32,16.114900588989258,2.8743607997894287,18.547895431518555
15,234,RGB,left,32,0.9188632965087891,5.473150730133057,5.355546951293945
15,234,RGB,right,32,0.3024936020374298,23.157991409301758,22.897218704223633
15,234,BGR,left,32,5.690988540649414,3.342878580093384,5.355546951293945
15,234,BGR,right,32,16.617887496948242,6.498653888702393,22.897218704223633
15,235,RGB,left,32,0.7802601456642151,4.536044597625732,4.8895721435546875
15,235,RGB,right,32,2.016719341278076,28.587064743041992,26.75877571105957
15,235,BGR,left,32,4.882842063903809,2.8819265365600586,4.8895721435546875
15,235,BGR,right,32,16.763580322265625,10.076865196228027,26.75877571105957
15,236,RGB,left,32,0.7583698034286499,4.370117664337158,4.443365097045898
15,236,RGB,right,32,0.7148142457008362,29.590829849243164,29.209243774414062
15,236,BGR,left,32,5.021707057952881,3.1663031578063965,4.443365097045898
15,236,BGR,right,32,16.283023834228516,13.184728622436523,29.209243774414062
15,237,RGB,left,32,0.5386756658554077,3.9513022899627686,3.9173994064331055
15,237,RGB,right,32,1.259490728378296,31.552337646484375,30.380367279052734
15,237,BGR,left,32,3.426398992538452,2.4883806705474854,3.9173994064331055
15,237,BGR,right,32,14.33646297454834,16.34507179260254,30.380367279052734
15,238,RGB,left,32,0.8393595218658447,3.630110502243042,3.3157711029052734
15,238,RGB,right,32,0.5275202989578247,30.35106086730957,30.68699073791504
15,238,BGR,left,32,2.493770122528076,2.393484115600586,3.3157711029052734
15,238,BGR,right,32,10.635100364685059,20.73802947998047,30.68699073791504
15,239,RGB,left,32,0.5266135334968567,3.092416524887085,2.7505366802215576
15,239,RGB,right,32,0.479788213968277,32.27867889404297,32.18183517456055
15,239,BGR,left,32,2.197310447692871,2.309346914291382,2.7505366802215576
15,239,BGR,right,32,12.057075500488281,20.577051162719727,32.18183517456055
15,240,RGB,left,32,0.5573650598526001,2.6310529708862305,2.387038230895996
15,240,RGB,right,32,2.1483237743377686,33.61080551147461,35.68600082397461
15,240,BGR,left,32,1.4755381345748901,2.0576398372650146,2.387038230895996
15,240,BGR,right,32,12.831374168395996,23.303110122680664,35.68600082397461
15,241,RGB,left,32,0.7701098322868347,2.3843367099761963,2.272902488708496
15,241,RGB,right,32,0.5024345517158508,37.3448600769043,37.76980972290039
15,241,BGR,left,32,1.282273292541504,2.0623257160186768,2.272902488708496
15,241,BGR,right,32,10.883424758911133,27.291574478149414,37.76980972290039
15,242,RGB,left,32,0.3537110686302185,2.1878840923309326,2.196284532546997
15,242,RGB,right,32,1.2363691329956055,38.19425582885742,37.167152404785156
15,242,BGR,left,32,1.180504560470581,2.099363088607788,2.196284532546997
15,242,BGR,right,32,11.695853233337402,25.8864688873291,37.167152404785156
15,243,RGB,left,32,0.4344084560871124,1.8163998126983643,1.9934335947036743
15,243,RGB,right,32,0.8788926601409912,36.04964828491211,36.657936096191406
15,243,BGR,left,32,1.0866777896881104,1.4556583166122437,1.9934335947036743
15,243,BGR,right,32,9.85796070098877,27.21253204345703,36.657936096191406
15,244,RGB,left,32,0.39556553959846497,1.791013240814209,1.7644386291503906
15,244,RGB,right,32,1.3398654460906982,38.03592300415039,37.49629211425781
15,244,BGR,left,32,0.8023613095283508,1.907956838607788,1.7644386291503906
15,244,BGR,right,32,4.782891750335693,32.98625183105469,37.49629211425781
15,245,RGB,left,32,0.6496936678886414,1.9423993825912476,1.5841261148452759
15,245,RGB,right,32,0.792984127998352,39.38867950439453,39.42559814453125
15,245,BGR,left,32,1.059184193611145,1.7546722888946533,1.5841261148452759
15,245,BGR,right,32,7.792109966278076,31.92213249206543,39.42559814453125
15,246,RGB,left,32,0.5513895750045776,1.8323426246643066,1.4760457277297974
15,246,RGB,right,32,1.559923768043518,40.729122161865234,41.782691955566406
15,246,BGR,left,32,1.0987204313278198,1.5810518264770508,1.4760457277297974
15,246,BGR,right,32,8.372719764709473,33.89094924926758,41.782691955566406
15,247,RGB,left,32,0.37970462441444397,1.4509572982788086,1.4545300006866455
15,247,RGB,right,32,2.460523843765259,40.44569396972656,42.768829345703125
15,247,BGR,left,32,0.8180063962936401,1.316055417060852,1.4545300006866455
15,247,BGR,right,32,10.772509574890137,32.228702545166016,42.768829345703125
15,248,RGB,left,32,0.4451870918273926,1.679553508758545,1.4572844505310059
15,248,RGB,right,32,1.2363122701644897,40.83326721191406,41.73395919799805
15,248,BGR,left,32,0.5501337647438049,1.1029075384140015,1.4572844505310059
15,248,BGR,right,32,10.597616195678711,31.380765914916992,41.73395919799805
15,249,RGB,left,32,0.6351402401924133,1.6154195070266724,1.3967761993408203
15,249,RGB,right,32,0.8499494791030884,40.652976989746094,40.91954040527344
15,249,BGR,left,32,0.36303532123565674,1.1447746753692627,1.3967761993408203
15,249,BGR,right,32,7.821065425872803,33.54825973510742,40.91954040527344
15,250,RGB,left,32,0.6141822338104248,1.5460476875305176,1.2598845958709717
15,250,RGB,right,32,1.6030775308609009,39.4868049621582,41.02666091918945
15,250,BGR,left,32,0.3960060775279999,1.1818939447402954,1.2598845958709717
15,250,BGR,right,32,10.813216209411621,30.420740127563477,41.02666091918945
15,251,RGB,left,32,0.700106680393219,1.5053584575653076,1.0883008241653442
15,251,RGB,right,32,0.24921850860118866,40.576900482177734,40.78643798828125
15,251,BGR,left,32,0.8564474582672119,1.7801012992858887,1.0883008241653442
15,251,BGR,right,32,6.405012607574463,34.68411636352539,40.78643798828125
15,252,RGB,left,32,0.8071376085281372,1.284227728843689,0.931791365146637
15,252,RGB,right,32,1.0203375816345215,40.297264099121094,39.26188659667969
15,252,BGR,left,32,0.9315270185470581,1.8232462406158447,0.931791365146637
15,252,BGR,right,32,6.243130207061768,33.134910583496094,39.26188659667969
15,253,RGB,left,32,0.736657440662384,1.1273070573806763,0.8198220133781433
15,253,RGB,right,32,2.326331853866577,40.35219955444336,38.07976531982422
15,253,BGR,left,32,0.9315972924232483,1.7325825691223145,0.8198220133781433
15,253,BGR,right,32,6.22800874710083,31.969125747680664,38.07976531982422
15,254,RGB,left,32,0.6724262833595276,0.9977936148643494,0.7497545480728149
15,254,RGB,right,32,1.4970935583114624,40.058345794677734,38.77775955200195
15,254,BGR,left,32,0.9313825368881226,1.4913183450698853,0.7497545480728149
15,254,BGR,right,32,5.594876289367676,33.32668685913086,38.77775955200195
15,255,RGB,left,32,0.6577470302581787,0.9385567903518677,0.7103865742683411
15,255,RGB,right,32,2.120326280593872,41.68059539794922,39.70599365234375
15,255,BGR,left,32,1.177108645439148,1.7337415218353271,0.7103865742683411
15,255,BGR,right,32,5.557613849639893,34.21163558959961,39.70599365234375
15,256,RGB,left,32,0.5083211660385132,0.7916684150695801,0.6585268378257751
15,256,RGB,right,32,1.7951453924179077,41.50210952758789,40.02833557128906
15,256,BGR,left,32,0.8775783777236938,1.0885206460952759,0.6585268378257751
15,256,BGR,right,32,8.125537872314453,32.105499267578125,40.02833557128906
15,257,RGB,left,32,0.3212631046772003,0.7144951820373535,0.5829867720603943
15,257,RGB,right,32,1.2063965797424316,41.10249710083008,39.915016174316406
15,257,BGR,left,32,1.3076931238174438,1.5677220821380615,0.5829867720603943
15,257,BGR,right,32,6.271267414093018,33.724449157714844,39.915016174316406
15,258,RGB,left,32,0.3863903880119324,0.6412302851676941,0.5211198925971985
15,258,RGB,right,32,0.8627809286117554,40.18196487426758,39.498165130615234
15,258,BGR,left,32,1.5350456237792969,1.548429012298584,0.5211198925971985
15,258,BGR,right,32,6.06652307510376,33.4593505859375,39.498165130615234
15,259,RGB,left,32,0.3751152455806732,0.7262955904006958,0.4977757930755615
15,259,RGB,right,32,0.8926792740821838,40.31160354614258,39.45051193237305
15,259,BGR,left,32,1.5406802892684937,1.476895809173584,0.4977757930755615
15,259,BGR,right,32,5.508661270141602,34.04874801635742,39.45051193237305
15,260,RGB,left,32,0.21503271162509918,0.5482502579689026,0.5108308792114258
15,260,RGB,right,32,1.149262547492981,39.363346099853516,40.35598373413086
15,260,BGR,left,32,1.5785130262374878,1.5050147771835327,0.5108308792114258
15,260,BGR,right,32,6.837979793548584,33.55648422241211,40.35598373413086
15,261,RGB,left,32,0.2846534550189972,0.5435485243797302,0.5424086451530457
15,261,RGB,right,32,1.762865662574768,39.02375411987305,40.77345275878906
15,261,BGR,left,32,1.5538395643234253,1.343149185180664,0.5424086451530457
15,261,BGR,right,32,7.519591808319092,33.28675842285156,40.77345275878906
15,262,RGB,left,32,0.2670805752277374,0.6236939430236816,0.5578034520149231
15,262,RGB,right,32,1.383015751838684,38.25535583496094,39.59257125854492
15,262,BGR,left,32,1.7087143659591675,1.4205365180969238,0.5578034520149231
15,262,BGR,right,32,6.794233798980713,32.808441162109375,39.59257125854492
15,263,RGB,left,32,0.2436780333518982,0.6411110758781433,0.5229079127311707
15,263,RGB,right,32,1.088668704032898,37.21751403808594,38.23001480102539
15,263,BGR,left,32,1.5615500211715698,1.305342435836792,0.5229079127311707
15,263,BGR,right,32,5.276004791259766,32.965579986572266,38.23001480102539
15,264,RGB,left,32,0.38119542598724365,0.6761051416397095,0.46493539214134216
15,264,RGB,right,32,1.062266230583191,37.7488899230957,37.327144622802734
15,264,BGR,left,32,1.6615283489227295,1.4420009851455688,0.46493539214134216
15,264,BGR,right,32,3.7922780513763428,33.72416305541992,37.327144622802734
15,265,RGB,left,32,0.3736051619052887,0.6820344924926758,0.44784536957740784
15,265,RGB,right,32,1.2992424964904785,37.91910934448242,36.8381233215332
15,265,BGR,left,32,1.3368935585021973,1.1787563562393188,0.44784536957740784
15,265,BGR,right,32,3.3693835735321045,33.710487365722656,36.8381233215332
15,266,RGB,left,32,0.32053086161613464,0.6115341186523438,0.51444011926651
15,266,RGB,right,32,0.9822053909301758,36.8538703918457,36.81211471557617
15,266,BGR,left,32,1.314427137374878,1.4197520017623901,0.51444011926651
15,266,BGR,right,32,3.7230782508850098,33.2851448059082,36.81211471557617
15,267,RGB,left,32,0.2884491980075836,0.6456626653671265,0.651372492313385
15,267,RGB,right,32,0.7705085873603821,37.03059005737305,36.99393081665039
15,267,BGR,left,32,1.113483190536499,1.2407312393188477,0.651372492313385
15,267,BGR,right,32,6.567380428314209,30.649396896362305,36.99393081665039
15,268,RGB,left,32,0.35996612906455994,0.8162750601768494,0.8150061964988708
15,268,RGB,right,32,0.5881412029266357,36.90687561035156,36.9298210144043
15,268,BGR,left,32,1.0799424648284912,1.5287301540374756,0.8150061964988708
15,268,BGR,right,32,5.0901713371276855,31.93723487854004,36.9298210144043
15,269,RGB,left,32,0.574492335319519,0.852933943271637,0.9712474942207336
15,269,RGB,right,32,1.001307725906372,37.23128128051758,36.41986846923828
15,269,BGR,left,32,1.0261510610580444,1.5764813423156738,0.9712474942207336
15,269,BGR,right,32,4.398735523223877,32.05048370361328,36.41986846923828
15,270,RGB,left,32,0.4763409197330475,1.0054819583892822,1.117720603942871
15,270,RGB,right,32,0.7759761214256287,36.342987060546875,35.61450958251953
15,270,BGR,left,32,0.5766983032226562,1.3537101745605469,1.117720603942871
15,270,BGR,right,32,5.752432823181152,30.173856735229492,35.61450958251953
15,271,RGB,left,32,0.5486711263656616,1.0731998682022095,1.2914481163024902
15,271,RGB,right,32,0.7524815797805786,34.56611633300781,34.92605209350586
15,271,BGR,left,32,0.5829295516014099,1.417752981185913,1.2914481163024902
15,271,BGR,right,32,4.858095169067383,30.11336898803711,34.92605209350586
15,272,RGB,left,32,0.4407181441783905,1.133583903312683,1.5132136344909668
15,272,RGB,right,32,0.6419333219528198,35.05644607543945,34.533470153808594
15,272,BGR,left,32,0.5310378670692444,1.3880966901779175,1.5132136344909668
15,272,BGR,right,32,4.191572666168213,30.40720558166504,34.533470153808594
15,273,RGB,left,32,0.5205765962600708,1.1492615938186646,1.7322123050689697
15,273,RGB,right,32,0.22058847546577454,34.12754821777344,34.19148254394531
15,273,BGR,left,32,0.6703700423240662,1.561256766319275,1.7322123050689697
15,273,BGR,right,32,4.365653991699219,30.040542602539062,34.19148254394531
15,274,RGB,left,32,0.5220032930374146,1.2781184911727905,1.882394790649414
15,274,RGB,right,32,1.0467448234558105,32.56847381591797,33.3708381652832
15,274,BGR,left,32,0.6711639761924744,1.6721603870391846,1.882394790649414
15,274,BGR,right,32,4.516597747802734,28.969541549682617,33.3708381652832
15,275,RGB,left,32,0.6209911704063416,1.180754542350769,1.9615954160690308
15,275,RGB,right,32,2.382106304168701,29.660987854003906,32.03324890136719
15,275,BGR,left,32,0.5814263820648193,1.6420830488204956,1.9615954160690308
15,275,BGR,right,32,5.241866111755371,26.82948875427246,32.03324890136719
15,276,RGB,left,32,0.4851115345954895,1.4409819841384888,1.9976012706756592
15,276,RGB,right,32,0.9309493899345398,29.76630973815918,30.40645980834961
15,276,BGR,left,32,0.7130082249641418,1.7854336500167847,1.9976012706756592
15,276,BGR,right,32,2.825472593307495,27.673173904418945,30.40645980834961
15,277,RGB,left,32,0.6445934772491455,1.4108153581619263,1.9993197917938232
15,277,RGB,right,32,0.9108737707138062,27.836360931396484,28.570711135864258
15,277,BGR,left,32,0.8085765242576599,2.04982852935791,1.9993197917938232
15,277,BGR,right,32,3.078875780105591,25.54862403869629,28.570711135864258
15,278,RGB,left,32,0.7406842112541199,1.3069090843200684,1.9765044450759888
15,278,RGB,right,32,1.1745810508728027,26.88959503173828,27.565601348876953
15,278,BGR,left,32,0.9554896950721741,1.8560856580734253,1.9765044450759888
15,278,BGR,right,32,1.2678298950195312,26.315107345581055,27.565601348876953
15,279,RGB,left,32,0.49564260244369507,1.587392807006836,1.9937785863876343
15,279,RGB,right,32,1.18400239944458,26.816909790039062,27.635046005249023
15,279,BGR,left,32,0.9504454135894775,2.0579659938812256,1.9937785863876343
15,279,BGR,right,32,1.3989911079406738,26.367948532104492,27.635046005249023
15,280,RGB,left,32,0.6561565399169922,1.605970025062561,2.051637887954712
15,280,RGB,right,32,1.3520047664642334,26.145931243896484,26.71735382080078
15,280,BGR,left,32,0.9773642420768738,2.0019960403442383,2.051637887954712
15,280,BGR,right,32,1.0077238082885742,26.093955993652344,26.71735382080078
15,281,RGB,left,32,0.40635478496551514,1.867741584777832,2.0380778312683105
15,281,RGB,right,32,1.5424449443817139,25.70973014831543,24.70688819885254
15,281,BGR,left,32,0.7442678809165955,2.0431387424468994,2.0380778312683105
15,281,BGR,right,32,1.628042459487915,25.545711517333984,24.70688819885254
15,282,RGB,left,32,0.39789658784866333,1.840540885925293,2.0066826343536377
15,282,RGB,right,32,1.2780994176864624,24.73150634765625,23.89761734008789
15,282,BGR,left,32,0.967756450176239,2.0670316219329834,2.0066826343536377
15,282,BGR,right,32,1.8390825986862183,23.812578201293945,23.89761734008789
15,283,RGB,left,32,0.3839912712574005,1.8550549745559692,2.016904354095459
15,283,RGB,right,32,1.3564999103546143,25.374155044555664,24.85814666748047
15,283,BGR,left,32,0.78635174036026,1.9302295446395874,2.016904354095459
15,283,BGR,right,32,3.044043779373169,23.60916519165039,24.85814666748047
15,284,RGB,left,32,0.2789665460586548,1.8049381971359253,1.9672456979751587
15,284,RGB,right,32,1.7741894721984863,24.199787139892578,25.517475128173828
15,284,BGR,left,32,1.0764929056167603,1.8462520837783813,1.9672456979751587
15,284,BGR,right,32,4.348185062408447,22.80182456970215,25.517475128173828
15,285,RGB,left,32,0.37903064489364624,1.7490884065628052,1.8738616704940796
15,285,RGB,right,32,1.7029170989990234,26.78090476989746,25.318185806274414
15,285,BGR,left,32,1.0452687740325928,1.9894503355026245,1.8738616704940796
15,285,BGR,right,32,3.718996286392212,23.57854652404785,25.318185806274414
15,286,RGB,left,32,0.3001512289047241,1.539846420288086,1.8220692873001099
15,286,RGB,right,32,1.149706244468689,25.77325439453125,24.940357208251953
15,286,BGR,left,32,1.0244057178497314,1.7556705474853516,1.8220692873001099
15,286,BGR,right,32,4.596135139465332,22.178850173950195,24.940357208251953
15,287,RGB,left,32,0.45128610730171204,1.337950587272644,1.7349756956100464
15,287,RGB,right,32,1.4922789335250854,26.171884536743164,24.754077911376953
15,287,BGR,left,32,1.1751132011413574,1.6482162475585938,1.7349756956100464
15,287,BGR,right,32,5.070433616638184,20.962879180908203,24.754077911376953
15,288,RGB,left,32,0.29254329204559326,1.3299682140350342,1.525242805480957
15,288,RGB,right,32,0.6907905340194702,25.35377311706543,25.13071060180664
15,288,BGR,left,32,1.1078404188156128,1.927620768547058,1.525242805480957
15,288,BGR,right,32,3.7293667793273926,22.006023406982422,25.13071060180664
15,289,RGB,left,32,0.32520923018455505,1.100394368171692,1.318402886390686
15,289,RGB,right,32,0.43671277165412903,25.580167770385742,25.799936294555664
15,289,BGR,left,32,1.1013023853302002,1.7034105062484741,1.318402886390686
15,289,BGR,right,32,4.869218826293945,21.243927001953125,25.799936294555664
15,290,RGB,left,32,0.27806156873703003,1.0029995441436768,1.1182397603988647
15,290,RGB,right,32,1.0645263195037842,24.33736801147461,25.28751564025879
15,290,BGR,left,32,1.1430498361587524,1.7521791458129883,1.1182397603988647
15,290,BGR,right,32,4.18522834777832,21.720195770263672,25.28751564025879
15,291,RGB,left,32,0.4486585855484009,1.0900923013687134,0.8751896023750305
15,291,RGB,right,32,1.0519596338272095,24.073284149169922,23.15045738220215
15,291,BGR,left,32,1.1967815160751343,1.6069878339767456,0.8751896023750305
15,291,BGR,right,32,2.698176383972168,21.029132843017578,23.15045738220215
15,292,RGB,left,32,0.5058915615081787,0.92765873670578,0.7032109498977661
15,292,RGB,right,32,1.193169355392456,22.77489471435547,21.596233367919922
15,292,BGR,left,32,1.5076675415039062,1.8562848567962646,0.7032109498977661
15,292,BGR,right,32,1.8621859550476074,21.904632568359375,21.596233367919922
15,293,RGB,left,32,0.17416027188301086,0.4520096778869629,0.6224368810653687
15,293,RGB,right,32,1.017199158668518,20.621299743652344,21.138673782348633
15,293,BGR,left,32,1.2968425750732422,1.5338943004608154,0.6224368810653687
15,293,BGR,right,32,1.9032188653945923,22.231502532958984,21.138673782348633
15,294,RGB,left,32,0.2984810769557953,0.41138070821762085,0.5428035259246826
15,294,RGB,right,32,0.6445416212081909,19.639652252197266,19.80049705505371
15,294,BGR,left,32,1.3872461318969727,1.5347827672958374,0.5428035259246826
15,294,BGR,right,32,2.25909161567688,21.36993408203125,19.80049705505371
15,295,RGB,left,32,0.5815569758415222,0.6342262625694275,0.42864203453063965
15,295,RGB,right,32,0.9423370361328125,17.226232528686523,16.989164352416992
15,295,BGR,left,32,1.5923981666564941,1.6135516166687012,0.42864203453063965
15,295,BGR,right,32,3.1369690895080566,19.474117279052734,16.989164352416992
15,296,RGB,left,32,0.4220535457134247,0.285057932138443,0.35181260108947754
15,296,RGB,right,32,1.0328357219696045,15.540839195251465,14.88388729095459
15,296,BGR,left,32,1.44417405128479,1.3826509714126587,0.35181260108947754
15,296,BGR,right,32,4.796372890472412,19.280393600463867,14.88388729095459
15,297,RGB,left,32,0.5490554571151733,0.4594779312610626,0.3399500250816345
15,297,RGB,right,32,0.9848702549934387,14.507716178894043,14.086883544921875
15,297,BGR,left,32,1.5236032009124756,1.4592409133911133,0.3399500250816345
15,297,BGR,right,32,4.280435562133789,17.703144073486328,14.086883544921875
15,298,RGB,left,32,0.584006667137146,0.5762148499488831,0.37407049536705017
15,298,RGB,right,32,0.8440405130386353,13.826981544494629,13.303483009338379
15,298,BGR,left,32,1.3668869733810425,1.3824676275253296,0.37407049536705017
15,298,BGR,right,32,4.963433742523193,17.402128219604492,13.303483009338379
15,299,RGB,left,32,0.4654708504676819,0.5196840167045593,0.44319191575050354
15,299,RGB,right,32,0.6697180867195129,12.673460960388184,12.305622100830078
15,299,BGR,left,32,1.2044419050216675,1.273719310760498,0.44319191575050354
15,299,BGR,right,32,4.984162330627441,15.91170597076416,12.305622100830078
15,300,RGB,left,32,0.5242255926132202,0.6118252873420715,0.516889750957489
15,300,RGB,right,32,0.8651527762413025,12.119122505187988,11.394526481628418
15,300,BGR,left,32,1.1351131200790405,1.3321027755737305,0.516889750957489
15,300,BGR,right,32,5.081466197967529,15.336405754089355,11.394526481628418
15,301,RGB,left,32,0.47286009788513184,0.6776342391967773,0.5797349214553833
15,301,RGB,right,32,1.2008750438690186,11.615453720092773,10.672246932983398
15,301,BGR,left,32,1.095645546913147,1.4505224227905273,0.5797349214553833
15,301,BGR,right,32,5.8698649406433105,14.967028617858887,10.672246932983398
15,302,RGB,left,32,0.4375342130661011,0.6321308612823486,0.6463384628295898
15,302,RGB,right,32,1.2623332738876343,11.189061164855957,10.20116901397705
15,302,BGR,left,32,0.8759245872497559,1.390167474746704,0.6463384628295898
15,302,BGR,right,32,6.737422466278076,15.119763374328613,10.20116901397705
15,303,RGB,left,32,0.43257156014442444,0.7902365326881409,0.7346540689468384
15,303,RGB,right,32,0.4661003351211548,10.095147132873535,9.902710914611816
15,303,BGR,left,32,0.7354168891906738,1.3474856615066528,0.7346540689468384
15,303,BGR,right,32,5.25467586517334,12.822436332702637,9.902710914611816
15,304,RGB,left,32,0.40590113401412964,0.6560827493667603,0.8197398781776428
15,304,RGB,right,32,0.7224891781806946,9.067159652709961,9.227737426757812
15,304,BGR,left,32,0.4534285068511963,1.1786439418792725,0.8197398781776428
15,304,BGR,right,32,5.507323741912842,12.542569160461426,9.227737426757812
15,305,RGB,left,32,0.34887176752090454,0.8754757046699524,0.8745884895324707
15,305,RGB,right,32,0.7730433940887451,8.672307968139648,8.01805591583252
15,305,BGR,left,32,0.5437051057815552,1.332833170890808,0.8745884895324707
15,305,BGR,right,32,5.330541610717773,11.516504287719727,8.01805591583252
15,306,RGB,left,32,0.30799731612205505,0.8716675043106079,0.8966394066810608
15,306,RGB,right,32,0.557772696018219,7.494253635406494,7.059828281402588
15,306,BGR,left,32,0.4965663552284241,1.3114873170852661,0.8966394066810608
15,306,BGR,right,32,4.659162521362305,10.249478340148926,7.059828281402588
15,307,RGB,left,32,0.22113269567489624,0.8574102520942688,0.889860212802887
15,307,RGB,right,32,1.130933165550232,7.527225494384766,6.5429158210754395
15,307,BGR,left,32,0.5017814636230469,1.3425191640853882,0.889860212802887
15,307,BGR,right,32,5.572940826416016,11.126105308532715,6.5429158210754395
15,308,RGB,left,32,0.12292728573083878,0.8554768562316895,0.8775829076766968
15,308,RGB,right,32,0.4458351731300354,6.405999183654785,6.189998149871826
15,308,BGR,left,32,0.6126132011413574,1.410433292388916,0.8775829076766968
15,308,BGR,right,32,4.35510778427124,10.126389503479004,6.189998149871826
15,309,RGB,left,32,0.24942715466022491,0.9297939538955688,0.8677180409431458
15,309,RGB,right,32,0.28490427136421204,5.885279655456543,5.885664463043213
15,309,BGR,left,32,0.8215510845184326,1.5278054475784302,0.8677180409431458
15,309,BGR,right,32,4.578542232513428,10.402057647705078,5.885664463043213
15,310,RGB,left,32,0.3371104896068573,0.9884657263755798,0.8575350642204285
15,310,RGB,right,32,0.3174917697906494,5.765267848968506,5.684863567352295
15,310,BGR,left,32,0.9034715890884399,1.4989659786224365,0.8575350642204285
15,310,BGR,right,32,4.130133628845215,9.901396751403809,5.684863567352295
15,311,RGB,left,32,0.46763846278190613,0.9579999446868896,0.8551899790763855
15,311,RGB,right,32,0.7504220604896545,5.313513278961182,5.595021724700928
15,311,BGR,left,32,1.0193369388580322,1.5609506368637085,0.8551899790763855
15,311,BGR,right,32,3.7465484142303467,9.429265022277832,5.595021724700928
15,312,RGB,left,32,0.4158020615577698,0.8629725575447083,0.8793866634368896
15,312,RGB,right,32,0.6140407919883728,5.265232086181641,5.487341403961182
15,312,BGR,left,32,0.9637569785118103,1.5520737171173096,0.8793866634368896
15,312,BGR,right,32,5.03668212890625,10.31443977355957,5.487341403961182
15,313,RGB,left,32,0.5368599891662598,1.0124430656433105,0.9144482612609863
15,313,RGB,right,32,0.43385377526283264,4.860588550567627,5.2700347900390625
15,313,BGR,left,32,0.9288026094436646,1.5685179233551025,0.9144482612609863
15,313,BGR,right,32,5.3066301345825195,10.057637214660645,5.2700347900390625
15,314,RGB,left,32,0.5262420177459717,1.009379506111145,0.9449608325958252
15,314,RGB,right,32,0.67387855052948,4.51469612121582,5.150331497192383
15,314,BGR,left,32,0.8281927704811096,1.4926379919052124,0.9449608325958252
15,314,BGR,right,32,4.392640590667725,8.819703102111816,5.150331497192383
15,315,RGB,left,32,0.4574200510978699,1.022659420967102,1.0293608903884888
15,315,RGB,right,32,0.46984779834747314,5.150574207305908,5.2102274894714355
15,315,BGR,left,32,0.48994210362434387,1.21976900100708,1.0293608903884888
15,315,BGR,right,32,4.7691144943237305,9.310623168945312,5.2102274894714355
15,316,RGB,left,32,0.30375027656555176,1.1406468152999878,1.1900042295455933
15,316,RGB,right,32,0.6089492440223694,4.912723064422607,5.110494613647461
15,316,BGR,left,32,0.4469451308250427,1.0646768808364868,1.1900042295455933
15,316,BGR,right,32,4.416634559631348,8.613129615783691,5.110494613647461
15,317,RGB,left,32,0.40798041224479675,1.3773634433746338,1.3371471166610718
15,317,RGB,right,32,0.5501291751861572,5.0825042724609375,4.9502458572387695
15,317,BGR,left,32,0.5895622372627258,1.029516577720642,1.3371471166610718
15,317,BGR,right,32,4.13004732131958,8.300734519958496,4.9502458572387695
15,318,RGB,left,32,0.32917729020118713,1.5572162866592407,1.430631399154663
15,318,RGB,right,32,0.7297893166542053,5.421764850616455,4.965882301330566
15,318,BGR,left,32,0.8607479333877563,0.8549801111221313,1.430631399154663
15,318,BGR,right,32,3.5593037605285645,7.774238586425781,4.965882301330566
15,319,RGB,left,32,0.32484886050224304,1.4730489253997803,1.4669115543365479
15,319,RGB,right,32,0.48116961121559143,5.353334426879883,5.060318946838379
15,319,BGR,left,32,1.0916941165924072,0.6957910060882568,1.4669115543365479
15,319,BGR,right,32,2.983867883682251,7.237002372741699,5.060318946838379
15,320,RGB,left,32,0.3233279287815094,1.5466351509094238,1.4520817995071411
15,320,RGB,right,32,0.5869290232658386,5.631628036499023,5.32870626449585
15,320,BGR,left,32,0.9758917093276978,0.6717798709869385,1.4520817995071411
15,320,BGR,right,32,2.657426118850708,7.426888465881348,5.32870626449585
15,321,RGB,left,32,0.23142793774604797,1.4026870727539062,1.4318417310714722
15,321,RGB,right,32,0.3471447825431824,5.65001106262207,5.875136852264404
15,321,BGR,left,32,1.0992876291275024,0.5237765908241272,1.4318417310714722
15,321,BGR,right,32,1.7610028982162476,6.9109320640563965,5.875136852264404
15,322,RGB,left,32,0.15237784385681152,1.3483293056488037,1.4270075559616089
15,322,RGB,right,32,0.5936897397041321,5.906332969665527,6.456084728240967
15,322,BGR,left,32,0.9191822409629822,0.6299960613250732,1.4270075559616089
15,322,BGR,right,32,1.6636910438537598,6.28493070602417,6.456084728240967
15,323,RGB,left,32,0.25581610202789307,1.3031986951828003,1.3659398555755615
15,323,RGB,right,32,0.35757434368133545,7.19157075881958,6.9958014488220215
15,323,BGR,left,32,0.9191478490829468,0.7461796998977661,1.3659398555755615
15,323,BGR,right,32,2.023552894592285,6.809601306915283,6.9958014488220215
15,324,RGB,left,32,0.15253950655460358,1.1149828433990479,1.2132889032363892
15,324,RGB,right,32,0.31166350841522217,7.45245361328125,7.650565147399902
15,324,BGR,left,32,0.8238635659217834,0.8177310228347778,1.2132889032363892
15,324,BGR,right,32,2.8529365062713623,6.281299114227295,7.650565147399902
15,325,RGB,left,32,0.07853689789772034,1.0031131505966187,1.0625048875808716
15,325,RGB,right,32,0.6832654476165771,7.531635284423828,8.159083366394043
15,325,BGR,left,32,0.6690585017204285,0.9289844632148743,1.0625048875808716
15,325,BGR,right,32,3.883653163909912,5.678917407989502,8.159083366394043
15,326,RGB,left,32,0.14025545120239258,1.0541715621948242,0.9480053782463074
15,326,RGB,right,32,0.2704281806945801,7.968170642852783,8.118242263793945
15,326,BGR,left,32,0.7070255875587463,0.9432849287986755,0.9480053782463074
15,326,BGR,right,32,3.7928380966186523,6.229068279266357,8.118242263793945
15,327,RGB,left,32,0.13230086863040924,0.8656954169273376,0.8756067752838135
15,327,RGB,right,32,0.4987601935863495,8.238150596618652,7.859598636627197
15,327,BGR,left,32,0.7675291299819946,0.9309670925140381,0.8756067752838135
15,327,BGR,right,32,3.6096229553222656,6.2296037673950195,7.859598636627197
15,328,RGB,left,32,0.23004059493541718,1.1107532978057861,0.8966994881629944
15,328,RGB,right,32,1.025406002998352,7.748164176940918,7.663395404815674
15,328,BGR,left,32,0.7201206684112549,0.9770563244819641,0.8966994881629944
15,328,BGR,right,32,3.530397415161133,5.493494510650635,7.663395404815674
15,329,RGB,left,32,0.2860878109931946,1.0481269359588623,1.0006300210952759
15,329,RGB,right,32,0.6700187921524048,7.744345664978027,7.447840213775635
15,329,BGR,left,32,0.8213889002799988,0.8308371305465698,1.0006300210952759
15,329,BGR,right,32,3.8426222801208496,5.133474826812744,7.447840213775635
15,330,RGB,left,32,0.4254445433616638,1.2035279273986816,1.0951792001724243
15,330,RGB,right,32,0.44014793634414673,7.680385112762451,7.219081878662109
15,330,BGR,left,32,0.7696130275726318,0.9117349982261658,1.0951792001724243
15,330,BGR,right,32,4.057903289794922,4.986104488372803,7.219081878662109
15,331,RGB,left,32,0.25757524371147156,1.1850086450576782,1.1813215017318726
15,331,RGB,right,32,0.9397459626197815,7.618109703063965,6.766210079193115
15,331,BGR,left,32,0.7916832566261292,0.898099958896637,1.1813215017318726
15,331,BGR,right,32,3.7493128776550293,4.661210060119629,6.766210079193115
15,332,RGB,left,32,0.19137725234031677,1.2801138162612915,1.2735238075256348
15,332,RGB,right,32,0.5266185402870178,6.284919261932373,6.2110795974731445
15,332,BGR,left,32,0.7185894846916199,0.9490361213684082,1.2735238075256348
15,332,BGR,right,32,4.33836030960083,4.432172775268555,6.2110795974731445
15,333,RGB,left,32,0.18625099956989288,1.2789194583892822,1.3408267498016357
15,333,RGB,right,32,1.2390891313552856,6.888662338256836,5.950515270233154
15,333,BGR,left,32,0.5463560819625854,0.9357885122299194,1.3408267498016357
15,333,BGR,right,32,5.189825057983398,6.167395114898682,5.950515270233154
15,334,RGB,left,32,0.15931876003742218,1.277649998664856,1.3938350677490234
15,334,RGB,right,32,0.7296545505523682,6.508328914642334,6.133330345153809
15,334,BGR,left,32,0.5522218346595764,1.0668232440948486,1.3938350677490234
15,334,BGR,right,32,6.649654388427734,7.96068811416626,6.133330345153809
15,335,RGB,left,32,0.24111387133598328,1.3078428506851196,1.434152603149414
15,335,RGB,right,32,0.679579496383667,6.783705711364746,6.430583953857422
15,335,BGR,left,32,0.4214005470275879,1.2693803310394287,1.434152603149414
15,335,BGR,right,32,8.775802612304688,10.555213928222656,6.430583953857422
15,336,RGB,left,32,0.4143475890159607,1.2593729496002197,1.4157932996749878
15,336,RGB,right,32,0.49658095836639404,6.802355766296387,7.02611780166626
15,336,BGR,left,32,0.5468659996986389,1.1719372272491455,1.4157932996749878
15,336,BGR,right,32,6.8614583015441895,10.02221965789795,7.02611780166626
15,337,RGB,left,32,0.5123404264450073,1.2436126470565796,1.419504165649414
15,337,RGB,right,32,0.2681572437286377,8.413440704345703,8.31600570678711
15,337,BGR,left,32,0.5591932535171509,1.1819385290145874,1.419504165649414
15,337,BGR,right,32,7.735390663146973,12.798361778259277,8.31600570678711
15,338,RGB,left,32,0.6276417374610901,1.2988613843917847,1.5627394914627075
15,338,RGB,right,32,0.5938818454742432,9.814186096191406,9.914299011230469
15,338,BGR,left,32,0.5734708905220032,1.3435592651367188,1.5627394914627075
15,338,BGR,right,32,7.513592720031738,15.201025009155273,9.914299011230469
15,339,RGB,left,32,0.7005398273468018,1.5572863817214966,1.7219409942626953
15,339,RGB,right,32,0.15071101486682892,12.13890266418457,11.969271659851074
15,339,BGR,left,32,0.656437873840332,1.347366452217102,1.7219409942626953
15,339,BGR,right,32,5.837417125701904,16.393892288208008,11.969271659851074
15,340,RGB,left,32,0.6221171617507935,1.6261602640151978,1.8391417264938354
15,340,RGB,right,32,0.4930947422981262,14.622591972351074,14.587918281555176
15,340,BGR,left,32,0.7557650208473206,1.2248178720474243,1.8391417264938354
15,340,BGR,right,32,4.233775615692139,17.866350173950195,14.587918281555176
15,341,RGB,left,32,0.49168646335601807,1.8028600215911865,1.9803773164749146
15,341,RGB,right,32,0.28635069727897644,17.535858154296875,17.3026180267334
15,341,BGR,left,32,0.8849524855613708,1.2917433977127075,1.9803773164749146
15,341,BGR,right,32,4.089866638183594,20.701866149902344,17.3026180267334
15,342,RGB,left,32,0.483714759349823,1.8764262199401855,2.139131784439087
15,342,RGB,right,32,0.4264143109321594,20.20169448852539,19.92034912109375
15,342,BGR,left,32,1.054867148399353,1.28615140914917,2.139131784439087
15,342,BGR,right,32,2.5521645545959473,21.63871955871582,19.92034912109375
15,343,RGB,left,32,0.5377902388572693,2.068882703781128,2.257918119430542
15,343,RGB,right,32,0.5754216909408569,22.779333114624023,22.350666046142578
15,343,BGR,left,32,1.2021784782409668,1.3292466402053833,2.257918119430542
15,343,BGR,right,32,2.5900399684906006,23.941001892089844,22.350666046142578
15,344,RGB,left,32,0.5440254211425781,1.9774094820022583,2.3088865280151367
15,344,RGB,right,32,0.7698246240615845,24.151960372924805,24.916343688964844
15,344,BGR,left,32,1.3124582767486572,1.2364270687103271,2.3088865280151367
15,344,BGR,right,32,2.1388111114501953,24.989093780517578,24.916343688964844
15,345,RGB,left,32,0.5044155120849609,2.3109731674194336,2.2652831077575684
15,345,RGB,right,32,0.6330838799476624,27.70119857788086,28.259504318237305
15,345,BGR,left,32,1.1805776357650757,1.3771145343780518,2.2652831077575684
15,345,BGR,right,32,2.106297492980957,27.916093826293945,28.259504318237305
15,346,RGB,left,32,0.4332500696182251,2.2134392261505127,2.1347105503082275
15,346,RGB,right,32,1.186492681503296,32.71254348754883,31.707834243774414
15,346,BGR,left,32,1.136096477508545,1.3480497598648071,2.1347105503082275
15,346,BGR,right,32,2.3164820671081543,30.186391830444336,31.707834243774414
15,347,RGB,left,32,0.4623452126979828,2.2156126499176025,1.988655686378479
15,347,RGB,right,32,0.8910733461380005,34.721824645996094,34.26292419433594
15,347,BGR,left,32,1.0235390663146973,1.272897481918335,1.988655686378479
15,347,BGR,right,32,2.115407705307007,33.32227325439453,34.26292419433594
15,348,RGB,left,32,0.39421844482421875,2.0529990196228027,1.8519519567489624
15,348,RGB,right,32,1.180705189704895,36.7983512878418,35.96188735961914
15,348,BGR,left,32,0.9728997349739075,1.2774841785430908,1.8519519567489624
15,348,BGR,right,32,2.1121485233306885,35.82472229003906,35.96188735961914
15,349,RGB,left,32,0.49584487080574036,1.9525951147079468,1.6988029479980469
15,349,RGB,right,32,1.3319562673568726,38.224979400634766,36.99877166748047
15,349,BGR,left,32,0.98557049036026,1.2137105464935303,1.6988029479980469
15,349,BGR,right,32,2.9110188484191895,38.90821075439453,36.99877166748047
15,350,RGB,left,32,0.5076541304588318,1.8084325790405273,1.5145312547683716
15,350,RGB,right,32,1.1509284973144531,38.428741455078125,37.61760330200195
15,350,BGR,left,32,1.0426015853881836,1.1472511291503906,1.5145312547683716
15,350,BGR,right,32,3.7762844562530518,40.185760498046875,37.61760330200195
15,351,RGB,left,32,0.40250831842422485,1.6653298139572144,1.342813491821289
15,351,RGB,right,32,0.9348255395889282,39.992591857910156,39.67427444458008
15,351,BGR,left,32,1.0408711433410645,1.0238981246948242,1.342813491821289
15,351,BGR,right,32,4.119345664978027,41.66923904418945,39.67427444458008
15,352,RGB,left,32,0.4839027225971222,1.6572301387786865,1.2658449411392212
15,352,RGB,right,32,0.9478458762168884,43.56691360473633,43.09299850463867
15,352,BGR,left,32,1.196658968925476,1.2762285470962524,1.2658449411392212
15,352,BGR,right,32,4.121135234832764,42.3426399230957,43.09299850463867
15,353,RGB,left,32,0.49222907423973083,1.5087273120880127,1.2619104385375977
15,353,RGB,right,32,0.9464898109436035,45.314632415771484,44.4808464050293
15,353,BGR,left,32,1.3398027420043945,1.193453311920166,1.2619104385375977
15,353,BGR,right,32,4.467172145843506,42.67034912109375,44.4808464050293
15,354,RGB,left,32,0.33426085114479065,1.4893471002578735,1.229712724685669
15,354,RGB,right,32,1.1439571380615234,45.20072937011719,44.15459442138672
15,354,BGR,left,32,1.3436588048934937,1.3373892307281494,1.229712724685669
15,354,BGR,right,32,4.897149562835693,41.88603591918945,44.15459442138672
15,355,RGB,left,32,0.3695325553417206,1.1616946458816528,1.1796352863311768
15,355,RGB,right,32,1.1860450506210327,44.39934539794922,43.51611328125
15,355,BGR,left,32,1.416278600692749,1.3131651878356934,1.1796352863311768
15,355,BGR,right,32,3.9393575191497803,44.241302490234375,43.51611328125
15,356,RGB,left,32,0.33501648902893066,1.1903640031814575,1.1261364221572876
15,356,RGB,right,32,1.6378804445266724,44.17122268676758,42.528099060058594
15,356,BGR,left,32,1.391575813293457,1.446068525314331,1.1261364221572876
15,356,BGR,right,32,5.051534175872803,45.381221771240234,42.528099060058594
15,357,RGB,left,32,0.27062445878982544,1.1917636394500732,1.0874630212783813
15,357,RGB,right,32,2.260944128036499,45.18196105957031,42.94685363769531
15,357,BGR,left,32,1.4025288820266724,1.6259844303131104,1.0874630212783813
15,357,BGR,right,32,5.00796365737915,45.459659576416016,42.94685363769531
15,358,RGB,left,32,0.2573634386062622,1.3899577856063843,1.177842617034912
15,358,RGB,right,32,0.44998764991760254,45.994747161865234,45.676761627197266
15,358,BGR,left,32,1.2328912019729614,1.589241862297058,1.177842617034912
15,358,BGR,right,32,4.95081901550293,42.92265319824219,45.676761627197266
15,359,RGB,left,32,0.25737887620925903,1.337494134902954,1.3987754583358765
15,359,RGB,right,32,1.4327336549758911,45.74031448364258,46.81531524658203
15,359,BGR,left,32,1.5579637289047241,1.7589654922485352,1.3987754583358765
15,359,BGR,right,32,6.1574296951293945,43.78215789794922,46.81531524658203
15,360,RGB,left,32,0.2637227177619934,1.6791720390319824,1.5255457162857056
15,360,RGB,right,32,1.405694842338562,44.88634490966797,44.97468566894531
15,360,BGR,left,32,1.5928560495376587,2.0192441940307617,1.5255457162857056
15,360,BGR,right,32,7.0783257484436035,43.38052749633789,44.97468566894531
15,361,RGB,left,32,0.10230760276317596,1.5914027690887451,1.5090254545211792
15,361,RGB,right,32,1.5949921607971191,44.435760498046875,43.42893600463867
15,361,BGR,left,32,1.205440878868103,1.7052992582321167,1.5090254545211792
15,361,BGR,right,32,8.351790428161621,42.063621520996094,43.42893600463867
15,362,RGB,left,32,0.45506447553634644,1.9257876873016357,1.4684662818908691
15,362,RGB,right,32,1.3318809270858765,43.408931732177734,43.12560272216797
15,362,BGR,left,32,1.3558419942855835,1.9143656492233276,1.4684662818908691
15,362,BGR,right,32,10.244645118713379,40.93535232543945,43.12560272216797
15,363,RGB,left,32,0.43392592668533325,1.871008038520813,1.476052165031433
15,363,RGB,right,32,1.2128287553787231,43.52912902832031,43.446346282958984
15,363,BGR,left,32,1.2075368165969849,1.7384281158447266,1.476052165031433
15,363,BGR,right,32,11.843743324279785,40.58448791503906,43.446346282958984
15,364,RGB,left,32,0.4409460425376892,1.9362692832946777,1.531722903251648
15,364,RGB,right,32,0.8025822639465332,43.71862030029297,44.352054595947266
15,364,BGR,left,32,1.2851154804229736,1.5287420749664307,1.531722903251648
15,364,BGR,right,32,14.124497413635254,40.67751693725586,44.352054595947266
15,365,RGB,left,32,0.5474979877471924,2.0689423084259033,1.6061211824417114
15,365,RGB,right,32,1.1789860725402832,43.15318298339844,44.216224670410156
15,365,BGR,left,32,1.309388279914856,1.7487462759017944,1.6061211824417114
15,365,BGR,right,32,15.296494483947754,40.506690979003906,44.216224670410156
15,366,RGB,left,32,0.37890058755874634,1.8473700284957886,1.6058988571166992
15,366,RGB,right,32,1.262750267982483,41.984825134277344,41.92996597290039
15,366,BGR,left,32,1.475185513496399,1.6431454420089722,1.6058988571166992
15,366,BGR,right,32,16.481103897094727,40.1529541015625,41.92996597290039
15,367,RGB,left,32,0.5024791359901428,1.8607217073440552,1.5234426259994507
15,367,RGB,right,32,0.7344598174095154,38.99839401245117,39.677860260009766
15,367,BGR,left,32,1.4527570009231567,1.789596438407898,1.5234426259994507
15,367,BGR,right,32,16.09075355529785,37.32562255859375,39.677860260009766
15,368,RGB,left,32,0.8664965629577637,2.239741325378418,1.501936435699463
15,368,RGB,right,32,0.8716957569122314,38.813865661621094,38.11732864379883
15,368,BGR,left,32,1.7095140218734741,2.0854313373565674,1.501936435699463
15,368,BGR,right,32,16.57720375061035,37.775146484375,38.11732864379883
15,369,RGB,left,32,0.6112041473388672,1.9937697649002075,1.5191729068756104
15,369,RGB,right,32,2.1392617225646973,38.41998291015625,36.58342742919922
15,369,BGR,left,32,1.6216590404510498,1.953662395477295,1.5191729068756104
15,369,BGR,right,32,15.95109748840332,37.48177719116211,36.58342742919922
15,370,RGB,left,32,0.5111861824989319,1.8858064413070679,1.5444291830062866
15,370,RGB,right,32,1.49736750125885,36.98463821411133,36.31379699707031
15,370,BGR,left,32,1.4695430994033813,1.945857286453247,1.5444291830062866
15,370,BGR,right,32,15.368561744689941,36.432952880859375,36.31379699707031
15,371,RGB,left,32,0.4873884916305542,1.8565137386322021,1.5880374908447266
15,371,RGB,right,32,0.6981261968612671,37.5792236328125,37.476436614990234
15,371,BGR,left,32,1.2825103998184204,1.9376147985458374,1.5880374908447266
15,371,BGR,right,32,16.911998748779297,35.23655319213867,37.476436614990234
15,372,RGB,left,32,0.4684720039367676,1.8268150091171265,1.6067712306976318
15,372,RGB,right,32,1.2380704879760742,39.094173431396484,38.23484802246094
15,372,BGR,left,32,1.4132798910140991,2.49784255027771,1.6067712306976318
15,372,BGR,right,32,14.485382080078125,34.226715087890625,38.23484802246094
15,373,RGB,left,32,0.277544230222702,1.6304205656051636,1.5933091640472412
15,373,RGB,right,32,1.3403135538101196,38.98877716064453,38.190879821777344
15,373,BGR,left,32,0.960375189781189,2.0593926906585693,1.5933091640472412
15,373,BGR,right,32,17.731388092041016,32.76960372924805,38.190879821777344
15,374,RGB,left,32,0.3995467722415924,1.8589073419570923,1.5522654056549072
15,374,RGB,right,32,1.6843527555465698,38.90049362182617,37.46672821044922
15,374,BGR,left,32,1.0018820762634277,2.134038209915161,1.5522654056549072
15,374,BGR,right,32,16.27830696105957,29.799589157104492,37.46672821044922
15,375,RGB,left,32,0.3095742464065552,1.6219096183776855,1.4756834506988525
15,375,RGB,right,32,3.427133560180664,39.34756851196289,36.120147705078125
15,375,BGR,left,32,1.1566417217254639,2.3101468086242676,1.4756834506988525
15,375,BGR,right,32,13.614027976989746,29.203758239746094,36.120147705078125
15,376,RGB,left,32,0.2432723194360733,1.5993369817733765,1.379826545715332
15,376,RGB,right,32,1.7614860534667969,37.23468780517578,35.745330810546875
15,376,BGR,left,32,1.220993995666504,2.3533174991607666,1.379826545715332
15,376,BGR,right,32,12.977193832397461,27.172239303588867,35.745330810546875
15,377,RGB,left,32,0.3546566665172577,1.6298030614852905,1.3693569898605347
15,377,RGB,right,32,1.5688579082489014,35.738731384277344,36.945655822753906
15,377,BGR,left,32,1.1080230474472046,2.2196969985961914,1.3693569898605347
15,377,BGR,right,32,10.534467697143555,28.441911697387695,36.945655822753906
15,378,RGB,left,32,0.18572445213794708,1.5850385427474976,1.4290027618408203
15,378,RGB,right,32,0.9299594759941101,36.415992736816406,36.74830627441406
15,378,BGR,left,32,1.3242994546890259,2.3134729862213135,1.4290027618408203
15,378,BGR,right,32,11.361083984375,27.81110954284668,36.74830627441406
15,379,RGB,left,32,0.5099332332611084,1.755473256111145,1.4041266441345215
15,379,RGB,right,32,1.4861699342727661,35.9620246887207,34.711360931396484
15,379,BGR,left,32,1.0235477685928345,1.905911922454834,1.4041266441345215
15,379,BGR,right,32,8.132089614868164,28.40058708190918,34.711360931396484
15,380,RGB,left,32,0.6747822761535645,1.7999902963638306,1.3350728750228882
15,380,RGB,right,32,0.36037158966064453,33.22614669799805,32.87675857543945
15,380,BGR,left,32,1.4214078187942505,2.224334955215454,1.3350728750228882
15,380,BGR,right,32,9.863085746765137,25.2628173828125,32.87675857543945
15,381,RGB,left,32,0.6596100330352783,1.7148905992507935,1.2723459005355835
15,381,RGB,right,32,1.9552265405654907,33.39801025390625,31.676258087158203
15,381,BGR,left,32,1.301745057106018,2.121603012084961,1.2723459005355835
15,381,BGR,right,32,6.9774627685546875,26.707237243652344,31.676258087158203
15,382,RGB,left,32,0.6243914365768433,1.505922555923462,1.2032086849212646
15,382,RGB,right,32,1.5747209787368774,32.40483856201172,31.288272857666016
15,382,BGR,left,32,1.035590648651123,1.7274190187454224,1.2032086849212646
15,382,BGR,right,32,7.345941543579102,25.61474609375,31.288272857666016
15,383,RGB,left,32,0.6067529916763306,1.5165051221847534,1.1402393579483032
15,383,RGB,right,32,0.8501977920532227,31.97357749938965,31.854108810424805
15,383,BGR,left,32,1.4762306213378906,2.195625066757202,1.1402393579483032
15,383,BGR,right,32,9.171167373657227,24.79287338256836,31.854108810424805
15,384,RGB,left,32,0.6177647709846497,1.3076488971710205,1.0877594947814941
15,384,RGB,right,32,1.5789684057235718,30.460432052612305,31.66690444946289
15,384,BGR,left,32,1.333042860031128,1.9770511388778687,1.0877594947814941
15,384,BGR,right,32,7.553600311279297,26.00625228881836,31.66690444946289
15,385,RGB,left,32,0.6008686423301697,1.1113100051879883,0.9651926755905151
15,385,RGB,right,32,2.395183801651001,27.42226791381836,29.31367301940918
15,385,BGR,left,32,1.2727148532867432,1.9245262145996094,0.9651926755905151
15,385,BGR,right,32,6.759049892425537,24.783519744873047,29.31367301940918
15,386,RGB,left,32,0.628559947013855,1.0159003734588623,0.7516642808914185
15,386,RGB,right,32,1.3052181005477905,25.904695510864258,26.32809066772461
15,386,BGR,left,32,1.05445396900177,1.6008347272872925,0.7516642808914185
15,386,BGR,right,32,4.7559380531311035,24.597496032714844,26.32809066772461
15,387,RGB,left,32,0.2831414043903351,0.7220965027809143,0.5713165998458862
15,387,RGB,right,32,1.0160722732543945,25.49003028869629,24.46536636352539
15,387,BGR,left,32,1.2428468465805054,1.7190470695495605,0.5713165998458862
15,387,BGR,right,32,4.751279830932617,24.70065689086914,24.46536636352539
15,388,RGB,left,32,0.32584884762763977,0.4202420711517334,0.45353963971138
15,388,RGB,right,32,0.9380028247833252,23.261367797851562,23.92473793029785
15,388,BGR,left,32,1.3719991445541382,1.713953971862793,0.45353963971138
15,388,BGR,right,32,5.103297710418701,21.02043342590332,23.92473793029785
15,389,RGB,left,32,0.2518692910671234,0.4314206838607788,0.38727816939353943
15,389,RGB,right,32,0.777843713760376,22.77931022644043,23.32733917236328
15,389,BGR,left,32,1.5067979097366333,1.7057774066925049,0.38727816939353943
15,389,BGR,right,32,5.722782611846924,19.642484664916992,23.32733917236328
15,390,RGB,left,32,0.20719899237155914,0.3410314917564392,0.39381733536720276
15,390,RGB,right,32,0.4339424967765808,21.963062286376953,22.179141998291016
15,390,BGR,left,32,1.750684142112732,1.8055275678634644,0.39381733536720276
15,390,BGR,right,32,5.356276035308838,19.23887825012207,22.179141998291016
15,391,RGB,left,32,0.10263051837682724,0.4196022152900696,0.4830453395843506
15,391,RGB,right,32,0.6846959590911865,21.309770584106445,20.622323989868164
15,391,BGR,left,32,2.0328853130340576,1.9061753749847412,0.4830453395843506
15,391,BGR,right,32,4.710086345672607,19.662216186523438,20.622323989868164
15,392,RGB,left,32,0.2406984567642212,0.4819452166557312,0.6255053281784058
15,392,RGB,right,32,0.4767763316631317,19.29079818725586,18.876352310180664
15,392,BGR,left,32,1.9061312675476074,1.5637402534484863,0.6255053281784058
15,392,BGR,right,32,5.2364068031311035,17.205350875854492,18.876352310180664
15,393,RGB,left,32,0.25578904151916504,0.5489503741264343,0.7898622751235962
15,393,RGB,right,32,0.21649886667728424,17.800148010253906,17.549497604370117
15,393,BGR,left,32,2.297084331512451,1.7054479122161865,0.7898622751235962
15,393,BGR,right,32,4.453122615814209,16.44902229309082,17.549497604370117
15,394,RGB,left,32,0.32584187388420105,0.6710912585258484,0.9764382839202881
15,394,RGB,right,32,1.211761236190796,15.510838508605957,16.697078704833984
15,394,BGR,left,32,2.3256945610046387,1.5048702955245972,0.9764382839202881
15,394,BGR,right,32,4.366626262664795,16.574634552001953,16.697078704833984
15,395,RGB,left,32,0.41000062227249146,0.8465731739997864,1.1819357872009277
15,395,RGB,right,32,0.33752647042274475,14.85086727142334,15.141876220703125
15,395,BGR,left,32,2.592484712600708,1.5999979972839355,1.1819357872009277
15,395,BGR,right,32,3.549264907836914,15.619808197021484,15.141876220703125
15,396,RGB,left,32,0.38000571727752686,1.0557668209075928,1.3727649450302124
15,396,RGB,right,32,1.1832265853881836,11.463741302490234,12.361563682556152
15,396,BGR,left,32,2.4663023948669434,1.270646572113037,1.3727649450302124
15,396,BGR,right,32,3.380687713623047,13.829142570495605,12.361563682556152
15,397,RGB,left,32,0.4154341518878937,1.16245698928833,1.4977998733520508
15,397,RGB,right,32,0.7645457983016968,9.396849632263184,9.669527053833008
15,397,BGR,left,32,2.1840028762817383,0.8580033183097839,1.4977998733520508
15,397,BGR,right,32,2.020630121231079,10.276660919189453,9.669527053833008
15,398,RGB,left,32,0.42116641998291016,1.3074328899383545,1.5708003044128418
15,398,RGB,right,32,2.1956982612609863,6.005447864532471,7.698686599731445
15,398,BGR,left,32,1.994794487953186,0.5303475856781006,1.5708003044128418
15,398,BGR,right,32,1.911096215248108,6.474415302276611,7.698686599731445
15,399,RGB,left,32,0.5936393141746521,1.1284997463226318,1.609541416168213
15,399,RGB,right,32,1.2358195781707764,5.171451568603516,6.2817487716674805
15,399,BGR,left,32,2.019118547439575,0.48936939239501953,1.609541416168213
15,399,BGR,right,32,1.900618553161621,6.273120880126953,6.2817487716674805
15,400,RGB,left,32,0.6128299236297607,1.159257411956787,1.5744657516479492
15,400,RGB,right,32,0.46892866492271423,5.008134841918945,5.187234401702881
15,400,BGR,left,32,1.884594202041626,0.3884289264678955,1.5744657516479492
15,400,BGR,right,32,1.836646318435669,5.1470441818237305,5.187234401702881
15,401,RGB,left,32,1.248539686203003,0.29559192061424255,1.4879100322723389
15,401,RGB,right,32,3.401420831680298,0.8907920122146606,4.329678535461426
15,401,BGR,left,32,1.6377846002578735,0.251173734664917,1.4879100322723389
15,401,BGR,right,32,2.1859822273254395,3.9077937602996826,4.329678535461426
15,402,RGB,left,32,0.9078062176704407,0.5918440222740173,1.3824505805969238
15,402,RGB,right,32,1.9306626319885254,1.8319447040557861,3.661789894104004
15,402,BGR,left,32,1.6384929418563843,0.39128848910331726,1.3824505805969238
15,402,BGR,right,32,2.1517372131347656,4.399598121643066,3.661789894104004
15,403,RGB,left,32,1.0248548984527588,0.2862134277820587,1.2670533657073975
15,403,RGB,right,32,2.107872247695923,0.9239972829818726,3.15301775932312
15,403,BGR,left,32,1.2346982955932617,0.1315402090549469,1.2670533657073975
15,403,BGR,right,32,3.2240636348724365,2.922539710998535,3.15301775932312
15,404,RGB,left,32,0.2605079710483551,1.2514188289642334,1.1540639400482178
15,404,RGB,right,32,0.6394839882850647,3.1902432441711426,2.883782386779785
15,404,BGR,left,32,0.9399914741516113,0.2836606502532959,1.1540639400482178
15,404,BGR,right,32,1.9150608777999878,2.106609582901001,2.883782386779785
15,405,RGB,left,32,0.17661727964878082,1.0194863080978394,1.0590317249298096
15,405,RGB,right,32,0.4682397246360779,3.0665769577026367,2.8233535289764404
15,405,BGR,left,32,1.1033893823623657,0.23464040458202362,1.0590317249298096
15,405,BGR,right,32,3.488492965698242,3.1410045623779297,2.8233535289764404
15,406,RGB,left,32,0.2632363438606262,1.1111561059951782,0.9451581239700317
15,406,RGB,right,32,0.773895263671875,3.1984784603118896,2.7371180057525635
15,406,BGR,left,32,0.9868495464324951,0.1847425252199173,0.9451581239700317
15,406,BGR,right,32,2.2307777404785156,1.4899982213974,2.7371180057525635
15,407,RGB,left,32,0.40556812286376953,1.084978699684143,0.7710981369018555
15,407,RGB,right,32,1.3641645908355713,3.2133963108062744,2.482693672180176
15,407,BGR,left,32,0.746185839176178,0.1740981936454773,0.7710981369018555
15,407,BGR,right,32,2.490246057510376,1.9547964334487915,2.482693672180176
15,408,RGB,left,32,0.25190117955207825,0.8216353058815002,0.6387631893157959
15,408,RGB,right,32,0.39467141032218933,2.2375898361206055,2.165437936782837
15,408,BGR,left,32,0.692918598651886,0.1930161416530609,0.6387631893157959
15,408,BGR,right,32,3.2246222496032715,2.173673391342163,2.165437936782837
15,409,RGB,left,32,0.5481116771697998,0.934877336025238,0.5665079355239868
15,409,RGB,right,32,1.3147698640823364,1.7684041261672974,1.9083316326141357
15,409,BGR,left,32,0.4365383982658386,0.3187282681465149,0.5665079355239868
15,409,BGR,right,32,5.166531085968018,4.731993198394775,1.9083316326141357
15,410,RGB,left,32,0.31205713748931885,0.4747692942619324,0.542430579662323
15,410,RGB,right,32,0.5963348746299744,1.915932297706604,1.7842029333114624
15,410,BGR,left,32,0.37224864959716797,0.2986520826816559,0.542430579662323
15,410,BGR,right,32,1.9644675254821777,1.7861559391021729,1.7842029333114624
15,411,RGB,left,31,0.30162182450294495,0.2914808392524719,0.5600093007087708
15,411,RGB,right,31,1.337103009223938,1.0408238172531128,1.7400048971176147
15,411,BGR,left,31,0.32629480957984924,0.24872499704360962,0.5600093007087708
15,411,BGR,right,31,3.171567678451538,2.072244882583618,1.7400048971176147
15,412,RGB,left,30,0.24441412091255188,0.3840053677558899,0.5412163734436035
15,412,RGB,right,30,1.755367398262024,1.562373161315918,1.719472050666809
15,412,BGR,left,30,0.3040600121021271,0.340138703584671,0.5412163734436035
15,412,BGR,right,30,3.319645404815674,2.458937883377075,1.719472050666809
15,413,RGB,left,29,0.1028057411313057,0.24069376289844513,0.4877672791481018
15,413,RGB,right,29,1.7512083053588867,1.637123465538025,1.6982685327529907
15,413,BGR,left,29,0.354946106672287,0.2106410712003708,0.4877672791481018
15,413,BGR,right,29,2.834308385848999,1.9816381931304932,1.6982685327529907
15,414,RGB,left,28,0.2257460057735443,0.24762921035289764,0.458974152803421
15,414,RGB,right,28,1.4115996360778809,0.5329540967941284,1.7139925956726074
15,414,BGR,left,28,0.2683732807636261,0.21645604074001312,0.458974152803421
15,414,BGR,right,28,3.7570712566375732,2.710832357406616,1.7139925956726074
15,415,RGB,left,27,0.22557216882705688,0.4119824767112732,0.4688846468925476
15,415,RGB,right,27,1.3102374076843262,1.307454228401184,1.8123220205307007
15,415,BGR,left,27,0.4181695580482483,0.3239203095436096,0.4688846468925476
15,415,BGR,right,27,3.4508426189422607,2.594170093536377,1.8123220205307007
15,416,RGB,left,26,0.21992382407188416,0.3579445481300354,0.4937346577644348
15,416,RGB,right,26,1.6342108249664307,1.0709342956542969,1.9132345914840698
15,416,BGR,left,26,0.3458591401576996,0.3040139675140381,0.4937346577644348
15,416,BGR,right,26,3.99013090133667,2.693549871444702,1.9132345914840698
15,417,RGB,left,25,0.2195075899362564,0.28696462512016296,0.49196428060531616
15,417,RGB,right,25,1.563844084739685,1.2662849426269531,1.9324102401733398
15,417,BGR,left,25,0.40264439582824707,0.21236208081245422,0.49196428060531616
15,417,BGR,right,25,3.1419358253479004,2.3031764030456543,1.9324102401733398
15,418,RGB,left,24,0.3022131025791168,0.2884778082370758,0.44428935647010803
15,418,RGB,right,24,1.7218173742294312,0.5825908780097961,1.8639265298843384
15,418,BGR,left,24,0.21485409140586853,0.2547907531261444,0.44428935647010803
15,418,BGR,right,24,4.32157564163208,3.267388105392456,1.8639265298843384
15,419,RGB,left,23,0.17976069450378418,0.22226722538471222,0.37845370173454285
15,419,RGB,right,23,1.337365746498108,0.981791079044342,1.7945456504821777
15,419,BGR,left,23,0.23245765268802643,0.2502437233924866,0.37845370173454285
15,419,BGR,right,23,3.827787399291992,2.7363343238830566,1.7945456504821777
15,420,RGB,left,22,0.12058798968791962,0.1910901963710785,0.37354421615600586
15,420,RGB,right,22,1.006892442703247,0.8692517876625061,1.744294285774231
15,420,BGR,left,22,0.20801548659801483,0.24677728116512299,0.37354421615600586
15,420,BGR,right,22,3.4242849349975586,2.3978829383850098,1.744294285774231
15,421,RGB,left,21,0.23082740604877472,0.20096728205680847,0.40192392468452454
15,421,RGB,right,21,1.2327319383621216,0.42998889088630676,1.6909260749816895
15,421,BGR,left,21,0.19027572870254517,0.29462501406669617,0.40192392468452454
15,421,BGR,right,21,4.399051666259766,3.4575235843658447,1.6909260749816895
15,422,RGB,left,20,0.23942041397094727,0.2048000693321228,0.40137895941734314
15,422,RGB,right,20,0.9125669002532959,0.8545016646385193,1.6274054050445557
15,422,BGR,left,20,0.3216775357723236,0.2643609642982483,0.40137895941734314
15,422,BGR,right,20,4.77440881729126,3.913480281829834,1.6274054050445557
15,423,RGB,left,19,0.30890968441963196,0.288046270608902,0.39464789628982544
15,423,RGB,right,19,0.7098271250724792,0.816115140914917,1.5560826063156128
15,423,BGR,left,19,0.30816391110420227,0.18348589539527893,0.39464789628982544
15,423,BGR,right,19,4.7601470947265625,4.0171284675598145,1.5560826063156128
15,424,RGB,left,18,0.23391959071159363,0.266099214553833,0.373318612575531
15,424,RGB,right,18,0.7738977074623108,0.903252124786377,1.4965204000473022
15,424,BGR,left,18,0.3322245180606842,0.34153828024864197,0.373318612575531
15,424,BGR,right,18,5.3635735511779785,4.593465328216553,1.4965204000473022
15,425,RGB,left,17,0.2131434977054596,0.3136862516403198,0.3424360752105713
15,425,RGB,right,17,0.5988566875457764,0.9930955767631531,1.4338065385818481
15,425,BGR,left,17,0.17316147685050964,0.2542969882488251,0.3424360752105713
15,425,BGR,right,17,4.138055801391602,3.839214324951172,1.4338065385818481
15,426,RGB,left,16,0.2470090091228485,0.3832190930843353,0.32396987080574036
15,426,RGB,right,16,0.5567883253097534,1.0724263191223145,1.3343892097473145
15,426,BGR,left,16,0.3907611668109894,0.40603411197662354,0.32396987080574036
15,426,BGR,right,16,6.299876689910889,5.7475666999816895,1.3343892097473145
15,427,RGB,left,15,0.20188407599925995,0.1706591695547104,0.2730526030063629
15,427,RGB,right,15,0.8695095181465149,0.5481703877449036,1.2034825086593628
15,427,BGR,left,15,0.22114494442939758,0.28609102964401245,0.2730526030063629
15,427,BGR,right,15,3.7549989223480225,3.0802865028381348,1.2034825086593628
15,428,RGB,left,14,0.7219212651252747,0.5750985145568848,0.22093909978866577
15,428,RGB,right,14,2.3394312858581543,1.8194879293441772,1.0885593891143799
15,428,BGR,left,14,0.31463587284088135,0.3625235855579376,0.22093909978866577
15,428,BGR,right,14,5.793480396270752,5.233159065246582,1.0885593891143799
15,429,RGB,left,13,0.7256375551223755,0.6127419471740723,0.17376010119915009
15,429,RGB,right,13,2.0226783752441406,1.541610836982727,1.0640919208526611
15,429,BGR,left,13,0.10637270659208298,0.20366719365119934,0.17376010119915009
15,429,BGR,right,13,4.507496356964111,4.006227493286133,1.0640919208526611
15,430,RGB,left,12,0.9705572128295898,0.9157049059867859,0.14641211926937103
15,430,RGB,right,12,2.8072705268859863,2.210613250732422,1.0907716751098633
15,430,BGR,left,12,0.1464318335056305,0.26057231426239014,0.14641211926937103
15,430,BGR,right,12,3.4933671951293945,2.920869827270508,1.0907716751098633
15,431,RGB,left,11,0.7393671274185181,0.7073285579681396,0.13080838322639465
15,431,RGB,right,11,2.2973697185516357,1.926880121231079,1.0672608613967896
15,431,BGR,left,11,0.23383423686027527,0.30269864201545715,0.13080838322639465
15,431,BGR,right,11,5.832359313964844,5.175638198852539,1.0672608613967896
15,432,RGB,left,10,0.2761010229587555,0.3100700080394745,0.09884640574455261
15,432,RGB,right,10,0.5700851678848267,0.9039251804351807,1.0691874027252197
15,432,BGR,left,10,0.1595267802476883,0.1884552240371704,0.09884640574455261
15,432,BGR,right,10,2.6257734298706055,2.053367853164673,1.0691874027252197
15,433,RGB,left,9,0.7983893156051636,0.7981917858123779,0.09755837917327881
15,433,RGB,right,9,2.5279176235198975,2.0436081886291504,1.1581119298934937
15,433,BGR,left,9,0.15613389015197754,0.22090330719947815,0.09755837917327881
15,433,BGR,right,9,5.394693374633789,4.842392921447754,1.1581119298934937
15,434,RGB,left,8,0.1096075028181076,0.17749817669391632,0.09337809681892395
15,434,RGB,right,8,1.0577654838562012,0.38442355394363403,1.2462635040283203
15,434,BGR,left,8,0.18518030643463135,0.2631300091743469,0.09337809681892395
15,434,BGR,right,8,5.004011154174805,4.518778324127197,1.2462635040283203
15,435,RGB,left,7,0.11744007468223572,0.1670263409614563,0.0885145291686058
15,435,RGB,right,7,0.784803569316864,0.8236239552497864,1.162102222442627
15,435,BGR,left,7,0.13599833846092224,0.18413704633712769,0.0885145291686058
15,435,BGR,right,7,4.622132778167725,4.2970476150512695,1.162102222442627
15,436,RGB,left,6,0.09102886915206909,0.16827985644340515,0.06897559762001038
15,436,RGB,right,6,0.9053153395652771,0.836341917514801,1.0758365392684937
15,436,BGR,left,6,0.08113326132297516,0.15277200937271118,0.06897559762001038
15,436,BGR,right,6,4.093825817108154,3.863142490386963,1.0758365392684937
15,437,RGB,left,5,0.11232958734035492,0.1236656978726387,0.057900022715330124
15,437,RGB,right,5,0.7915754318237305,0.3083599805831909,0.9540503621101379
15,437,BGR,left,5,0.12842053174972534,0.13946425914764404,0.057900022715330124
15,437,BGR,right,5,3.1752822399139404,2.8703765869140625,0.9540503621101379
15,438,RGB,left,4,0.08958647400140762,0.11293002963066101,0.05022348091006279
15,438,RGB,right,4,0.6598881483078003,0.5511249303817749,0.7776060104370117
15,438,BGR,left,4,0.02066737227141857,0.04959726333618164,0.05022348091006279
15,438,BGR,right,4,2.2070960998535156,2.10622501373291,0.7776060104370117
15,439,RGB,left,3,0.09156735986471176,0.11893502622842789,0.03426360338926315
15,439,RGB,right,3,0.4090934991836548,0.49704429507255554,0.5966620445251465
15,439,BGR,left,3,0.2522958219051361,0.28327077627182007,0.03426360338926315
15,439,BGR,right,3,3.0830438137054443,2.931955337524414,0.5966620445251465
15,440,RGB,left,2,0.11287535727024078,0.1012033075094223,0.029175344854593277
15,440,RGB,right,2,0.3164013624191284,0.2741226255893707,0.40609052777290344
15,440,BGR,left,2,0.04759721830487251,0.024712800979614258,0.029175344854593277
15,440,BGR,right,2,1.2928671836853027,1.2753514051437378,0.40609052777290344
15,441,RGB,left,1,0.018837034702301025,0.02034308761358261,0.013896449469029903
15,441,RGB,right,1,0.11325006186962128,0.188860684633255,0.18237420916557312
15,441,BGR,left,1,0.010696358978748322,0.023271778598427773,0.013896449469029903
15,441,BGR,right,1,0.7563536167144775,0.7627723813056946,0.18237420916557312
34,0,RGB,left,32,2.6662449836730957,2.9194462299346924,0.35867440700531006
34,0,RGB,right,32,0.2690589129924774,0.24042688310146332,0.43376263976097107
34,0,BGR,left,32,2.581021785736084,2.9070796966552734,0.35867440700531006
34,0,BGR,right,32,0.33979281783103943,0.494374543428421,0.43376263976097107
34,1,RGB,left,32,1.4655272960662842,1.7419233322143555,0.3614098131656647
34,1,RGB,right,32,0.3447669744491577,0.21417976915836334,0.4269135594367981
34,1,BGR,left,32,0.8422501087188721,1.0576653480529785,0.3614098131656647
34,1,BGR,right,32,0.268848180770874,0.32508185505867004,0.4269135594367981
34,2,RGB,left,32,0.1584063172340393,0.536876380443573,0.3063429296016693
34,2,RGB,right,32,0.394000381231308,0.21596087515354156,0.4037684500217438
34,2,BGR,left,32,0.7792397141456604,1.0199635028839111,0.3063429296016693
34,2,BGR,right,32,0.17138370871543884,0.2724143862724304,0.4037684500217438
34,3,RGB,left,32,2.104163646697998,2.2239997386932373,0.254738450050354
34,3,RGB,right,32,0.19778510928153992,0.15980039536952972,0.39356255531311035
34,3,BGR,left,32,2.3732786178588867,2.5780434608459473,0.254738450050354
34,3,BGR,right,32,0.3075740337371826,0.46687111258506775,0.39356255531311035
34,4,RGB,left,32,1.8370273113250732,1.9223908185958862,0.2342403531074524
34,4,RGB,right,32,0.1997665911912918,0.2973470687866211,0.34301984310150146
34,4,BGR,left,32,1.958394169807434,2.1660518646240234,0.2342403531074524
34,4,BGR,right,32,0.33516213297843933,0.49834996461868286,0.34301984310150146
34,5,RGB,left,32,0.3085104525089264,0.5420898199081421,0.2708335816860199
34,5,RGB,right,32,0.29222923517227173,0.2095172256231308,0.33446791768074036
34,5,BGR,left,32,0.6210074424743652,0.7349554300308228,0.2708335816860199
34,5,BGR,right,32,0.2371549904346466,0.4241604506969452,0.33446791768074036
34,6,RGB,left,32,0.26915401220321655,0.42574137449264526,0.36341288685798645
34,6,RGB,right,32,0.4562952518463135,0.3139861226081848,0.3899442255496979
34,6,BGR,left,32,0.5074129700660706,0.5277695059776306,0.36341288685798645
34,6,BGR,right,32,0.22932296991348267,0.12296789139509201,0.3899442255496979
34,7,RGB,left,32,4.092926979064941,4.221840858459473,0.39632636308670044
34,7,RGB,right,32,0.05411382019519806,0.2935529351234436,0.4719243347644806
34,7,BGR,left,32,3.3903205394744873,3.6532461643218994,0.39632636308670044
34,7,BGR,right,32,0.3193385601043701,0.5708492994308472,0.4719243347644806
34,8,RGB,left,32,0.4639017879962921,0.3960277736186981,0.34553346037864685
34,8,RGB,right,32,0.5406918525695801,0.32271724939346313,0.4611898958683014
34,8,BGR,left,32,0.45721086859703064,0.7521486878395081,0.34553346037864685
34,8,BGR,right,32,0.3709695339202881,0.26460200548171997,0.4611898958683014
34,9,RGB,left,32,0.30055686831474304,0.22203364968299866,0.32639265060424805
34,9,RGB,right,32,0.2541419267654419,0.22376269102096558,0.48635199666023254
34,9,BGR,left,32,0.3938251733779907,0.4865097105503082,0.32639265060424805
34,9,BGR,right,32,0.2208307385444641,0.18497538566589355,0.48635199666023254
34,10,RGB,left,32,3.3531875610351562,3.496502637863159,0.35884761810302734
34,10,RGB,right,32,0.16458211839199066,0.19491131603717804,0.5294771194458008
34,10,BGR,left,32,2.3658361434936523,2.6159305572509766,0.35884761810302734
34,10,BGR,right,32,0.18550117313861847,0.33905258774757385,0.5294771194458008
34,11,RGB,left,32,0.8053456544876099,1.023865818977356,0.41991719603538513
34,11,RGB,right,32,0.2242196798324585,0.2860299348831177,0.5570660829544067
34,11,BGR,left,32,1.2257322072982788,1.5475245714187622,0.41991719603538513
34,11,BGR,right,32,0.34888797998428345,0.35182124376296997,0.5570660829544067
34,12,RGB,left,32,5.183252811431885,5.470738887786865,0.49837619066238403
34,12,RGB,right,32,0.33901870250701904,0.31438353657722473,0.6272797584533691
34,12,BGR,left,32,4.0033440589904785,4.369819164276123,0.49837619066238403
34,12,BGR,right,32,0.4964379370212555,0.5141654014587402,0.6272797584533691
34,13,RGB,left,32,0.7672714591026306,1.251364827156067,0.5420960783958435
34,13,RGB,right,32,0.274547278881073,0.17974025011062622,0.6487559080123901
34,13,BGR,left,32,1.8581714630126953,2.3506882190704346,0.5420960783958435
34,13,BGR,right,32,0.3554089665412903,0.29078593850135803,0.6487559080123901
34,14,RGB,left,32,0.5393345952033997,0.17403557896614075,0.6351413130760193
34,14,RGB,right,32,0.251848429441452,0.19793692231178284,0.5923735499382019
34,14,BGR,left,32,0.652038037776947,0.41865038871765137,0.6351413130760193
34,14,BGR,right,32,0.6313170790672302,0.29467108845710754,0.5923735499382019
34,15,RGB,left,32,2.4866466522216797,3.404167890548706,1.0025373697280884
34,15,RGB,right,32,0.6184709072113037,0.2941415011882782,0.5433748960494995
34,15,BGR,left,32,1.454962134361267,2.355928897857666,1.0025373697280884
34,15,BGR,right,32,0.6868752241134644,0.4132971465587616,0.5433748960494995
34,16,RGB,left,32,1.050554633140564,0.7716162204742432,1.6800400018692017
34,16,RGB,right,32,0.40960970520973206,0.229957714676857,0.6026625633239746
34,16,BGR,left,32,1.7089509963989258,0.49504369497299194,1.6800400018692017
34,16,BGR,right,32,0.6219867467880249,0.22179892659187317,0.6026625633239746
34,17,RGB,left,32,2.5498135089874268,0.2522537112236023,2.52042818069458
34,17,RGB,right,32,0.3640013635158539,0.3321712613105774,0.6168107390403748
34,17,BGR,left,32,2.2240805625915527,0.8314363360404968,2.52042818069458
34,17,BGR,right,32,0.6380021572113037,0.19190920889377594,0.6168107390403748
34,18,RGB,left,32,1.8559693098068237,5.286499500274658,3.474710464477539
34,18,RGB,right,32,0.6455091238021851,0.24113169312477112,0.5814195871353149
34,18,BGR,left,32,1.0761975049972534,3.8514182567596436,3.474710464477539
34,18,BGR,right,32,0.714438259601593,0.47575125098228455,0.5814195871353149
34,19,RGB,left,32,2.805183172225952,7.378151893615723,4.597832679748535
34,19,RGB,right,32,0.6354266405105591,0.3717186152935028,0.5450939536094666
34,19,BGR,left,32,1.9356708526611328,3.1641459465026855,4.597832679748535
34,19,BGR,right,32,0.589137613773346,0.39608392119407654,0.5450939536094666
34,20,RGB,left,32,0.7609983682632446,5.176877498626709,5.901103973388672
34,20,RGB,right,32,0.5205163955688477,0.3041676878929138,0.5175610780715942
34,20,BGR,left,32,5.972182750701904,0.49608102440834045,5.901103973388672
34,20,BGR,right,32,0.4668021500110626,0.2706155478954315,0.5175610780715942
34,21,RGB,left,32,3.2604150772094727,10.518492698669434,7.3032755851745605
34,21,RGB,right,32,0.5728644728660583,0.6431885957717896,0.5152931213378906
34,21,BGR,left,32,0.9418110251426697,7.876191139221191,7.3032755851745605
34,21,BGR,right,32,0.6763416528701782,0.9012628197669983,0.5152931213378906
34,22,RGB,left,32,1.5823063850402832,10.235078811645508,8.687002182006836
34,22,RGB,right,32,0.24019335210323334,0.4056014120578766,0.5417975187301636
34,22,BGR,left,32,1.344506859779358,7.885623931884766,8.687002182006836
34,22,BGR,right,32,0.5144463777542114,0.8210872411727905,0.5417975187301636
34,23,RGB,left,32,0.13439127802848816,9.854117393493652,9.971108436584473
34,23,RGB,right,32,0.29453811049461365,0.4014442563056946,0.5658487677574158
34,23,BGR,left,32,5.399209022521973,4.783060550689697,9.971108436584473
34,23,BGR,right,32,0.36407583951950073,0.697087824344635,0.5658487677574158
34,24,RGB,left,32,0.06145504489541054,11.221367835998535,11.243380546569824
34,24,RGB,right,32,0.30451077222824097,0.4710055887699127,0.5894991159439087
34,24,BGR,left,32,10.120721817016602,1.3783513307571411,11.243380546569824
34,24,BGR,right,32,0.24515637755393982,0.3730466067790985,0.5894991159439087
34,25,RGB,left,32,0.8399089574813843,13.402655601501465,12.618882179260254
34,25,RGB,right,32,0.30571383237838745,0.7747106552124023,0.669684886932373
34,25,BGR,left,32,1.7494761943817139,11.405816078186035,12.618882179260254
34,25,BGR,right,32,0.5692936778068542,0.9475113749504089,0.669684886932373
34,26,RGB,left,32,0.49978920817375183,13.620118141174316,13.989583015441895
34,26,RGB,right,32,0.2528984546661377,0.7575293779373169,0.8048509955406189
34,26,BGR,left,32,3.7207601070404053,10.563644409179688,13.989583015441895
34,26,BGR,right,32,0.4370814263820648,0.8792738318443298,0.8048509955406189
34,27,RGB,left,32,0.7998323440551758,14.557367324829102,15.27217960357666
34,27,RGB,right,32,0.2743287682533264,0.879115641117096,0.953377902507782
34,27,BGR,left,32,9.947635650634766,5.451822757720947,15.27217960357666
34,27,BGR,right,32,0.32267409563064575,0.8026555776596069,0.953377902507782
34,28,RGB,left,32,0.6377660632133484,16.025836944580078,16.529056549072266
34,28,RGB,right,32,0.21837511658668518,1.0291800498962402,1.09464693069458
34,28,BGR,left,32,3.5703108310699463,13.003554344177246,16.529056549072266
34,28,BGR,right,32,0.5048201084136963,1.057986855506897,1.09464693069458
34,29,RGB,left,32,0.5182482600212097,18.1033992767334,17.9616756439209
34,29,RGB,right,32,0.2533402144908905,1.377423644065857,1.235588788986206
34,29,BGR,left,32,4.096210956573486,14.096589088439941,17.9616756439209
34,29,BGR,right,32,0.8071120381355286,1.074601650238037,1.235588788986206
34,30,RGB,left,32,0.9101598858833313,20.64611053466797,19.73535919189453
34,30,RGB,right,32,0.2767012119293213,1.6290972232818604,1.3971922397613525
34,30,BGR,left,32,3.1901676654815674,16.6131591796875,19.73535919189453
34,30,BGR,right,32,0.8997054100036621,1.4009827375411987,1.3971922397613525
34,31,RGB,left,32,0.49197110533714294,22.156986236572266,21.713680267333984
34,31,RGB,right,32,0.47837814688682556,1.8613377809524536,1.5684754848480225
34,31,BGR,left,32,5.099841117858887,16.769264221191406,21.713680267333984
34,31,BGR,right,32,0.7718822956085205,1.3667690753936768,1.5684754848480225
34,32,RGB,left,32,0.6854170560836792,23.11504554748535,23.486583709716797
34,32,RGB,right,32,0.3748142719268799,1.6495537757873535,1.7099664211273193
34,32,BGR,left,32,5.346213340759277,18.176158905029297,23.486583709716797
34,32,BGR,right,32,0.9026384353637695,1.3517224788665771,1.7099664211273193
34,33,RGB,left,32,0.9391533136367798,24.076473236083984,25.01395034790039
34,33,RGB,right,32,0.25808778405189514,1.862647533416748,1.8139649629592896
34,33,BGR,left,32,6.533381938934326,18.664043426513672,25.01395034790039
34,33,BGR,right,32,0.9866995811462402,1.5483877658843994,1.8139649629592896
34,34,RGB,left,32,0.4269386827945709,26.3485164642334,26.607290267944336
34,34,RGB,right,32,0.29647383093833923,1.8627748489379883,1.8814098834991455
34,34,BGR,left,32,6.638899326324463,20.202983856201172,26.607290267944336
34,34,BGR,right,32,0.9791720509529114,1.514607548713684,1.8814098834991455
34,35,RGB,left,32,1.706689715385437,28.67055892944336,28.440643310546875
34,35,RGB,right,32,0.30333226919174194,1.8928295373916626,1.9100159406661987
34,35,BGR,left,32,7.541690349578857,21.078203201293945,28.440643310546875
34,35,BGR,right,32,1.0575273036956787,1.1654351949691772,1.9100159406661987
34,36,RGB,left,32,0.9771960377693176,29.889415740966797,30.35429573059082
34,36,RGB,right,32,0.2598358988761902,1.8814738988876343,1.9065035581588745
34,36,BGR,left,32,6.770396709442139,24.00055694580078,30.35429573059082
34,36,BGR,right,32,1.123234510421753,1.442273736000061,1.9065035581588745
34,37,RGB,left,32,1.5237360000610352,31.148706436157227,31.873655319213867
34,37,RGB,right,32,0.3158806264400482,1.95184326171875,1.876913070678711
34,37,BGR,left,32,7.538908004760742,24.830575942993164,31.873655319213867
34,37,BGR,right,32,0.9233963489532471,1.3253120183944702,1.876913070678711
34,38,RGB,left,32,1.196344017982483,32.314720153808594,32.81587219238281
34,38,RGB,right,32,0.3751756250858307,1.9219002723693848,1.8065837621688843
34,38,BGR,left,32,8.26356315612793,25.28131675720215,32.81587219238281
34,38,BGR,right,32,0.9781648516654968,1.493618369102478,1.8065837621688843
34,39,RGB,left,32,0.9259417057037354,33.32972717285156,33.403663635253906
34,39,RGB,right,32,0.46698564291000366,1.9096527099609375,1.668371558189392
34,39,BGR,left,32,6.407240867614746,28.949262619018555,33.403663635253906
34,39,BGR,right,32,0.7554425001144409,1.6413609981536865,1.668371558189392
34,40,RGB,left,32,1.348921298980713,35.03447723388672,34.08477783203125
34,40,RGB,right,32,0.3574362099170685,1.2144815921783447,1.4681334495544434
34,40,BGR,left,32,8.197734832763672,26.964630126953125,34.08477783203125
34,40,BGR,right,32,0.9128621220588684,0.9426857829093933,1.4681334495544434
34,41,RGB,left,32,1.3608710765838623,34.14210510253906,34.99137878417969
34,41,RGB,right,32,0.23640507459640503,1.4133529663085938,1.2482866048812866
34,41,BGR,left,32,7.604878902435303,28.269847869873047,34.99137878417969
34,41,BGR,right,32,0.5099135637283325,1.2002992630004883,1.2482866048812866
34,42,RGB,left,32,1.1640307903289795,36.20939636230469,35.51673889160156
34,42,RGB,right,32,0.25307372212409973,1.2004036903381348,1.0526518821716309
34,42,BGR,left,32,7.282746315002441,28.766082763671875,35.51673889160156
34,42,BGR,right,32,0.4045640528202057,1.1063785552978516,1.0526518821716309
34,43,RGB,left,32,0.9332737922668457,35.68864440917969,34.892452239990234
34,43,RGB,right,32,0.2912784218788147,0.80433589220047,0.8878632187843323
34,43,BGR,left,32,7.891038417816162,27.262937545776367,34.892452239990234
34,43,BGR,right,32,0.4391244053840637,0.8105798959732056,0.8878632187843323
34,44,RGB,left,32,1.9058799743652344,36.27988815307617,34.420528411865234
34,44,RGB,right,32,0.36170682311058044,0.754541277885437,0.7532860040664673
34,44,BGR,left,32,6.016439914703369,29.148035049438477,34.420528411865234
34,44,BGR,right,32,0.3799821734428406,0.7906481623649597,0.7532860040664673
34,45,RGB,left,32,1.7276673316955566,37.02955627441406,35.62984848022461
34,45,RGB,right,32,0.31760239601135254,0.6477921009063721,0.6920247077941895
34,45,BGR,left,32,6.818521022796631,29.199317932128906,35.62984848022461
34,45,BGR,right,32,0.5692002773284912,0.9448689818382263,0.6920247077941895
34,46,RGB,left,32,1.5851646661758423,38.4984245300293,37.2675666809082
34,46,RGB,right,32,0.554226279258728,0.6384469866752625,0.7209307551383972
34,46,BGR,left,32,8.691147804260254,28.608501434326172,37.2675666809082
34,46,BGR,right,32,0.3189260959625244,0.6608384251594543,0.7209307551383972
34,47,RGB,left,32,0.5424608588218689,38.25741958618164,38.40858840942383
34,47,RGB,right,32,0.5580889582633972,0.5219779014587402,0.76871657371521
34,47,BGR,left,32,10.195666313171387,28.20182991027832,38.40858840942383
34,47,BGR,right,32,0.3324667811393738,0.6075467467308044,0.76871657371521
34,48,RGB,left,32,0.9948096871376038,39.13431930541992,38.98384475708008
34,48,RGB,right,32,0.6824632883071899,0.4671829342842102,0.8375107645988464
34,48,BGR,left,32,11.278637886047363,27.60643196105957,38.98384475708008
34,48,BGR,right,32,0.31844857335090637,0.6439628005027771,0.8375107645988464
34,49,RGB,left,32,1.273366928100586,40.02381134033203,39.04961395263672
34,49,RGB,right,32,0.5267361402511597,0.5665962100028992,0.9510115385055542
34,49,BGR,left,32,10.6407470703125,28.35321044921875,39.04961395263672
34,49,BGR,right,32,0.332256019115448,0.7090070247650146,0.9510115385055542
34,50,RGB,left,32,1.368058204650879,38.15244674682617,39.23244857788086
34,50,RGB,right,32,0.6389895081520081,0.6021487712860107,1.079025387763977
34,50,BGR,left,32,11.294669151306152,27.903783798217773,39.23244857788086
34,50,BGR,right,32,0.30838263034820557,0.8033215999603271,1.079025387763977
34,51,RGB,left,32,0.8812127113342285,40.40830993652344,40.305179595947266
34,51,RGB,right,32,0.7207610011100769,0.9075226783752441,1.2076904773712158
34,51,BGR,left,32,11.999320030212402,28.2288875579834,40.305179595947266
34,51,BGR,right,32,0.3906184136867523,0.7465190291404724,1.2076904773712158
34,52,RGB,left,32,1.5106606483459473,39.644264221191406,41.06517028808594
34,52,RGB,right,32,0.6383652091026306,1.025952696800232,1.3390833139419556
34,52,BGR,left,32,12.572929382324219,28.484989166259766,41.06517028808594
34,52,BGR,right,32,0.5466706156730652,0.7582998275756836,1.3390833139419556
34,53,RGB,left,32,0.3435901999473572,39.78886795043945,39.80470657348633
34,53,RGB,right,32,0.5485917329788208,1.0540776252746582,1.403835654258728
34,53,BGR,left,32,10.697885513305664,29.25835609436035,39.80470657348633
34,53,BGR,right,32,0.8036466240882874,0.84449702501297,1.403835654258728
34,54,RGB,left,32,2.1155588626861572,39.44220733642578,37.41102600097656
34,54,RGB,right,32,0.22957539558410645,1.230870008468628,1.346923828125
34,54,BGR,left,32,6.95313024520874,30.87453269958496,37.41102600097656
34,54,BGR,right,32,0.9801320433616638,0.675703763961792,1.346923828125
34,55,RGB,left,32,1.2104321718215942,37.636348724365234,36.402584075927734
34,55,RGB,right,32,0.2831007242202759,1.1999261379241943,1.3150298595428467
34,55,BGR,left,32,7.198917388916016,29.981847763061523,36.402584075927734
34,55,BGR,right,32,0.9934467077255249,0.6875118613243103,1.3150298595428467
34,56,RGB,left,32,1.3857263326644897,39.09605026245117,37.835208892822266
34,56,RGB,right,32,0.3094598948955536,1.3523253202438354,1.3790751695632935
34,56,BGR,left,32,8.082016944885254,30.96397590637207,37.835208892822266
34,56,BGR,right,32,1.0939922332763672,0.6270854473114014,1.3790751695632935
34,57,RGB,left,32,0.6463293433189392,39.5228157043457,39.61927032470703
34,57,RGB,right,32,0.44353413581848145,1.427860975265503,1.4298499822616577
34,57,BGR,left,32,8.780150413513184,32.195743560791016,39.61927032470703
34,57,BGR,right,32,1.1239027976989746,0.5894254446029663,1.4298499822616577
34,58,RGB,left,32,1.4580638408660889,39.93730163574219,40.58563232421875
34,58,RGB,right,32,0.3876335322856903,1.251623511314392,1.4143049716949463
34,58,BGR,left,32,9.347524642944336,32.52864074707031,40.58563232421875
34,58,BGR,right,32,1.5306226015090942,0.8192710280418396,1.4143049716949463
34,59,RGB,left,32,0.8467351794242859,39.86404037475586,40.2728157043457
34,59,RGB,right,32,0.5241180658340454,1.1051888465881348,1.3388192653656006
34,59,BGR,left,32,7.523263931274414,34.859100341796875,40.2728157043457
34,59,BGR,right,32,1.4761128425598145,0.6349829435348511,1.3388192653656006
34,60,RGB,left,32,2.2059102058410645,40.93953323364258,38.819305419921875
34,60,RGB,right,32,0.39278140664100647,1.126236915588379,1.215294599533081
34,60,BGR,left,32,7.016336917877197,34.59447479248047,38.819305419921875
34,60,BGR,right,32,1.3914438486099243,0.6993678212165833,1.215294599533081
34,61,RGB,left,32,2.3168654441833496,41.0882682800293,38.93479537963867
34,61,RGB,right,32,0.3221701681613922,0.8329581618309021,1.0996586084365845
34,61,BGR,left,32,6.6285400390625,34.78491973876953,38.93479537963867
34,61,BGR,right,32,1.4822689294815063,0.7051507830619812,1.0996586084365845
34,62,RGB,left,32,1.2429460287094116,41.57966232299805,41.65176010131836
34,62,RGB,right,32,0.503571093082428,0.792673647403717,1.053401231765747
34,62,BGR,left,32,8.660453796386719,34.53689956665039,41.65176010131836
34,62,BGR,right,32,1.4374313354492188,0.6281411051750183,1.053401231765747
34,63,RGB,left,32,1.1909960508346558,41.7727165222168,42.634254455566406
34,63,RGB,right,32,0.5607550740242004,0.5368676781654358,0.9980690479278564
34,63,BGR,left,32,8.046485900878906,36.57236862182617,42.634254455566406
34,63,BGR,right,32,1.685740351676941,0.9366567134857178,0.9980690479278564
34,64,RGB,left,32,0.503485381603241,40.95888900756836,41.333683013916016
34,64,RGB,right,32,0.5355297327041626,0.49286261200904846,0.8733738660812378
34,64,BGR,left,32,6.9060564041137695,37.08429718017578,41.333683013916016
34,64,BGR,right,32,1.4599335193634033,0.8635955452919006,0.8733738660812378
34,65,RGB,left,32,1.3951750993728638,41.20871353149414,40.97749710083008
34,65,RGB,right,32,0.38845929503440857,0.5268051624298096,0.771146297454834
34,65,BGR,left,32,7.297652244567871,35.86731719970703,40.97749710083008
34,65,BGR,right,32,1.3429362773895264,0.8619669675827026,0.771146297454834
34,66,RGB,left,32,1.1446480751037598,39.19500732421875,40.32063293457031
34,66,RGB,right,32,0.18582212924957275,0.6967810988426208,0.7380250096321106
34,66,BGR,left,32,8.48223876953125,33.669708251953125,40.32063293457031
34,66,BGR,right,32,1.2553598880767822,0.8730881810188293,0.7380250096321106
34,67,RGB,left,32,0.8176524043083191,38.666629791259766,39.271244049072266
34,67,RGB,right,32,0.16592954099178314,0.69091796875,0.7382563352584839
34,67,BGR,left,32,9.075868606567383,32.479347229003906,39.271244049072266
34,67,BGR,right,32,1.2472174167633057,0.9067630171775818,0.7382563352584839
34,68,RGB,left,32,2.178504228591919,38.29940414428711,40.487274169921875
34,68,RGB,right,32,0.24670423567295074,0.7735109925270081,0.8026765584945679
34,68,BGR,left,32,9.538738250732422,32.725242614746094,40.487274169921875
34,68,BGR,right,32,1.387402057647705,1.0519977807998657,0.8026765584945679
34,69,RGB,left,32,3.1666176319122314,39.722740173339844,42.80284118652344
34,69,RGB,right,32,0.18192586302757263,0.7844462394714355,0.9196727871894836
34,69,BGR,left,32,10.15694522857666,34.31733322143555,42.80284118652344
34,69,BGR,right,32,1.4461356401443481,1.248937964439392,0.9196727871894836
34,70,RGB,left,32,4.208610534667969,38.49798583984375,42.58793640136719
34,70,RGB,right,32,0.1904793232679367,1.0028654336929321,0.9987499713897705
34,70,BGR,left,32,12.853127479553223,31.2283878326416,42.58793640136719
34,70,BGR,right,32,1.227442741394043,1.051814079284668,0.9987499713897705
34,71,RGB,left,32,3.7127695083618164,37.33026123046875,40.92267990112305
34,71,RGB,right,32,0.10655251890420914,1.0376638174057007,1.0452226400375366
34,71,BGR,left,32,10.681785583496094,32.20158004760742,40.92267990112305
34,71,BGR,right,32,1.2710627317428589,1.1512278318405151,1.0452226400375366
34,72,RGB,left,32,0.9429293274879456,38.1163444519043,38.39250564575195
34,72,RGB,right,32,0.378083735704422,0.9165981411933899,1.091267704963684
34,72,BGR,left,32,10.968756675720215,29.01078224182129,38.39250564575195
34,72,BGR,right,32,1.1549491882324219,1.0017971992492676,1.091267704963684
34,73,RGB,left,32,1.3748544454574585,37.23964309692383,35.95774459838867
34,73,RGB,right,32,0.38354191184043884,1.3529131412506104,1.1471649408340454
34,73,BGR,left,32,7.852763652801514,30.28462791442871,35.95774459838867
34,73,BGR,right,32,0.8751015663146973,1.1841380596160889,1.1471649408340454
34,74,RGB,left,32,2.569063663482666,39.02423858642578,36.58981704711914
34,74,RGB,right,32,0.31153029203414917,1.288148283958435,1.2233529090881348
34,74,BGR,left,32,9.977799415588379,28.40488052368164,36.58981704711914
34,74,BGR,right,32,0.9041282534599304,1.1881746053695679,1.2233529090881348
34,75,RGB,left,32,1.778333306312561,37.06464767456055,38.452919006347656
34,75,RGB,right,32,0.39084771275520325,1.0652531385421753,1.3015177249908447
34,75,BGR,left,32,13.0946683883667,27.394405364990234,38.452919006347656
34,75,BGR,right,32,1.0218802690505981,1.1807204484939575,1.3015177249908447
34,76,RGB,left,32,3.5662178993225098,34.36140060424805,37.801185607910156
34,76,RGB,right,32,0.2578120529651642,1.1659855842590332,1.3376030921936035
34,76,BGR,left,32,15.700345993041992,24.309181213378906,37.801185607910156
34,76,BGR,right,32,0.8795547485351562,1.0644001960754395,1.3376030921936035
34,77,RGB,left,32,2.314457893371582,32.02252960205078,34.24802780151367
34,77,RGB,right,32,0.37478476762771606,1.2217376232147217,1.3188016414642334
34,77,BGR,left,32,13.540908813476562,23.748538970947266,34.24802780151367
34,77,BGR,right,32,0.8022874593734741,0.9615280032157898,1.3188016414642334
34,78,RGB,left,32,1.1976269483566284,32.299922943115234,31.103961944580078
34,78,RGB,right,32,0.6039432287216187,0.9341038465499878,1.2871899604797363
34,78,BGR,left,32,11.376507759094238,23.152477264404297,31.103961944580078
34,78,BGR,right,32,1.0486869812011719,0.8060688972473145,1.2871899604797363
34,79,RGB,left,32,1.433502197265625,31.153615951538086,30.03866958618164
34,79,RGB,right,32,0.48455581068992615,1.0141022205352783,1.2736021280288696
34,79,BGR,left,32,11.142901420593262,22.40146255493164,30.03866958618164
34,79,BGR,right,32,0.9001724123954773,0.771772563457489,1.2736021280288696
34,80,RGB,left,32,2.916804313659668,27.274131774902344,30.057737350463867
34,80,RGB,right,32,0.5708264708518982,0.8305990099906921,1.2786343097686768
34,80,BGR,left,32,11.681770324707031,20.55989646911621,30.057737350463867
34,80,BGR,right,32,0.9760292172431946,0.7069665193557739,1.2786343097686768
34,81,RGB,left,32,2.690246343612671,26.11827850341797,28.66510581970215
34,81,RGB,right,32,0.511556088924408,0.8612802028656006,1.2642875909805298
34,81,BGR,left,32,12.008275985717773,19.021739959716797,28.66510581970215
34,81,BGR,right,32,0.903265118598938,0.8085513114929199,1.2642875909805298
34,82,RGB,left,32,0.33018752932548523,24.879920959472656,24.750465393066406
34,82,RGB,right,32,0.5925565958023071,0.7320835590362549,1.1940383911132812
34,82,BGR,left,32,8.031668663024902,19.231975555419922,24.750465393066406
34,82,BGR,right,32,0.6632212400436401,0.9312839508056641,1.1940383911132812
34,83,RGB,left,32,0.6019644737243652,20.60861587524414,20.634260177612305
34,83,RGB,right,32,0.4376665949821472,0.7368227243423462,1.1105926036834717
34,83,BGR,left,32,6.184260845184326,16.75858497619629,20.634260177612305
34,83,BGR,right,32,0.6366990804672241,0.9427791237831116,1.1105926036834717
34,84,RGB,left,32,0.5994488596916199,17.951480865478516,17.856632232666016
34,84,RGB,right,32,0.26745834946632385,0.8560954332351685,1.0357060432434082
34,84,BGR,left,32,4.7329607009887695,16.60125160217285,17.856632232666016
34,84,BGR,right,32,0.7088797092437744,1.2573686838150024,1.0357060432434082
34,85,RGB,left,32,1.7245545387268066,14.829392433166504,16.109540939331055
34,85,RGB,right,32,0.2083781361579895,1.0196712017059326,1.0237356424331665
34,85,BGR,left,32,3.665227174758911,15.407024383544922,16.109540939331055
34,85,BGR,right,32,0.653108537197113,1.188254714012146,1.0237356424331665
34,86,RGB,left,32,1.665084719657898,13.13827133178711,14.527987480163574
34,86,RGB,right,32,0.2481003701686859,1.0309220552444458,1.101111650466919
34,86,BGR,left,32,2.8207297325134277,14.87243366241455,14.527987480163574
34,86,BGR,right,32,0.6895861029624939,1.2310410737991333,1.101111650466919
34,87,RGB,left,32,1.1430339813232422,11.709332466125488,12.66478157043457
34,87,RGB,right,32,0.24197039008140564,1.0892339944839478,1.144181728363037
34,87,BGR,left,32,2.3208444118499756,14.535602569580078,12.66478157043457
34,87,BGR,right,32,0.5933601260185242,1.1431976556777954,1.144181728363037
34,88,RGB,left,32,0.8645228147506714,10.167046546936035,10.643661499023438
34,88,RGB,right,32,0.3232519030570984,0.9341895580291748,1.1214408874511719
34,88,BGR,left,32,3.114131212234497,13.61959457397461,10.643661499023438
34,88,BGR,right,32,0.7600939869880676,1.2298920154571533,1.1214408874511719
34,89,RGB,left,32,1.1500492095947266,8.913429260253906,9.218356132507324
34,89,RGB,right,32,0.392784059047699,0.7738690972328186,1.1187536716461182
34,89,BGR,left,32,3.694153308868408,12.77674674987793,9.218356132507324
34,89,BGR,right,32,1.0503227710723877,1.5015668869018555,1.1187536716461182
34,90,RGB,left,32,0.3708789646625519,8.806168556213379,8.858441352844238
34,90,RGB,right,32,0.19558656215667725,1.0032739639282227,1.176098108291626
34,90,BGR,left,32,3.9266693592071533,12.520572662353516,8.858441352844238
34,90,BGR,right,32,0.9693446755409241,1.2985516786575317,1.176098108291626
34,91,RGB,left,32,0.579044759273529,8.311996459960938,8.913034439086914
34,91,RGB,right,32,0.46064671874046326,0.8162731528282166,1.2496646642684937
34,91,BGR,left,32,3.218989849090576,11.428646087646484,8.913034439086914
34,91,BGR,right,32,0.990760862827301,1.2092334032058716,1.2496646642684937
34,92,RGB,left,32,0.9041541814804077,7.944079875946045,8.65076732635498
34,92,RGB,right,32,0.27345511317253113,1.016106367111206,1.3512649536132812
34,92,BGR,left,32,3.983008623123169,11.64401912689209,8.65076732635498
34,92,BGR,right,32,1.0864551067352295,1.2518525123596191,1.3512649536132812
34,93,RGB,left,32,0.6519476175308228,7.3125996589660645,7.922052383422852
34,93,RGB,right,32,0.4292528033256531,0.9385398626327515,1.4220845699310303
34,93,BGR,left,32,3.213008403778076,10.273387908935547,7.922052383422852
34,93,BGR,right,32,1.3632065057754517,1.1865270137786865,1.4220845699310303
34,94,RGB,left,32,0.3870077431201935,7.034243106842041,7.3180832862854
34,94,RGB,right,32,0.6070452928543091,1.0388046503067017,1.430765986442566
34,94,BGR,left,32,4.377388000488281,10.420225143432617,7.3180832862854
34,94,BGR,right,32,1.8133443593978882,1.2669053077697754,1.430765986442566
34,95,RGB,left,32,0.7491393685340881,6.587078094482422,7.12229061126709
34,95,RGB,right,32,0.4416906237602234,1.1394052505493164,1.491888403892517
34,95,BGR,left,32,3.8098459243774414,9.200692176818848,7.12229061126709
34,95,BGR,right,32,1.8603744506835938,1.0885564088821411,1.491888403892517
34,96,RGB,left,32,1.1730616092681885,5.933640480041504,7.044971942901611
34,96,RGB,right,32,0.5677357316017151,1.3409446477890015,1.6072465181350708
34,96,BGR,left,32,2.7026288509368896,8.013863563537598,7.044971942901611
34,96,BGR,right,32,2.1803722381591797,1.1603708267211914,1.6072465181350708
34,97,RGB,left,32,1.2890748977661133,5.397161483764648,6.64402437210083
34,97,RGB,right,32,0.7043060064315796,1.7109547853469849,1.645062804222107
34,97,BGR,left,32,2.318235158920288,6.987711429595947,6.64402437210083
34,97,BGR,right,32,1.9857580661773682,0.7115947008132935,1.645062804222107
34,98,RGB,left,32,1.1204395294189453,4.896725654602051,6.010655403137207
34,98,RGB,right,32,0.5359539985656738,1.7731611728668213,1.5898256301879883
34,98,BGR,left,32,2.056657314300537,6.570180416107178,6.010655403137207
34,98,BGR,right,32,2.166898012161255,0.8624818921089172,1.5898256301879883
34,99,RGB,left,32,1.028312087059021,4.748512268066406,5.712392330169678
34,99,RGB,right,32,0.4824844002723694,1.8009334802627563,1.6015316247940063
34,99,BGR,left,32,2.4323267936706543,6.561755180358887,5.712392330169678
34,99,BGR,right,32,2.0364761352539062,0.6141448616981506,1.6015316247940063
34,100,RGB,left,32,0.569674015045166,4.993643760681152,5.48595666885376
34,100,RGB,right,32,0.3824695944786072,1.755231261253357,1.6763441562652588
34,100,BGR,left,32,1.852118968963623,6.059354782104492,5.48595666885376
34,100,BGR,right,32,1.9855384826660156,0.504749596118927,1.6763441562652588
34,101,RGB,left,32,0.73447185754776,5.2022905349731445,5.098613739013672
34,101,RGB,right,32,0.40803858637809753,1.8368080854415894,1.6667139530181885
34,101,BGR,left,32,2.3426544666290283,6.269942760467529,5.098613739013672
34,101,BGR,right,32,1.8822333812713623,0.35005903244018555,1.6667139530181885
34,102,RGB,left,32,0.9343742728233337,5.385305881500244,4.775697231292725
34,102,RGB,right,32,0.23414112627506256,1.6561914682388306,1.561806559562683
34,102,BGR,left,32,3.341114044189453,7.100104331970215,4.775697231292725
34,102,BGR,right,32,2.0230419635772705,0.6195757389068604,1.561806559562683
34,103,RGB,left,32,0.8814483880996704,5.442564010620117,4.893385887145996
34,103,RGB,right,32,0.27413859963417053,1.6064821481704712,1.4822851419448853
34,103,BGR,left,32,3.457458257675171,7.487863540649414,4.893385887145996
34,103,BGR,right,32,1.9511909484863281,0.5860966444015503,1.4822851419448853
34,104,RGB,left,32,0.46385321021080017,5.823657035827637,5.518852710723877
34,104,RGB,right,32,0.16949330270290375,1.5453896522521973,1.4806615114212036
34,104,BGR,left,32,3.1577587127685547,7.705772876739502,5.518852710723877
34,104,BGR,right,32,1.852684736251831,0.43636056780815125,1.4806615114212036
34,105,RGB,left,32,0.33033129572868347,5.735022068023682,6.063405513763428
34,105,RGB,right,32,0.23348234593868256,1.4144268035888672,1.4983478784561157
34,105,BGR,left,32,2.6691157817840576,7.48643684387207,6.063405513763428
34,105,BGR,right,32,1.9576539993286133,0.5485949516296387,1.4983478784561157
34,106,RGB,left,32,0.5885760188102722,6.005549907684326,6.147048473358154
34,106,RGB,right,32,0.21756146848201752,1.3072720766067505,1.5039515495300293
34,106,BGR,left,32,3.2601888179779053,8.14549446105957,6.147048473358154
34,106,BGR,right,32,1.856376051902771,0.5336500406265259,1.5039515495300293
34,107,RGB,left,32,0.6730111241340637,6.606945514678955,6.009259223937988
34,107,RGB,right,32,0.26473695039749146,1.2088515758514404,1.4366264343261719
34,107,BGR,left,32,3.5786116123199463,8.396492004394531,6.009259223937988
34,107,BGR,right,32,1.7487705945968628,0.4694052040576935,1.4366264343261719
34,108,RGB,left,32,0.5511519312858582,6.624181747436523,6.095807075500488
34,108,RGB,right,32,0.16034075617790222,1.1021846532821655,1.2864826917648315
34,108,BGR,left,32,4.051266670227051,8.492731094360352,6.095807075500488
34,108,BGR,right,32,1.245862364768982,0.3754441738128662,1.2864826917648315
34,109,RGB,left,32,0.4839465320110321,6.671746253967285,6.433157444000244
34,109,RGB,right,32,0.3040325343608856,0.9317736625671387,1.1789132356643677
34,109,BGR,left,32,3.517037868499756,7.911829471588135,6.433157444000244
34,109,BGR,right,32,1.0866405963897705,0.35864880681037903,1.1789132356643677
34,110,RGB,left,32,0.5166758298873901,6.6751017570495605,6.740026950836182
34,110,RGB,right,32,0.3968349099159241,0.7938439846038818,1.1486939191818237
34,110,BGR,left,32,4.324779033660889,8.751965522766113,6.740026950836182
34,110,BGR,right,32,1.042726993560791,0.3679187595844269,1.1486939191818237
34,111,RGB,left,32,0.5694305896759033,6.631418228149414,6.711938381195068
34,111,RGB,right,32,0.4477386176586151,0.7193049192428589,1.065815806388855
34,111,BGR,left,32,4.311118125915527,8.638396263122559,6.711938381195068
34,111,BGR,right,32,0.9370176196098328,0.322782039642334,1.065815806388855
34,112,RGB,left,32,0.9954885840415955,6.529402732849121,6.300806999206543
34,112,RGB,right,32,0.2773817181587219,0.6753087043762207,0.882188081741333
34,112,BGR,left,32,4.58531379699707,8.531427383422852,6.300806999206543
34,112,BGR,right,32,0.640430212020874,0.40101924538612366,0.882188081741333
34,113,RGB,left,32,0.4917566478252411,5.943710803985596,5.915238857269287
34,113,RGB,right,32,0.4016188383102417,0.4965709447860718,0.7388706207275391
34,113,BGR,left,32,4.596595287322998,8.06950569152832,5.915238857269287
34,113,BGR,right,32,0.38637927174568176,0.408499151468277,0.7388706207275391
34,114,RGB,left,32,0.11729186773300171,5.486709117889404,5.7021660804748535
34,114,RGB,right,32,0.44937947392463684,0.39650779962539673,0.6530484557151794
34,114,BGR,left,32,4.518167018890381,7.83466911315918,5.7021660804748535
34,114,BGR,right,32,0.3037142753601074,0.42805594205856323,0.6530484557151794
34,115,RGB,left,32,0.8052401542663574,5.500427722930908,5.485245227813721
34,115,RGB,right,32,0.3199447989463806,0.47042664885520935,0.5891311168670654
34,115,BGR,left,32,4.737541198730469,8.0912504196167,5.485245227813721
34,115,BGR,right,32,0.27178648114204407,0.47192269563674927,0.5891311168670654
34,116,RGB,left,32,1.0378069877624512,5.206276893615723,5.29586935043335
34,116,RGB,right,32,0.4530772268772125,0.39691177010536194,0.5422361493110657
34,116,BGR,left,32,4.602697849273682,7.752005100250244,5.29586935043335
34,116,BGR,right,32,0.44468608498573303,0.5143924355506897,0.5422361493110657
34,117,RGB,left,32,1.158630609512329,5.147221565246582,5.142955303192139
34,117,RGB,right,32,0.33044952154159546,0.45657822489738464,0.526063859462738
34,117,BGR,left,32,4.422572135925293,7.539094924926758,5.142955303192139
34,117,BGR,right,32,0.5747197866439819,0.45327869057655334,0.526063859462738
34,118,RGB,left,32,0.8114078640937805,5.152613639831543,4.969921112060547
34,118,RGB,right,32,0.1440144032239914,0.5173134207725525,0.5277136564254761
34,118,BGR,left,32,3.960117816925049,7.298866271972656,4.969921112060547
34,118,BGR,right,32,0.7780519723892212,0.47981417179107666,0.5277136564254761
34,119,RGB,left,32,0.514301598072052,4.354857921600342,4.679515838623047
34,119,RGB,right,32,0.07868492603302002,0.4481984078884125,0.5597756505012512
34,119,BGR,left,32,3.0935556888580322,6.4573750495910645,4.679515838623047
34,119,BGR,right,32,1.0784804821014404,0.6363787651062012,0.5597756505012512
34,120,RGB,left,32,0.6495833992958069,4.607330799102783,4.246642112731934
34,120,RGB,right,32,0.1753704845905304,0.4906333088874817,0.6248999834060669
34,120,BGR,left,32,2.9390463829040527,6.378599166870117,4.246642112731934
34,120,BGR,right,32,1.0448447465896606,0.5418099164962769,0.6248999834060669
34,121,RGB,left,32,0.723196804523468,4.302285671234131,3.7827699184417725
34,121,RGB,right,32,0.20687010884284973,0.6605972051620483,0.6508761048316956
34,121,BGR,left,32,2.714158535003662,5.827841281890869,3.7827699184417725
34,121,BGR,right,32,0.8928109407424927,0.36978378891944885,0.6508761048316956
34,122,RGB,left,32,0.769175112247467,3.727161407470703,3.3756213188171387
34,122,RGB,right,32,0.08367032557725906,0.6219921708106995,0.6503482460975647
34,122,BGR,left,32,3.3481950759887695,5.961392879486084,3.3756213188171387
34,122,BGR,right,32,0.7873764634132385,0.4688069820404053,0.6503482460975647
34,123,RGB,left,32,0.5812481641769409,3.2779905796051025,3.036536455154419
34,123,RGB,right,32,0.09330160170793533,0.6210036873817444,0.6663420796394348
34,123,BGR,left,32,2.643076181411743,5.1104326248168945,3.036536455154419
34,123,BGR,right,32,0.6152409911155701,0.3550465404987335,0.6663420796394348
34,124,RGB,left,32,0.751876711845398,2.9672458171844482,2.684502363204956
34,124,RGB,right,32,0.21689583361148834,0.8112342357635498,0.6911795139312744
34,124,BGR,left,32,2.7477400302886963,4.991200923919678,2.684502363204956
34,124,BGR,right,32,0.3242785632610321,0.5472545027732849,0.6911795139312744
34,125,RGB,left,32,0.30422869324684143,2.397334575653076,2.2886767387390137
34,125,RGB,right,32,0.18255409598350525,0.7749390006065369,0.674881637096405
34,125,BGR,left,32,3.0369203090667725,4.685154438018799,2.2886767387390137
34,125,BGR,right,32,0.35902655124664307,0.5086742043495178,0.674881637096405
34,126,RGB,left,32,0.7412036657333374,2.0720055103302,1.9606537818908691
34,126,RGB,right,32,0.19340313971042633,0.7120221257209778,0.6237214803695679
34,126,BGR,left,32,2.61700701713562,3.869418144226074,1.9606537818908691
34,126,BGR,right,32,0.3091736435890198,0.5156787037849426,0.6237214803695679
34,127,RGB,left,32,0.23374271392822266,1.9012221097946167,1.8455169200897217
34,127,RGB,right,32,0.25480255484580994,0.7335233688354492,0.5582700371742249
34,127,BGR,left,32,3.6121556758880615,4.080359935760498,1.8455169200897217
34,127,BGR,right,32,0.3010612428188324,0.5628352761268616,0.5582700371742249
34,128,RGB,left,32,0.23927630484104156,1.7108591794967651,1.8740344047546387
34,128,RGB,right,32,0.22593708336353302,0.648959755897522,0.4937760531902313
34,128,BGR,left,32,4.002767562866211,3.9454450607299805,1.8740344047546387
34,128,BGR,right,32,0.23179495334625244,0.491148978471756,0.4937760531902313
34,129,RGB,left,32,0.22885730862617493,2.0952529907226562,2.037780284881592
34,129,RGB,right,32,0.3086436986923218,0.6749930381774902,0.45452335476875305
34,129,BGR,left,32,3.8614723682403564,3.447423219680786,2.037780284881592
34,129,BGR,right,32,0.30985769629478455,0.5980181694030762,0.45452335476875305
34,130,RGB,left,32,0.39126715064048767,1.8680285215377808,2.31457781791687
34,130,RGB,right,32,0.2913108468055725,0.5671592950820923,0.44041022658348083
34,130,BGR,left,32,3.6210381984710693,2.743858814239502,2.31457781791687
34,130,BGR,right,32,0.36003756523132324,0.4925842583179474,0.44041022658348083
34,131,RGB,left,32,0.6429504752159119,2.5570719242095947,2.638443946838379
34,131,RGB,right,32,0.19696994125843048,0.4815636873245239,0.4417291581630707
34,131,BGR,left,32,2.5788419246673584,1.4113805294036865,2.638443946838379
34,131,BGR,right,32,0.35496070981025696,0.28780055046081543,0.4417291581630707
34,132,RGB,left,32,0.396106481552124,2.5155155658721924,3.019545793533325
34,132,RGB,right,32,0.2651681900024414,0.5126064419746399,0.4537512958049774
34,132,BGR,left,32,3.5065064430236816,1.79047691822052,3.019545793533325
34,132,BGR,right,32,0.26278144121170044,0.37398073077201843,0.4537512958049774
34,133,RGB,left,32,0.7823337912559509,2.5437424182891846,3.3570382595062256
34,133,RGB,right,32,0.267736554145813,0.5156885385513306,0.4550415277481079
34,133,BGR,left,32,3.3254776000976562,1.7211686372756958,3.3570382595062256
34,133,BGR,right,32,0.2827536165714264,0.2564488351345062,0.4550415277481079
34,134,RGB,left,32,0.9766892790794373,2.495692491531372,3.4898881912231445
34,134,RGB,right,32,0.2961128056049347,0.39435142278671265,0.4373685121536255
34,134,BGR,left,32,2.857834577560425,1.8461662530899048,3.4898881912231445
34,134,BGR,right,32,0.4123489260673523,0.2815142273902893,0.4373685121536255
34,135,RGB,left,32,0.692330539226532,2.770620346069336,3.4595096111297607
34,135,RGB,right,32,0.11551067978143692,0.44513002038002014,0.4177318215370178
34,135,BGR,left,32,2.9160244464874268,1.8567076921463013,3.4595096111297607
34,135,BGR,right,32,0.3592238128185272,0.26952600479125977,0.4177318215370178
34,136,RGB,left,32,0.4363960325717926,3.600381851196289,3.7281057834625244
34,136,RGB,right,32,0.0492563396692276,0.45303186774253845,0.4150666892528534
34,136,BGR,left,32,1.6982500553131104,3.3660027980804443,3.7281057834625244
34,136,BGR,right,32,0.4672345221042633,0.39383456110954285,0.4150666892528534
34,137,RGB,left,32,0.5326246023178101,4.057960033416748,4.4103264808654785
34,137,RGB,right,32,0.1948370635509491,0.5019667148590088,0.4315197169780731
34,137,BGR,left,32,2.0621514320373535,5.382330894470215,4.4103264808654785
34,137,BGR,right,32,0.5025403499603271,0.5695478916168213,0.4315197169780731
34,138,RGB,left,32,0.5391556024551392,4.644634246826172,4.983707427978516
34,138,RGB,right,32,0.2505626678466797,0.4444161355495453,0.4388059675693512
34,138,BGR,left,32,1.30543851852417,5.611928462982178,4.983707427978516
34,138,BGR,right,32,0.5756258964538574,0.6426377296447754,0.4388059675693512
34,139,RGB,left,32,1.1323879957199097,6.049858570098877,5.285968780517578
34,139,RGB,right,32,0.27193278074264526,0.46240073442459106,0.41541555523872375
34,139,BGR,left,32,3.455474853515625,8.392616271972656,5.285968780517578
34,139,BGR,right,32,0.7534723281860352,0.7840961813926697,0.41541555523872375
34,140,RGB,left,32,1.4769508838653564,7.042909622192383,5.974420547485352
34,140,RGB,right,32,0.3214016854763031,0.5171820521354675,0.4053034782409668
34,140,BGR,left,32,4.011197090148926,9.70462703704834,5.974420547485352
34,140,BGR,right,32,0.6059468388557434,0.7835796475410461,0.4053034782409668
34,141,RGB,left,32,2.1024363040924072,9.64916706085205,7.64583158493042
34,141,RGB,right,32,0.31407424807548523,0.644502580165863,0.49414822459220886
34,141,BGR,left,32,7.625284671783447,15.135130882263184,7.64583158493042
34,141,BGR,right,32,0.7383282780647278,1.0116122961044312,0.49414822459220886
34,142,RGB,left,32,0.8846848607063293,8.988581657409668,9.795985221862793
34,142,RGB,right,32,0.2938208281993866,0.564818263053894,0.647034227848053
34,142,BGR,left,32,2.8884530067443848,12.2710599899292,9.795985221862793
34,142,BGR,right,32,0.5212279558181763,0.8746113181114197,0.647034227848053
34,143,RGB,left,32,0.9800859093666077,11.016944885253906,11.857091903686523
34,143,RGB,right,32,0.354729026556015,0.6915601491928101,0.8081713318824768
34,143,BGR,left,32,3.4137914180755615,15.044782638549805,11.857091903686523
34,143,BGR,right,32,0.43980318307876587,0.891732394695282,0.8081713318824768
34,144,RGB,left,32,0.9171573519706726,12.699378967285156,13.451939582824707
34,144,RGB,right,32,0.3905682861804962,0.8551100492477417,0.949447512626648
34,144,BGR,left,32,2.8122646808624268,16.045169830322266,13.451939582824707
34,144,BGR,right,32,0.36515945196151733,0.8625131845474243,0.949447512626648
34,145,RGB,left,32,0.7464905977249146,15.244908332824707,14.516219139099121
34,145,RGB,right,32,0.10731702297925949,1.1322630643844604,1.040112018585205
34,145,BGR,left,32,4.689838886260986,18.9470272064209,14.516219139099121
34,145,BGR,right,32,0.23167969286441803,0.9366514682769775,1.040112018585205
34,146,RGB,left,32,1.7689107656478882,18.085649490356445,16.3330135345459
34,146,RGB,right,32,0.1621854156255722,1.254701018333435,1.1041712760925293
34,146,BGR,left,32,5.680374622344971,21.779735565185547,16.3330135345459
34,146,BGR,right,32,0.18639427423477173,1.0115050077438354,1.1041712760925293
34,147,RGB,left,32,0.6751620173454285,19.015169143676758,19.623815536499023
34,147,RGB,right,32,0.20827975869178772,1.2019444704055786,1.1892863512039185
34,147,BGR,left,32,2.703648328781128,21.695037841796875,19.623815536499023
34,147,BGR,right,32,0.3367787301540375,0.9187710285186768,1.1892863512039185
34,148,RGB,left,32,1.0057591199874878,21.6236629486084,22.610750198364258
34,148,RGB,right,32,0.298503041267395,1.5316532850265503,1.261114239692688
34,148,BGR,left,32,2.238473653793335,23.825252532958984,22.610750198364258
34,148,BGR,right,32,0.2867935299873352,1.0387802124023438,1.261114239692688
34,149,RGB,left,32,0.7520357966423035,23.969768524169922,24.406171798706055
34,149,RGB,right,32,0.2413487732410431,1.3446619510650635,1.2236577272415161
34,149,BGR,left,32,2.1092278957366943,25.621440887451172,24.406171798706055
34,149,BGR,right,32,0.5509935021400452,0.8535363674163818,1.2236577272415161
34,150,RGB,left,32,0.5023536086082458,25.79044532775879,25.997148513793945
34,150,RGB,right,32,0.2541312873363495,1.3348850011825562,1.1152299642562866
34,150,BGR,left,32,2.5043272972106934,27.49346351623535,25.997148513793945
34,150,BGR,right,32,0.46577975153923035,0.9257384538650513,1.1152299642562866
34,151,RGB,left,32,0.3253796696662903,28.0118408203125,27.9671688079834
34,151,RGB,right,32,0.18216925859451294,1.1630629301071167,1.0093507766723633
34,151,BGR,left,32,2.5092921257019043,28.92609214782715,27.9671688079834
34,151,BGR,right,32,0.25716865062713623,1.0490878820419312,1.0093507766723633
34,152,RGB,left,32,0.5067874789237976,30.82695960998535,30.433990478515625
34,152,RGB,right,32,0.17944775521755219,0.9094340205192566,0.9178257584571838
34,152,BGR,left,32,2.582315444946289,31.585622787475586,30.433990478515625
34,152,BGR,right,32,0.33668163418769836,0.9873643517494202,0.9178257584571838
34,153,RGB,left,32,0.8763121366500854,32.587833404541016,33.225826263427734
34,153,RGB,right,32,0.23211871087551117,0.7754338383674622,0.8693584203720093
34,153,BGR,left,32,2.9569883346557617,32.021453857421875,33.225826263427734
34,153,BGR,right,32,0.23829285800457,0.8883136510848999,0.8693584203720093
34,154,RGB,left,32,1.185241937637329,34.02804946899414,34.86903381347656
34,154,RGB,right,32,0.21309331059455872,0.7962489128112793,0.8668601512908936
34,154,BGR,left,32,2.4991652965545654,35.41226577758789,34.86903381347656
34,154,BGR,right,32,0.35582610964775085,0.9728195071220398,0.8668601512908936
34,155,RGB,left,32,0.821605384349823,33.42869186401367,34.167903900146484
34,155,RGB,right,32,0.2604842483997345,0.7253133058547974,0.8450855612754822
34,155,BGR,left,32,2.9814934730529785,35.31409454345703,34.167903900146484
34,155,BGR,right,32,0.325025737285614,0.934413731098175,0.8450855612754822
34,156,RGB,left,32,1.9844626188278198,34.67738723754883,32.69939422607422
34,156,RGB,right,32,0.3657396733760834,0.6249945759773254,0.8106818795204163
34,156,BGR,left,32,5.48064661026001,37.45451354980469,32.69939422607422
34,156,BGR,right,32,0.43956655263900757,1.2088398933410645,0.8106818795204163
34,157,RGB,left,32,0.7415304780006409,32.64458465576172,32.966644287109375
34,157,RGB,right,32,0.46653613448143005,0.5440781116485596,0.9557299017906189
34,157,BGR,left,32,5.53416109085083,37.667335510253906,32.966644287109375
34,157,BGR,right,32,0.4002822935581207,1.0749331712722778,0.9557299017906189
34,158,RGB,left,32,0.6884991526603699,35.30126190185547,34.81645584106445
34,158,RGB,right,32,0.5555997490882874,0.9336819648742676,1.3082771301269531
34,158,BGR,left,32,4.071425437927246,37.611297607421875,34.81645584106445
34,158,BGR,right,32,0.3409658968448639,1.1720612049102783,1.3082771301269531
34,159,RGB,left,32,0.8553411960601807,34.98644256591797,35.34107208251953
34,159,RGB,right,32,0.5764005780220032,1.0836124420166016,1.6145119667053223
34,159,BGR,left,32,4.310514450073242,38.450599670410156,35.34107208251953
34,159,BGR,right,32,0.5898754000663757,1.2383350133895874,1.6145119667053223
34,160,RGB,left,32,1.1372328996658325,36.465457916259766,35.41364288330078
34,160,RGB,right,32,0.653448760509491,1.3580248355865479,1.8919355869293213
34,160,BGR,left,32,4.258131504058838,38.23550796508789,35.41364288330078
34,160,BGR,right,32,0.7640730738639832,1.2379766702651978,1.8919355869293213
34,161,RGB,left,32,1.8610334396362305,38.59352111816406,36.78559875488281
34,161,RGB,right,32,0.5670542120933533,1.765435814857483,2.2419323921203613
34,161,BGR,left,32,3.8307766914367676,38.95067596435547,36.78559875488281
34,161,BGR,right,32,0.9839951395988464,1.3596010208129883,2.2419323921203613
34,162,RGB,left,32,1.587896466255188,36.596458435058594,38.039398193359375
34,162,RGB,right,32,0.5377041697502136,2.1238462924957275,2.533146858215332
34,162,BGR,left,32,4.209670543670654,38.50510787963867,38.039398193359375
34,162,BGR,right,32,1.3644225597381592,1.2276681661605835,2.533146858215332
34,163,RGB,left,32,0.705293595790863,39.09867858886719,38.98065185546875
34,163,RGB,right,32,0.4153518080711365,2.462599039077759,2.721823215484619
34,163,BGR,left,32,4.732611179351807,38.92276382446289,38.98065185546875
34,163,BGR,right,32,1.2827988862991333,1.501907229423523,2.721823215484619
34,164,RGB,left,32,3.053276777267456,36.53925323486328,39.50489807128906
34,164,RGB,right,32,0.5167132019996643,2.4123871326446533,2.8028268814086914
34,164,BGR,left,32,5.753634929656982,36.629520416259766,39.50489807128906
34,164,BGR,right,32,1.534557819366455,1.3077970743179321,2.8028268814086914
34,165,RGB,left,32,1.1894357204437256,36.73702621459961,37.85711669921875
34,165,RGB,right,32,0.3144529461860657,2.424009084701538,2.6584181785583496
34,165,BGR,left,32,5.294740676879883,35.22829055786133,37.85711669921875
34,165,BGR,right,32,1.3437696695327759,1.451056718826294,2.6584181785583496
34,166,RGB,left,32,1.8019232749938965,34.802425384521484,35.61220932006836
34,166,RGB,right,32,0.5447807908058167,1.8351364135742188,2.3517911434173584
34,166,BGR,left,32,4.029347896575928,35.063228607177734,35.61220932006836
34,166,BGR,right,32,1.4126133918762207,1.039133906364441,2.3517911434173584
34,167,RGB,left,32,2.2867250442504883,34.05112838745117,36.22251510620117
34,167,RGB,right,32,0.4849146902561188,1.692033290863037,2.126615047454834
34,167,BGR,left,32,6.377150535583496,35.00025177001953,36.22251510620117
34,167,BGR,right,32,1.065027117729187,1.2040855884552002,2.126615047454834
34,168,RGB,left,32,1.7100318670272827,35.27346420288086,36.56499099731445
34,168,RGB,right,32,0.8245537281036377,1.0735541582107544,1.877550721168518
34,168,BGR,left,32,6.056278228759766,35.53353500366211,36.56499099731445
34,168,BGR,right,32,1.0177292823791504,1.0586224794387817,1.877550721168518
34,169,RGB,left,32,1.5564653873443604,33.07292175292969,34.53780746459961
34,169,RGB,right,32,0.676941990852356,0.8260000944137573,1.48373281955719
34,169,BGR,left,32,6.768070697784424,35.23534393310547,34.53780746459961
34,169,BGR,right,32,0.6696832776069641,0.9769895076751709,1.48373281955719
34,170,RGB,left,32,0.847301185131073,32.44750213623047,32.95410919189453
34,170,RGB,right,32,0.31559184193611145,0.7650852799415588,1.1424044370651245
34,170,BGR,left,32,5.927663326263428,32.656925201416016,32.95410919189453
34,170,BGR,right,32,0.4149658977985382,0.9361400008201599,1.1424044370651245
34,171,RGB,left,32,0.7055112719535828,31.837169647216797,32.61536407470703
34,171,RGB,right,32,0.4847717583179474,0.5100518465042114,0.9152132272720337
34,171,BGR,left,32,5.767289161682129,31.775991439819336,32.61536407470703
34,171,BGR,right,32,0.3934656083583832,0.6675392389297485,0.9152132272720337
34,172,RGB,left,32,1.558637261390686,31.60907745361328,33.07698440551758
34,172,RGB,right,32,0.3862709403038025,0.42939573526382446,0.7776502370834351
34,172,BGR,left,32,6.83020544052124,30.814464569091797,33.07698440551758
34,172,BGR,right,32,0.3718906044960022,0.5562971234321594,0.7776502370834351
34,173,RGB,left,32,2.6770663261413574,31.976293563842773,33.971397399902344
34,173,RGB,right,32,0.5076528191566467,0.535330593585968,0.7368338108062744
34,173,BGR,left,32,8.415122032165527,32.33894348144531,33.971397399902344
34,173,BGR,right,32,0.36276498436927795,0.48882123827934265,0.7368338108062744
34,174,RGB,left,32,1.2195686101913452,32.74808120727539,33.20301818847656
34,174,RGB,right,32,0.38747110962867737,0.5082212090492249,0.7107696533203125
34,174,BGR,left,32,9.445076942443848,32.866722106933594,33.20301818847656
34,174,BGR,right,32,0.4644179940223694,0.5465875267982483,0.7107696533203125
34,175,RGB,left,32,0.5526283979415894,30.192527770996094,30.27776527404785
34,175,RGB,right,32,0.7310189008712769,0.785193681716919,0.6457842588424683
34,175,BGR,left,32,7.682156085968018,31.09344482421875,30.27776527404785
34,175,BGR,right,32,0.41508546471595764,0.37406933307647705,0.6457842588424683
34,176,RGB,left,32,0.9622041583061218,28.79547691345215,28.952375411987305
34,176,RGB,right,32,0.5991893410682678,0.8490729331970215,0.6441642045974731
34,176,BGR,left,32,7.577220439910889,30.98822784423828,28.952375411987305
34,176,BGR,right,32,0.4400714933872223,0.44869083166122437,0.6441642045974731
34,177,RGB,left,32,2.0527944564819336,28.438766479492188,30.242887496948242
34,177,RGB,right,32,0.40229931473731995,0.7052922248840332,0.7346044182777405
34,177,BGR,left,32,8.888224601745605,28.67180824279785,30.242887496948242
34,177,BGR,right,32,0.6334546208381653,0.33677229285240173,0.7346044182777405
34,178,RGB,left,32,1.5849865674972534,29.60735321044922,31.187116622924805
34,178,RGB,right,32,0.6836537718772888,1.3080644607543945,0.7951779365539551
34,178,BGR,left,32,8.114827156066895,29.177387237548828,31.187116622924805
34,178,BGR,right,32,0.4629601836204529,0.4471539855003357,0.7951779365539551
34,179,RGB,left,32,1.3547215461730957,30.223209381103516,31.17580795288086
34,179,RGB,right,32,0.8138455152511597,1.5594605207443237,0.8243094682693481
34,179,BGR,left,32,5.661775588989258,30.774471282958984,31.17580795288086
34,179,BGR,right,32,0.4597592055797577,0.5698858499526978,0.8243094682693481
34,180,RGB,left,32,1.762286901473999,29.989334106445312,31.133302688598633
34,180,RGB,right,32,0.4048251211643219,1.1111234426498413,0.8732531666755676
34,180,BGR,left,32,7.071659088134766,28.28586196899414,31.133302688598633
34,180,BGR,right,32,0.8017473220825195,0.508441686630249,0.8732531666755676
34,181,RGB,left,32,2.8188540935516357,28.618677139282227,31.262346267700195
34,181,RGB,right,32,0.5851377248764038,1.3955636024475098,0.9441550374031067
34,181,BGR,left,32,5.64540433883667,27.5557861328125,31.262346267700195
34,181,BGR,right,32,0.4300747811794281,0.707549512386322,0.9441550374031067
34,182,RGB,left,32,3.3415439128875732,28.258893966674805,31.301048278808594
34,182,RGB,right,32,0.30166420340538025,1.1163263320922852,1.0020768642425537
34,182,BGR,left,32,6.449217796325684,26.81745147705078,31.301048278808594
34,182,BGR,right,32,0.5198704600334167,0.535394549369812,1.0020768642425537
34,183,RGB,left,32,3.37939453125,27.677019119262695,31.04755210876465
34,183,RGB,right,32,0.4718365967273712,1.263439416885376,1.0220134258270264
34,183,BGR,left,32,6.189605712890625,26.86875343322754,31.04755210876465
34,183,BGR,right,32,0.29869234561920166,0.8523590564727783,1.0220134258270264
34,184,RGB,left,32,1.957581639289856,28.620914459228516,30.442867279052734
34,184,RGB,right,32,0.41599369049072266,1.1321792602539062,1.045310378074646
34,184,BGR,left,32,5.335070610046387,28.453554153442383,30.442867279052734
34,184,BGR,right,32,0.23880916833877563,0.9491235017776489,1.045310378074646
34,185,RGB,left,32,1.4938699007034302,28.832189559936523,29.66620445251465
34,185,RGB,right,32,0.5122463703155518,1.1134244203567505,1.1127488613128662
34,185,BGR,left,32,4.005928039550781,30.092885971069336,29.66620445251465
34,185,BGR,right,32,0.26750630140304565,1.0109045505523682,1.1127488613128662
34,186,RGB,left,32,2.3069279193878174,26.939682006835938,29.07068634033203
34,186,RGB,right,32,0.6983796954154968,1.147939920425415,1.2040117979049683
34,186,BGR,left,32,4.160807132720947,29.990304946899414,29.07068634033203
34,186,BGR,right,32,0.29079610109329224,1.0393574237823486,1.2040117979049683
34,187,RGB,left,32,0.5570920705795288,28.19181251525879,28.081188201904297
34,187,RGB,right,32,0.6485307812690735,1.310639500617981,1.2565538883209229
34,187,BGR,left,32,4.926137924194336,29.578323364257812,28.081188201904297
34,187,BGR,right,32,0.342282772064209,0.9933273792266846,1.2565538883209229
34,188,RGB,left,32,1.5396641492843628,27.883533477783203,26.37539291381836
34,188,RGB,right,32,0.5082250833511353,1.4367210865020752,1.2445573806762695
34,188,BGR,left,32,5.558617115020752,29.817407608032227,26.37539291381836
34,188,BGR,right,32,0.4464648365974426,1.3358783721923828,1.2445573806762695
34,189,RGB,left,32,1.1141239404678345,26.34235191345215,25.417049407958984
34,189,RGB,right,32,0.7408303618431091,1.273871660232544,1.2397328615188599
34,189,BGR,left,32,6.358015537261963,29.770132064819336,25.417049407958984
34,189,BGR,right,32,0.49218109250068665,1.0220677852630615,1.2397328615188599
34,190,RGB,left,32,0.6053448915481567,25.90508270263672,26.36739158630371
34,190,RGB,right,32,0.9778353571891785,1.4196219444274902,1.3318099975585938
34,190,BGR,left,32,5.700685024261475,29.779903411865234,26.36739158630371
34,190,BGR,right,32,0.5498748421669006,0.9536094665527344,1.3318099975585938
34,191,RGB,left,32,1.170577883720398,26.868789672851562,27.764169692993164
34,191,RGB,right,32,0.7983890175819397,1.5325062274932861,1.5033128261566162
34,191,BGR,left,32,4.960239410400391,29.37532615661621,27.764169692993164
34,191,BGR,right,32,0.5878480076789856,1.0672709941864014,1.5033128261566162
34,192,RGB,left,32,2.4004628658294678,25.264257431030273,27.553298950195312
34,192,RGB,right,32,0.97050940990448,1.551205039024353,1.6460164785385132
34,192,BGR,left,32,4.872628688812256,28.252761840820312,27.553298950195312
34,192,BGR,right,32,0.7210162878036499,1.1225905418395996,1.6460164785385132
34,193,RGB,left,32,1.0243867635726929,24.35202980041504,25.326398849487305
34,193,RGB,right,32,1.054543375968933,1.952808141708374,1.7028549909591675
34,193,BGR,left,32,5.099895477294922,26.93024253845215,25.326398849487305
34,193,BGR,right,32,0.6687718033790588,1.098178744316101,1.7028549909591675
34,194,RGB,left,32,0.522255539894104,23.290258407592773,23.160058975219727
34,194,RGB,right,32,0.8434027433395386,1.9237054586410522,1.7792528867721558
34,194,BGR,left,32,6.0692033767700195,26.176597595214844,23.160058975219727
34,194,BGR,right,32,0.8067207336425781,1.0148588418960571,1.7792528867721558
34,195,RGB,left,32,0.27444127202033997,22.580825805664062,22.348854064941406
34,195,RGB,right,32,0.7130085229873657,2.3753926753997803,1.9734423160552979
34,195,BGR,left,32,6.762533187866211,25.556636810302734,22.348854064941406
34,195,BGR,right,32,0.6997041702270508,1.2937757968902588,1.9734423160552979
34,196,RGB,left,32,1.1971789598464966,21.25443458557129,22.374774932861328
34,196,RGB,right,32,0.4892925024032593,2.35550856590271,2.2930707931518555
34,196,BGR,left,32,6.848862648010254,25.15166664123535,22.374774932861328
34,196,BGR,right,32,1.4674147367477417,0.9447378516197205,2.2930707931518555
34,197,RGB,left,32,0.5984625220298767,21.108827590942383,21.693984985351562
34,197,RGB,right,32,0.6052957773208618,2.5075876712799072,2.6575489044189453
34,197,BGR,left,32,5.452409267425537,23.384435653686523,21.693984985351562
34,197,BGR,right,32,1.9284772872924805,0.819487452507019,2.6575489044189453
34,198,RGB,left,32,0.8164719939231873,18.80514907836914,19.614700317382812
34,198,RGB,right,32,0.4325593113899231,2.6951255798339844,2.961853504180908
34,198,BGR,left,32,4.562737941741943,21.486852645874023,19.614700317382812
34,198,BGR,right,32,2.325542449951172,0.8531996607780457,2.961853504180908
34,199,RGB,left,32,0.3552027642726898,17.041568756103516,17.26377296447754
34,199,RGB,right,32,0.3815782964229584,3.2641146183013916,3.1366403102874756
34,199,BGR,left,32,4.451786518096924,20.05145263671875,17.26377296447754
34,199,BGR,right,32,2.4833760261535645,0.8255110383033752,3.1366403102874756
34,200,RGB,left,32,0.7717105150222778,15.958324432373047,15.240888595581055
34,200,RGB,right,32,0.3790541887283325,3.4026942253112793,3.2358150482177734
34,200,BGR,left,32,4.878503322601318,18.185924530029297,15.240888595581055
34,200,BGR,right,32,2.8003573417663574,0.6034954190254211,3.2358150482177734
34,201,RGB,left,32,0.5595801472663879,14.353897094726562,13.928520202636719
34,201,RGB,right,32,0.7470443248748779,4.239858627319336,3.5585062503814697
34,201,BGR,left,32,5.059440612792969,17.450563430786133,13.928520202636719
34,201,BGR,right,32,2.8825433254241943,0.7530213594436646,3.5585062503814697
34,202,RGB,left,32,0.6653854250907898,13.048687934875488,13.377955436706543
34,202,RGB,right,32,0.6211202144622803,4.670012950897217,4.184112548828125
34,202,BGR,left,32,3.921562910079956,16.34480094909668,13.377955436706543
34,202,BGR,right,32,3.4509880542755127,0.8414213061332703,4.184112548828125
34,203,RGB,left,32,0.4540712237358093,12.96545696258545,12.75820255279541
34,203,RGB,right,32,0.36398959159851074,4.820562839508057,4.714085578918457
34,203,BGR,left,32,3.8282172679901123,15.47464370727539,12.75820255279541
34,203,BGR,right,32,4.133634567260742,0.6004945635795593,4.714085578918457
34,204,RGB,left,32,1.1790164709091187,12.777058601379395,11.794815063476562
34,204,RGB,right,32,0.6533612608909607,4.529012203216553,5.032247543334961
34,204,BGR,left,32,3.5425808429718018,14.653413772583008,11.794815063476562
34,204,BGR,right,32,4.506420612335205,0.5007761716842651,5.032247543334961
34,205,RGB,left,32,0.589870810508728,11.082524299621582,10.71467399597168
34,205,RGB,right,32,0.4608326256275177,5.17134952545166,5.2656354904174805
34,205,BGR,left,32,3.67582368850708,13.440332412719727,10.71467399597168
34,205,BGR,right,32,4.544778347015381,0.6612929105758667,5.2656354904174805
34,206,RGB,left,32,1.431546688079834,10.603272438049316,9.762864112854004
34,206,RGB,right,32,0.34029534459114075,5.472719192504883,5.535421848297119
34,206,BGR,left,32,3.753610849380493,12.73487663269043,9.762864112854004
34,206,BGR,right,32,4.771604061126709,0.7447441816329956,5.535421848297119
34,207,RGB,left,32,0.8037793636322021,8.916193962097168,9.25311279296875
34,207,RGB,right,32,0.6148070693016052,6.278964519500732,6.031915187835693
34,207,BGR,left,32,3.8640780448913574,11.83073902130127,9.25311279296875
34,207,BGR,right,32,5.387056827545166,0.5343968272209167,6.031915187835693
34,208,RGB,left,32,0.9994968771934509,8.411470413208008,9.037604331970215
34,208,RGB,right,32,0.6650972366333008,6.164739608764648,6.827348709106445
34,208,BGR,left,32,4.259451389312744,12.575581550598145,9.037604331970215
34,208,BGR,right,32,6.097266674041748,0.7693044543266296,6.827348709106445
34,209,RGB,left,32,0.8020989298820496,8.371769905090332,8.403599739074707
34,209,RGB,right,32,1.207029938697815,6.467984199523926,7.648863792419434
34,209,BGR,left,32,5.079446315765381,12.085490226745605,8.403599739074707
34,209,BGR,right,32,7.028100490570068,0.5966252684593201,7.648863792419434
34,210,RGB,left,32,0.7620214819908142,7.246541500091553,7.143338680267334
34,210,RGB,right,32,0.11451538652181625,8.21342945098877,8.27982234954834
34,210,BGR,left,32,5.238193988800049,11.54091739654541,7.143338680267334
34,210,BGR,right,32,7.333354949951172,0.8134060502052307,8.27982234954834
34,211,RGB,left,32,1.0356084108352661,6.976693153381348,6.088644504547119
34,211,RGB,right,32,0.9481827616691589,8.721324920654297,9.027928352355957
34,211,BGR,left,32,3.996771812438965,9.519063949584961,6.088644504547119
34,211,BGR,right,32,8.372365951538086,0.7052946090698242,9.027928352355957
34,212,RGB,left,32,0.5261178016662598,5.842747211456299,5.582226753234863
34,212,RGB,right,32,0.7790969014167786,9.77419662475586,10.030085563659668
34,212,BGR,left,32,4.251406669616699,9.222965240478516,5.582226753234863
34,212,BGR,right,32,9.465193748474121,0.76193767786026,10.030085563659668
34,213,RGB,left,32,0.5648118257522583,5.237809181213379,5.36229944229126
34,213,RGB,right,32,0.41138559579849243,10.909419059753418,11.216146469116211
34,213,BGR,left,32,3.996818780899048,8.205622673034668,5.36229944229126
34,213,BGR,right,32,10.145601272583008,1.1742538213729858,11.216146469116211
34,214,RGB,left,32,0.7433857321739197,4.841327667236328,5.165980815887451
34,214,RGB,right,32,0.5563675165176392,11.992464065551758,12.33630084991455
34,214,BGR,left,32,4.46376895904541,8.131509780883789,5.165980815887451
34,214,BGR,right,32,11.223811149597168,1.1388534307479858,12.33630084991455
34,215,RGB,left,32,0.7945898771286011,4.810482025146484,4.842888355255127
34,215,RGB,right,32,0.7316456437110901,12.81139087677002,12.90295124053955
34,215,BGR,left,32,3.9122817516326904,7.727354049682617,4.842888355255127
34,215,BGR,right,32,11.696741104125977,1.3110127449035645,12.90295124053955
34,216,RGB,left,32,0.21154345571994781,4.6140618324279785,4.508855819702148
34,216,RGB,right,32,0.6296756863594055,13.326200485229492,13.033904075622559
34,216,BGR,left,32,5.9526472091674805,8.802393913269043,4.508855819702148
34,216,BGR,right,32,11.696946144104004,1.4242708683013916,13.033904075622559
34,217,RGB,left,32,0.6470128297805786,4.405735015869141,4.292964935302734
34,217,RGB,right,32,2.375537633895874,16.177017211914062,13.92109203338623
34,217,BGR,left,32,4.497214317321777,6.925665378570557,4.292964935302734
34,217,BGR,right,32,12.460620880126953,1.4945189952850342,13.92109203338623
34,218,RGB,left,32,0.5595605969429016,4.232060432434082,4.092624187469482
34,218,RGB,right,32,1.6525588035583496,17.829635620117188,16.179431915283203
34,218,BGR,left,32,4.625244617462158,6.728264331817627,4.092624187469482
34,218,BGR,right,32,14.290348052978516,1.8622506856918335,16.179431915283203
34,219,RGB,left,32,0.8092593550682068,3.732825994491577,3.808549404144287
34,219,RGB,right,32,2.384319305419922,20.46657371520996,18.67496109008789
34,219,BGR,left,32,4.159076690673828,5.752362251281738,3.808549404144287
34,219,BGR,right,32,16.004032135009766,2.653235673904419,18.67496109008789
34,220,RGB,left,32,0.3646003305912018,3.5134737491607666,3.3894686698913574
34,220,RGB,right,32,0.7758342027664185,21.606027603149414,20.962934494018555
34,220,BGR,left,32,3.1236555576324463,3.319195032119751,3.3894686698913574
34,220,BGR,right,32,17.230051040649414,3.7540409564971924,20.962934494018555
34,221,RGB,left,32,0.6045312881469727,2.6127095222473145,2.838658094406128
34,221,RGB,right,32,0.9433851838111877,23.426189422607422,23.152942657470703
34,221,BGR,left,32,3.71014404296875,3.058804750442505,2.838658094406128
34,221,BGR,right,32,19.16156005859375,4.436748504638672,23.152942657470703
34,222,RGB,left,32,0.8060051202774048,2.7679507732391357,2.3253173828125
34,222,RGB,right,32,2.1622469425201416,27.61626434326172,25.475814819335938
34,222,BGR,left,32,3.0466034412384033,2.5764758586883545,2.3253173828125
34,222,BGR,right,32,18.22457504272461,8.114212036132812,25.475814819335938
34,223,RGB,left,32,0.43200868368148804,2.081103563308716,2.0348663330078125
34,223,RGB,right,32,0.9385674595832825,28.135894775390625,28.155323028564453
34,223,BGR,left,32,3.224867582321167,2.6542351245880127,2.0348663330078125
34,223,BGR,right,32,18.870769500732422,10.171149253845215,28.155323028564453
34,224,RGB,left,32,0.6864964365959167,2.2684035301208496,1.891318440437317
34,224,RGB,right,32,0.6893750429153442,30.001680374145508,30.473119735717773
34,224,BGR,left,32,2.6208717823028564,2.4407715797424316,1.891318440437317
34,224,BGR,right,32,19.504480361938477,11.386381149291992,30.473119735717773
34,225,RGB,left,32,0.7294436693191528,2.260958671569824,1.8496953248977661
34,225,RGB,right,32,0.6919529438018799,31.964231491088867,31.38490104675293
34,225,BGR,left,32,1.8050730228424072,2.2371010780334473,1.8496953248977661
34,225,BGR,right,32,17.448360443115234,14.201447486877441,31.38490104675293
34,226,RGB,left,32,0.5742039084434509,2.301912784576416,1.9955034255981445
34,226,RGB,right,32,3.551813840866089,35.9359245300293,32.393218994140625
34,226,BGR,left,32,1.4018023014068604,2.1099679470062256,1.9955034255981445
34,226,BGR,right,32,15.868995666503906,16.636960983276367,32.393218994140625
34,227,RGB,left,32,0.5953744053840637,1.9729994535446167,2.153287649154663
34,227,RGB,right,32,1.077584981918335,36.35255432128906,35.39969253540039
34,227,BGR,left,32,0.855256199836731,2.4735188484191895,2.153287649154663
34,227,BGR,right,32,16.301671981811523,19.232715606689453,35.39969253540039
34,228,RGB,left,32,0.7209506034851074,2.0298869609832764,2.215627431869507
34,228,RGB,right,32,1.2171753644943237,39.07958984375,38.00826644897461
34,228,BGR,left,32,0.8281673789024353,2.3386385440826416,2.215627431869507
34,228,BGR,right,32,19.302635192871094,18.853466033935547,38.00826644897461
34,229,RGB,left,32,0.6096637845039368,2.3318674564361572,2.2260141372680664
34,229,RGB,right,32,0.5471619963645935,39.384910583496094,39.24654006958008
34,229,BGR,left,32,0.8863527178764343,2.590322971343994,2.2260141372680664
34,229,BGR,right,32,20.281455993652344,19.136945724487305,39.24654006958008
34,230,RGB,left,32,0.5150379538536072,2.1673288345336914,2.2271008491516113
34,230,RGB,right,32,2.8177242279052734,42.42315673828125,40.17372512817383
34,230,BGR,left,32,0.6622523069381714,2.2845399379730225,2.2271008491516113
34,230,BGR,right,32,19.720247268676758,20.737648010253906,40.17372512817383
34,231,RGB,left,32,0.7614235281944275,1.957511067390442,2.2383830547332764
34,231,RGB,right,32,1.5142594575881958,40.31177520751953,41.344642639160156
34,231,BGR,left,32,1.0553395748138428,2.082368850708008,2.2383830547332764
34,231,BGR,right,32,20.147436141967773,21.363393783569336,41.344642639160156
34,232,RGB,left,32,0.8079520463943481,1.9181151390075684,2.222891330718994
34,232,RGB,right,32,1.9348723888397217,43.53526306152344,42.91550064086914
34,232,BGR,left,32,1.5659325122833252,1.4053956270217896,2.222891330718994
34,232,BGR,right,32,19.806795120239258,23.185062408447266,42.91550064086914
34,233,RGB,left,32,0.5186544060707092,1.856727123260498,2.0835602283477783
34,233,RGB,right,32,1.2357949018478394,44.01266860961914,44.69207763671875
34,233,BGR,left,32,1.5154515504837036,1.492021083831787,2.0835602283477783
34,233,BGR,right,32,19.80753517150879,25.144378662109375,44.69207763671875
34,234,RGB,left,32,0.5216941237449646,1.6237818002700806,1.819412350654602
34,234,RGB,right,32,0.8748612403869629,44.21113586425781,44.90972137451172
34,234,BGR,left,32,1.3777108192443848,1.131148099899292,1.819412350654602
34,234,BGR,right,32,20.555025100708008,24.50098991394043,44.90972137451172
34,235,RGB,left,32,0.6814079880714417,1.4051240682601929,1.6129930019378662
34,235,RGB,right,32,1.5019962787628174,44.27215576171875,43.07158279418945
34,235,BGR,left,32,1.4139273166656494,0.9819817543029785,1.6129930019378662
34,235,BGR,right,32,19.6362361907959,23.57400131225586,43.07158279418945
34,236,RGB,left,32,0.7682082653045654,0.9925323724746704,1.5333666801452637
34,236,RGB,right,32,0.6068717837333679,41.34681701660156,41.9312858581543
34,236,BGR,left,32,1.1522166728973389,0.8147463798522949,1.5333666801452637
34,236,BGR,right,32,17.680709838867188,24.479650497436523,41.9312858581543
34,237,RGB,left,32,0.7309573888778687,0.95355623960495,1.5742197036743164
34,237,RGB,right,32,0.40258702635765076,41.68000793457031,41.850120544433594
34,237,BGR,left,32,1.1385465860366821,0.908619225025177,1.5742197036743164
34,237,BGR,right,32,16.81647300720215,25.417675018310547,41.850120544433594
34,238,RGB,left,32,0.7397720813751221,1.3056000471115112,1.7615869045257568
34,238,RGB,right,32,0.8848632574081421,42.16215133666992,41.66147232055664
34,238,BGR,left,32,0.8591362833976746,0.8924144506454468,1.7615869045257568
34,238,BGR,right,32,14.828642845153809,27.312583923339844,41.66147232055664
34,239,RGB,left,32,0.7868192791938782,1.5740231275558472,2.061141014099121
34,239,RGB,right,32,0.753129780292511,40.665672302246094,41.21586608886719
34,239,BGR,left,32,0.8278868198394775,0.8139400482177734,2.061141014099121
34,239,BGR,right,32,15.029236793518066,26.934816360473633,41.21586608886719
34,240,RGB,left,32,0.5921225547790527,1.9031697511672974,2.3903768062591553
34,240,RGB,right,32,2.1449925899505615,38.787513732910156,40.892311096191406
34,240,BGR,left,32,0.9078599810600281,1.0255887508392334,2.3903768062591553
34,240,BGR,right,32,15.843236923217773,25.760009765625,40.892311096191406
34,241,RGB,left,32,0.5883890390396118,2.0053796768188477,2.6945760250091553
34,241,RGB,right,32,0.8901205062866211,40.326690673828125,40.761409759521484
34,241,BGR,left,32,1.6557040214538574,0.8441519737243652,2.6945760250091553
34,241,BGR,right,32,15.554490089416504,26.317075729370117,40.761409759521484
34,242,RGB,left,32,0.27028483152389526,2.4821064472198486,2.9376168251037598
34,242,RGB,right,32,1.0389530658721924,39.854881286621094,40.52920913696289
34,242,BGR,left,32,1.8933050632476807,1.0750051736831665,2.9376168251037598
34,242,BGR,right,32,14.455422401428223,27.744155883789062,40.52920913696289
34,243,RGB,left,32,0.38810017704963684,3.11564040184021,3.080552101135254
34,243,RGB,right,32,0.457303911447525,39.981895446777344,39.6920166015625
34,243,BGR,left,32,2.2860803604125977,1.160601019859314,3.080552101135254
34,243,BGR,right,32,15.66968822479248,25.411121368408203,39.6920166015625
34,244,RGB,left,32,0.21934933960437775,3.0766193866729736,3.140397310256958
34,244,RGB,right,32,1.9452193975448608,40.123565673828125,38.34843826293945
34,244,BGR,left,32,2.6251769065856934,1.1558303833007812,3.140397310256958
34,244,BGR,right,32,15.57046127319336,24.19253921508789,38.34843826293945
34,245,RGB,left,32,0.45245471596717834,3.1726012229919434,3.1168148517608643
34,245,RGB,right,32,1.9251066446304321,38.77266311645508,37.089332580566406
34,245,BGR,left,32,2.9691262245178223,1.1388349533081055,3.1168148517608643
34,245,BGR,right,32,16.072298049926758,22.18808937072754,37.089332580566406
34,246,RGB,left,32,0.23787833750247955,3.03477144241333,2.9455695152282715
34,246,RGB,right,32,1.4001513719558716,37.141441345214844,36.07087326049805
34,246,BGR,left,32,2.554638385772705,1.1610373258590698,2.9455695152282715
34,246,BGR,right,32,16.024744033813477,21.16828727722168,36.07087326049805
34,247,RGB,left,32,0.6611086130142212,2.6624929904937744,2.6239616870880127
34,247,RGB,right,32,0.813977837562561,34.49617385864258,35.297176361083984
34,247,BGR,left,32,2.314774513244629,1.3562203645706177,2.6239616870880127
34,247,BGR,right,32,15.223134994506836,20.872608184814453,35.297176361083984
34,248,RGB,left,32,0.4007920026779175,2.4666614532470703,2.226104259490967
34,248,RGB,right,32,0.46400317549705505,34.788360595703125,34.65390396118164
34,248,BGR,left,32,1.6673303842544556,1.5077210664749146,2.226104259490967
34,248,BGR,right,32,14.35659408569336,21.330976486206055,34.65390396118164
34,249,RGB,left,32,0.44737008213996887,1.9516823291778564,1.8088575601577759
34,249,RGB,right,32,1.5228524208068848,31.949296951293945,33.436588287353516
34,249,BGR,left,32,1.6698728799819946,1.0415762662887573,1.8088575601577759
34,249,BGR,right,32,13.707924842834473,20.65382957458496,33.436588287353516
34,250,RGB,left,32,0.542033314704895,1.6111118793487549,1.4267375469207764
34,250,RGB,right,32,0.7951532006263733,31.950950622558594,31.36359214782715
34,250,BGR,left,32,0.9862489700317383,1.374211072921753,1.4267375469207764
34,250,BGR,right,32,12.644384384155273,20.022876739501953,31.36359214782715
34,251,RGB,left,32,0.40216320753097534,1.4359990358352661,1.1710319519042969
34,251,RGB,right,32,0.27538758516311646,29.768552780151367,29.581968307495117
34,251,BGR,left,32,0.8207648992538452,1.3548955917358398,1.1710319519042969
34,251,BGR,right,32,11.9042387008667,19.022363662719727,29.581968307495117
34,252,RGB,left,32,0.5947132706642151,1.1880803108215332,1.0550625324249268
34,252,RGB,right,32,1.0143392086029053,28.656450271606445,29.408506393432617
34,252,BGR,left,32,0.8770488500595093,1.363561749458313,1.0550625324249268
34,252,BGR,right,32,13.312679290771484,17.773151397705078,29.408506393432617
34,253,RGB,left,32,0.4975810945034027,0.9295076727867126,0.9954526424407959
34,253,RGB,right,32,1.6760963201522827,28.574825286865234,30.135723114013672
34,253,BGR,left,32,0.8002371788024902,1.5666136741638184,0.9954526424407959
34,253,BGR,right,32,13.516263008117676,18.76045799255371,30.135723114013672
34,254,RGB,left,32,0.49595320224761963,0.9438101053237915,0.9412001371383667
34,254,RGB,right,32,0.8300567865371704,29.56998634338379,29.60548210144043
34,254,BGR,left,32,0.6909470558166504,1.3857616186141968,0.9412001371383667
34,254,BGR,right,32,14.246787071228027,17.493175506591797,29.60548210144043
34,255,RGB,left,32,0.5880463719367981,0.9311737418174744,0.9494463205337524
34,255,RGB,right,32,0.7759511470794678,27.713157653808594,27.65945816040039
34,255,BGR,left,32,0.6188985705375671,1.3197017908096313,0.9494463205337524
34,255,BGR,right,32,13.112399101257324,17.282974243164062,27.65945816040039
34,256,RGB,left,32,0.5174105763435364,1.0041370391845703,1.077289342880249
34,256,RGB,right,32,1.11738920211792,27.20581817626953,26.326631546020508
34,256,BGR,left,32,0.4563876688480377,1.3363693952560425,1.077289342880249
34,256,BGR,right,32,12.396941184997559,16.861074447631836,26.326631546020508
34,257,RGB,left,32,0.3614690899848938,1.4480926990509033,1.2624597549438477
34,257,RGB,right,32,2.341465473175049,29.00956153869629,26.845766067504883
34,257,BGR,left,32,0.6972848176956177,1.3421798944473267,1.2624597549438477
34,257,BGR,right,32,13.458244323730469,15.998767852783203,26.845766067504883
34,258,RGB,left,32,0.22311291098594666,1.3415855169296265,1.4686081409454346
34,258,RGB,right,32,0.5342053771018982,27.685352325439453,27.83221435546875
34,258,BGR,left,32,0.9831191301345825,1.2373414039611816,1.4686081409454346
34,258,BGR,right,32,15.23491382598877,15.423321723937988,27.83221435546875
34,259,RGB,left,32,0.17039881646633148,1.7158159017562866,1.648923635482788
34,259,RGB,right,32,1.1077216863632202,26.735000610351562,27.707815170288086
34,259,BGR,left,32,1.1690186262130737,1.3147165775299072,1.648923635482788
34,259,BGR,right,32,15.489092826843262,15.083593368530273,27.707815170288086
34,260,RGB,left,32,0.2776435315608978,1.8729455471038818,1.7583788633346558
34,260,RGB,right,32,1.926910400390625,27.145999908447266,25.433210372924805
34,260,BGR,left,32,1.528804063796997,1.3084492683410645,1.7583788633346558
34,260,BGR,right,32,13.350120544433594,15.559704780578613,25.433210372924805
34,261,RGB,left,32,0.45312565565109253,2.323925495147705,1.9613609313964844
34,261,RGB,right,32,1.7603106498718262,23.723770141601562,22.367090225219727
34,261,BGR,left,32,1.7677865028381348,1.1715933084487915,1.9613609313964844
34,261,BGR,right,32,11.380596160888672,14.196378707885742,22.367090225219727
34,262,RGB,left,32,0.4461044371128082,2.7161307334899902,2.372347116470337
34,262,RGB,right,32,2.1168384552001953,23.131786346435547,21.057035446166992
34,262,BGR,left,32,2.161550283432007,1.197610855102539,2.372347116470337
34,262,BGR,right,32,9.849302291870117,14.223236083984375,21.057035446166992
34,263,RGB,left,32,0.3274313807487488,2.980672836303711,2.782123565673828
34,263,RGB,right,32,2.1158339977264404,22.800247192382812,20.857553482055664
34,263,BGR,left,32,2.691819429397583,0.9829668402671814,2.782123565673828
34,263,BGR,right,32,10.138822555541992,13.498842239379883,20.857553482055664
34,264,RGB,left,32,0.19301511347293854,3.069638252258301,3.048280954360962
34,264,RGB,right,32,0.7363761067390442,20.146455764770508,19.599143981933594
34,264,BGR,left,32,3.0060794353485107,0.7942090630531311,3.048280954360962
34,264,BGR,right,32,9.281105995178223,12.54544734954834,19.599143981933594
34,265,RGB,left,32,0.3279706835746765,3.494279623031616,3.21448016166687
34,265,RGB,right,32,1.2081542015075684,17.922327041625977,16.82815170288086
34,265,BGR,left,32,3.1262574195861816,0.8863323330879211,3.21448016166687
34,265,BGR,right,32,7.029062271118164,12.489184379577637,16.82815170288086
34,266,RGB,left,32,0.22564400732517242,3.2624611854553223,3.3174092769622803
34,266,RGB,right,32,0.30946114659309387,14.569610595703125,14.346161842346191
34,266,BGR,left,32,3.193495512008667,0.5040342211723328,3.3174092769622803
34,266,BGR,right,32,5.672663688659668,10.88977336883545,14.346161842346191
34,267,RGB,left,32,0.2896851897239685,3.460519552230835,3.390500783920288
34,267,RGB,right,32,0.48311424255371094,13.34582233428955,12.934937477111816
34,267,BGR,left,32,3.1960389614105225,0.5684657692909241,3.390500783920288
34,267,BGR,right,32,4.650546550750732,11.265356063842773,12.934937477111816
34,268,RGB,left,32,0.36018574237823486,3.1566505432128906,3.462345838546753
34,268,RGB,right,32,0.30846527218818665,12.253439903259277,12.294864654541016
34,268,BGR,left,32,3.3729817867279053,0.36197733879089355,3.462345838546753
34,268,BGR,right,32,4.445878982543945,10.202589988708496,12.294864654541016
34,269,RGB,left,32,0.2625041902065277,3.3767812252044678,3.413543701171875
34,269,RGB,right,32,0.3011542856693268,11.643046379089355,11.647503852844238
34,269,BGR,left,32,3.0610616207122803,0.5002468228340149,3.413543701171875
34,269,BGR,right,32,4.123669147491455,10.705443382263184,11.647503852844238
34,270,RGB,left,32,0.328809529542923,2.8378727436065674,3.127098560333252
34,270,RGB,right,32,0.6899862885475159,11.120530128479004,10.414300918579102
34,270,BGR,left,32,2.6466338634490967,0.5792561769485474,3.127098560333252
34,270,BGR,right,32,3.3063395023345947,9.502155303955078,10.414300918579102
34,271,RGB,left,32,0.37985968589782715,2.372932195663452,2.734208345413208
34,271,RGB,right,32,0.395626425743103,9.526872634887695,9.115861892700195
34,271,BGR,left,32,2.4444167613983154,0.4235084652900696,2.734208345413208
34,271,BGR,right,32,3.4844796657562256,9.66772747039795,9.115861892700195
34,272,RGB,left,32,0.22234582901000977,2.2649753093719482,2.4381461143493652
34,272,RGB,right,32,1.0086051225662231,9.27524185180664,8.337428092956543
34,272,BGR,left,32,1.9740725755691528,0.5011502504348755,2.4381461143493652
34,272,BGR,right,32,3.615675449371338,8.907288551330566,8.337428092956543
34,273,RGB,left,32,0.3563130497932434,2.2495644092559814,2.304314374923706
34,273,RGB,right,32,0.5382755994796753,8.316917419433594,8.167500495910645
34,273,BGR,left,32,1.8041354417800903,0.5603334903717041,2.304314374923706
34,273,BGR,right,32,3.0846145153045654,7.795423984527588,8.167500495910645
34,274,RGB,left,32,0.26115119457244873,2.099123239517212,2.179809808731079
34,274,RGB,right,32,0.5111284255981445,8.484646797180176,8.136801719665527
34,274,BGR,left,32,1.5210285186767578,0.6679503917694092,2.179809808731079
34,274,BGR,right,32,3.4788033962249756,8.55105209350586,8.136801719665527
34,275,RGB,left,32,0.3755537271499634,1.896112084388733,2.0016026496887207
34,275,RGB,right,32,0.5300434231758118,8.398874282836914,8.079170227050781
34,275,BGR,left,32,1.5321513414382935,0.4874128997325897,2.0016026496887207
34,275,BGR,right,32,2.5584771633148193,7.651910781860352,8.079170227050781
34,276,RGB,left,32,0.266140341758728,1.6716257333755493,1.8023983240127563
34,276,RGB,right,32,0.6529384851455688,8.452383995056152,8.108643531799316
34,276,BGR,left,32,0.936903178691864,0.9309448003768921,1.8023983240127563
34,276,BGR,right,32,2.5913245677948,7.902093410491943,8.108643531799316
34,277,RGB,left,32,0.18856069445610046,1.4354454278945923,1.5948480367660522
34,277,RGB,right,32,0.8637069463729858,8.36602783203125,8.282072067260742
34,277,BGR,left,32,0.7142481803894043,0.9971765279769897,1.5948480367660522
34,277,BGR,right,32,2.7276976108551025,8.713762283325195,8.282072067260742
34,278,RGB,left,32,0.2430046796798706,1.3598809242248535,1.4158655405044556
34,278,RGB,right,32,0.9651809930801392,8.785717010498047,8.698981285095215
34,278,BGR,left,32,0.5183549523353577,1.0245927572250366,1.4158655405044556
34,278,BGR,right,32,2.048816680908203,8.251626014709473,8.698981285095215
34,279,RGB,left,32,0.30271226167678833,1.1639268398284912,1.2807589769363403
34,279,RGB,right,32,0.6343010663986206,9.273998260498047,9.385921478271484
34,279,BGR,left,32,0.547152042388916,1.3106220960617065,1.2807589769363403
34,279,BGR,right,32,1.153691291809082,8.737019538879395,9.385921478271484
34,280,RGB,left,32,0.27939242124557495,0.9887511730194092,1.08663010597229
34,280,RGB,right,32,0.6438732743263245,9.343621253967285,9.796744346618652
34,280,BGR,left,32,0.708945095539093,1.4025121927261353,1.08663010597229
34,280,BGR,right,32,0.5209218263626099,9.92547607421875,9.796744346618652
34,281,RGB,left,32,0.32468152046203613,0.8885847926139832,0.807614266872406
34,281,RGB,right,32,0.8846951723098755,8.830658912658691,9.634621620178223
34,281,BGR,left,32,1.1627717018127441,1.672514796257019,0.807614266872406
34,281,BGR,right,32,0.775741457939148,8.907502174377441,9.634621620178223
34,282,RGB,left,32,0.404723584651947,0.8260793089866638,0.6265900135040283
34,282,RGB,right,32,0.6110153198242188,9.775137901306152,9.789701461791992
34,282,BGR,left,32,1.5186935663223267,1.8128259181976318,0.6265900135040283
34,282,BGR,right,32,0.829548180103302,9.517813682556152,9.789701461791992
34,283,RGB,left,32,0.29388371109962463,0.670391321182251,0.5742282867431641
34,283,RGB,right,32,0.8229616284370422,9.99477481842041,10.719828605651855
34,283,BGR,left,32,1.4408879280090332,1.575464129447937,0.5742282867431641
34,283,BGR,right,32,2.87565016746521,8.358321189880371,10.719828605651855
34,284,RGB,left,32,0.3633662760257721,0.6261137127876282,0.5366788506507874
34,284,RGB,right,32,0.41392162442207336,11.503180503845215,11.591248512268066
34,284,BGR,left,32,1.5938645601272583,1.5812718868255615,0.5366788506507874
34,284,BGR,right,32,3.734581708908081,8.27895450592041,11.591248512268066
34,285,RGB,left,32,0.14736375212669373,0.5608949065208435,0.49593886733055115
34,285,RGB,right,32,0.47655487060546875,11.646345138549805,12.026507377624512
34,285,BGR,left,32,1.572200894355774,1.5351616144180298,0.49593886733055115
34,285,BGR,right,32,4.186344146728516,8.025177001953125,12.026507377624512
34,286,RGB,left,32,0.16209125518798828,0.5110912322998047,0.4633047878742218
34,286,RGB,right,32,0.1387820541858673,12.271331787109375,12.13158893585205
34,286,BGR,left,32,1.3113054037094116,1.2149759531021118,0.4633047878742218
34,286,BGR,right,32,4.710546016693115,7.711996555328369,12.13158893585205
34,287,RGB,left,32,0.22319796681404114,0.5402098298072815,0.43978312611579895
34,287,RGB,right,32,0.5442473292350769,12.124112129211426,11.882699966430664
34,287,BGR,left,32,1.1932584047317505,1.086060643196106,0.43978312611579895
34,287,BGR,right,32,3.8567590713500977,8.118879318237305,11.882699966430664
34,288,RGB,left,32,0.1045093834400177,0.5594835877418518,0.45752525329589844
34,288,RGB,right,32,0.44716915488243103,12.123044967651367,11.8226318359375
34,288,BGR,left,32,1.1304601430892944,0.9977278709411621,0.45752525329589844
34,288,BGR,right,32,4.058959007263184,8.116181373596191,11.8226318359375
34,289,RGB,left,32,0.10210694372653961,0.6352875828742981,0.5222334265708923
34,289,RGB,right,32,0.4177923798561096,12.346275329589844,12.25521183013916
34,289,BGR,left,32,1.131165623664856,0.9306067228317261,0.5222334265708923
34,289,BGR,right,32,4.006445407867432,8.584324836730957,12.25521183013916
34,290,RGB,left,32,0.2694668173789978,0.47516968846321106,0.5648261308670044
34,290,RGB,right,32,0.5582212805747986,11.95287799835205,12.215887069702148
34,290,BGR,left,32,1.2939366102218628,0.9993849992752075,0.5648261308670044
34,290,BGR,right,32,4.301961421966553,8.418089866638184,12.215887069702148
34,291,RGB,left,32,0.22885458171367645,0.5052736401557922,0.5711379051208496
34,291,RGB,right,32,0.5842477679252625,10.726836204528809,11.215254783630371
34,291,BGR,left,32,1.3666808605194092,1.0510879755020142,0.5711379051208496
34,291,BGR,right,32,3.221256732940674,8.531721115112305,11.215254783630371
34,292,RGB,left,32,0.30231526494026184,0.5407537817955017,0.5984228849411011
34,292,RGB,right,32,0.515001118183136,9.565125465393066,9.99982738494873
34,292,BGR,left,32,1.2921168804168701,0.9692978262901306,0.5984228849411011
34,292,BGR,right,32,2.682725191116333,7.912647724151611,9.99982738494873
34,293,RGB,left,32,0.22930262982845306,0.7057941555976868,0.647757351398468
34,293,RGB,right,32,0.3890800178050995,8.825179100036621,8.902512550354004
34,293,BGR,left,32,1.1900150775909424,0.9042083024978638,0.647757351398468
34,293,BGR,right,32,2.2685232162475586,7.254968643188477,8.902512550354004
34,294,RGB,left,32,0.3209773004055023,0.7693957090377808,0.7725095152854919
34,294,RGB,right,32,0.2885857820510864,8.474431037902832,8.234696388244629
34,294,BGR,left,32,0.9672478437423706,0.7710562944412231,0.7725095152854919
34,294,BGR,right,32,2.0221359729766846,6.8402862548828125,8.234696388244629
34,295,RGB,left,32,0.26835620403289795,0.8322501182556152,0.970329761505127
34,295,RGB,right,32,0.3998362421989441,8.293315887451172,8.222541809082031
34,295,BGR,left,32,1.1792503595352173,0.702056348323822,0.970329761505127
34,295,BGR,right,32,2.712312698364258,6.066463947296143,8.222541809082031
34,296,RGB,left,32,0.2854534387588501,1.0889641046524048,1.0659441947937012
34,296,RGB,right,32,0.9977729320526123,7.727378845214844,8.019062042236328
34,296,BGR,left,32,1.1293065547943115,0.6810628175735474,1.0659441947937012
34,296,BGR,right,32,3.44547176361084,4.857741355895996,8.019062042236328
34,297,RGB,left,32,0.3070744276046753,1.136141300201416,1.0420032739639282
34,297,RGB,right,32,1.1882808208465576,6.712436676025391,7.196812152862549
34,297,BGR,left,32,0.9853743314743042,0.5299274325370789,1.0420032739639282
34,297,BGR,right,32,3.446254014968872,3.772528648376465,7.196812152862549
34,298,RGB,left,32,0.16040505468845367,1.069873332977295,0.9997189044952393
34,298,RGB,right,32,0.8785646557807922,6.9483418464660645,6.234823703765869
34,298,BGR,left,32,1.0743911266326904,0.5267763733863831,0.9997189044952393
34,298,BGR,right,32,2.1219804286956787,4.1922149658203125,6.234823703765869
34,299,RGB,left,32,0.11431743204593658,1.0250471830368042,0.9549726843833923
34,299,RGB,right,32,0.6366711258888245,5.654655933380127,5.376513957977295
34,299,BGR,left,32,1.062883973121643,0.6949759125709534,0.9549726843833923
34,299,BGR,right,32,3.094792604446411,2.798969268798828,5.376513957977295
34,300,RGB,left,32,0.1504872739315033,0.9546972513198853,0.9045408368110657
34,300,RGB,right,32,0.6048713326454163,5.136120319366455,4.779799938201904
34,300,BGR,left,32,0.9816428422927856,0.7667636275291443,0.9045408368110657
34,300,BGR,right,32,2.6474761962890625,2.6031458377838135,4.779799938201904
34,301,RGB,left,32,0.21353302896022797,0.6713460683822632,0.8514606356620789
34,301,RGB,right,32,1.1296190023422241,5.326980113983154,4.423720836639404
34,301,BGR,left,32,1.3027318716049194,1.0086499452590942,0.8514606356620789
34,301,BGR,right,32,2.2441165447235107,3.435359239578247,4.423720836639404
34,302,RGB,left,32,0.35149893164634705,0.5320770144462585,0.7298914790153503
34,302,RGB,right,32,0.7746120691299438,3.5324103832244873,3.903683662414551
34,302,BGR,left,32,0.919744074344635,0.8438776731491089,0.7298914790153503
34,302,BGR,right,32,2.7647557258605957,2.6341652870178223,3.903683662414551
34,303,RGB,left,32,0.29785484075546265,0.6153829097747803,0.5494198799133301
34,303,RGB,right,32,0.4824709892272949,3.742072820663452,3.440286874771118
34,303,BGR,left,32,0.8653658032417297,1.0907435417175293,0.5494198799133301
34,303,BGR,right,32,1.6654115915298462,3.168912887573242,3.440286874771118
34,304,RGB,left,32,0.22864636778831482,0.5163814425468445,0.4463020861148834
34,304,RGB,right,32,0.27880382537841797,3.996180295944214,3.7578771114349365
34,304,BGR,left,32,1.0132027864456177,1.3006399869918823,0.4463020861148834
34,304,BGR,right,32,0.9226200580596924,3.236863613128662,3.7578771114349365
34,305,RGB,left,32,0.34682947397232056,0.537272036075592,0.39793699979782104
34,305,RGB,right,32,1.034491777420044,4.003058910369873,4.675235748291016
34,305,BGR,left,32,0.6311713457107544,0.9126358032226562,0.39793699979782104
34,305,BGR,right,32,2.0759804248809814,2.680051565170288,4.675235748291016
34,306,RGB,left,32,0.3423073887825012,0.5390201210975647,0.3753114640712738
34,306,RGB,right,32,0.4181663393974304,5.815771102905273,5.994930267333984
34,306,BGR,left,32,1.1322262287139893,1.4183526039123535,0.3753114640712738
34,306,BGR,right,32,2.180495500564575,3.897510051727295,5.994930267333984
34,307,RGB,left,32,0.3711859881877899,0.5506190061569214,0.3659290671348572
34,307,RGB,right,32,0.908764123916626,6.600083351135254,7.388447284698486
34,307,BGR,left,32,0.8300554752349854,0.9885050654411316,0.3659290671348572
34,307,BGR,right,32,4.032995223999023,3.4643161296844482,7.388447284698486
34,308,RGB,left,32,0.48590895533561707,0.634734570980072,0.39485281705856323
34,308,RGB,right,32,0.8900311589241028,7.814051628112793,8.68500804901123
34,308,BGR,left,32,1.044406533241272,1.1249208450317383,0.39485281705856323
34,308,BGR,right,32,4.054916858673096,4.671788215637207,8.68500804901123
34,309,RGB,left,32,0.5190414190292358,0.5931580662727356,0.4624860882759094
34,309,RGB,right,32,0.7542073130607605,10.399880409240723,11.031598091125488
34,309,BGR,left,32,1.4384549856185913,1.3706388473510742,0.4624860882759094
34,309,BGR,right,32,6.035271167755127,5.301681041717529,11.031598091125488
34,310,RGB,left,32,0.5131180882453918,0.6957260370254517,0.5103468894958496
34,310,RGB,right,32,1.1459448337554932,15.310885429382324,14.522489547729492
34,310,BGR,left,32,1.3191611766815186,1.1152431964874268,0.5103468894958496
34,310,BGR,right,32,9.360243797302246,5.1759843826293945,14.522489547729492
34,311,RGB,left,32,0.4523676931858063,0.6329772472381592,0.5184032917022705
34,311,RGB,right,32,0.2570483088493347,16.96407699584961,17.093547821044922
34,311,BGR,left,32,1.6256661415100098,1.3341034650802612,0.5184032917022705
34,311,BGR,right,32,12.568747520446777,4.996700286865234,17.093547821044922
34,312,RGB,left,32,0.31594064831733704,0.5699552297592163,0.5697267055511475
34,312,RGB,right,32,0.48334887623786926,19.802337646484375,19.471590042114258
34,312,BGR,left,32,1.0291723012924194,0.9522724151611328,0.5697267055511475
34,312,BGR,right,32,11.874656677246094,7.819446563720703,19.471590042114258
34,313,RGB,left,32,0.4065817892551422,0.6059737801551819,0.7251307964324951
34,313,RGB,right,32,0.438073068857193,22.982044219970703,23.396162033081055
34,313,BGR,left,32,0.8808944225311279,0.9505394101142883,0.7251307964324951
34,313,BGR,right,32,14.39569091796875,9.253823280334473,23.396162033081055
34,314,RGB,left,32,0.4815426468849182,0.8251463174819946,0.8727254867553711
34,314,RGB,right,32,0.8900309205055237,26.677583694458008,27.392454147338867
34,314,BGR,left,32,0.8915488719940186,1.1489514112472534,0.8727254867553711
34,314,BGR,right,32,14.937607765197754,12.531936645507812,27.392454147338867
34,315,RGB,left,32,0.4193542003631592,0.9055764675140381,0.9737870693206787
34,315,RGB,right,32,0.24969913065433502,30.44596290588379,30.52376937866211
34,315,BGR,left,32,0.7547470927238464,1.1299290657043457,0.9737870693206787
34,315,BGR,right,32,18.597400665283203,12.029555320739746,30.52376937866211
34,316,RGB,left,32,0.44460955262184143,0.839207649230957,1.0124119520187378
34,316,RGB,right,32,1.3509199619293213,31.420047760009766,32.70763397216797
34,316,BGR,left,32,0.7050634622573853,1.6009057760238647,1.0124119520187378
34,316,BGR,right,32,16.34416389465332,16.49332618713379,32.70763397216797
34,317,RGB,left,32,0.40970051288604736,0.9786360859870911,1.008718729019165
34,317,RGB,right,32,1.0621564388275146,34.05377197265625,33.19440841674805
34,317,BGR,left,32,1.0460140705108643,1.9975523948669434,1.008718729019165
34,317,BGR,right,32,9.017312049865723,24.5881290435791,33.19440841674805
34,318,RGB,left,32,0.3867097496986389,1.013239860534668,1.1029362678527832
34,318,RGB,right,32,0.6609746813774109,33.59873580932617,33.9555549621582
34,318,BGR,left,32,0.9178221225738525,2.0080208778381348,1.1029362678527832
34,318,BGR,right,32,7.74007511138916,26.937971115112305,33.9555549621582
34,319,RGB,left,32,0.4096788763999939,1.083425760269165,1.3374762535095215
34,319,RGB,right,32,0.5045735836029053,37.75667190551758,37.6457405090332
34,319,BGR,left,32,0.6611111760139465,2.002765655517578,1.3374762535095215
34,319,BGR,right,32,7.581927299499512,32.036495208740234,37.6457405090332
34,320,RGB,left,32,0.4353978633880615,1.275671362876892,1.5212208032608032
34,320,RGB,right,32,1.0195266008377075,40.17285919189453,40.82677459716797
34,320,BGR,left,32,0.6321710348129272,2.0315935611724854,1.5212208032608032
34,320,BGR,right,32,7.340454578399658,36.6124382019043,40.82677459716797
34,321,RGB,left,32,0.4268275797367096,1.2408627271652222,1.5666611194610596
34,321,RGB,right,32,1.254668116569519,39.826534271240234,41.013031005859375
34,321,BGR,left,32,0.8661987781524658,2.2093007564544678,1.5666611194610596
34,321,BGR,right,32,6.898996353149414,40.00404739379883,41.013031005859375
34,322,RGB,left,32,0.3641184866428375,1.3532782793045044,1.55568265914917
34,322,RGB,right,32,1.954950213432312,38.688987731933594,40.608917236328125
34,322,BGR,left,32,0.6919436454772949,2.026578426361084,1.55568265914917
34,322,BGR,right,32,7.157922267913818,40.43425369262695,40.608917236328125
34,323,RGB,left,32,0.27573081851005554,1.4350472688674927,1.5553388595581055
34,323,RGB,right,32,0.7440487742424011,40.636539459228516,41.26556396484375
34,323,BGR,left,32,0.9101635217666626,2.2301039695739746,1.5553388595581055
34,323,BGR,right,32,8.563349723815918,43.43974304199219,41.26556396484375
34,324,RGB,left,32,0.2888409197330475,1.5590102672576904,1.5734790563583374
34,324,RGB,right,32,0.6106322407722473,43.72089385986328,43.224483489990234
34,324,BGR,left,32,0.5731741786003113,1.9286158084869385,1.5734790563583374
34,324,BGR,right,32,9.236008644104004,44.93391418457031,43.224483489990234
34,325,RGB,left,32,0.3823923170566559,1.4279242753982544,1.5854624509811401
34,325,RGB,right,32,0.7285429239273071,46.54970932006836,46.01205062866211
34,325,BGR,left,32,0.6890270113945007,1.8674201965332031,1.5854624509811401
34,325,BGR,right,32,10.035995483398438,44.29267501831055,46.01205062866211
34,326,RGB,left,32,0.39622509479522705,1.4478496313095093,1.5148762464523315
34,326,RGB,right,32,0.8759458065032959,46.336883544921875,47.16331100463867
34,326,BGR,left,32,0.4440764784812927,1.6556382179260254,1.5148762464523315
34,326,BGR,right,32,11.078755378723145,43.911827087402344,47.16331100463867
34,327,RGB,left,32,0.14830300211906433,1.2700142860412598,1.3401989936828613
34,327,RGB,right,32,0.43677523732185364,45.73756408691406,45.630611419677734
34,327,BGR,left,32,0.6046794652938843,1.6761515140533447,1.3401989936828613
34,327,BGR,right,32,10.893457412719727,44.60332107543945,45.630611419677734
34,328,RGB,left,32,0.2084263414144516,1.1067204475402832,1.1748372316360474
34,328,RGB,right,32,0.6571693420410156,44.44432067871094,43.99543380737305
34,328,BGR,left,32,0.8885122537612915,1.765515923500061,1.1748372316360474
34,328,BGR,right,32,11.94998836517334,45.85148239135742,43.99543380737305
34,329,RGB,left,32,0.2728382647037506,1.0600416660308838,1.071312427520752
34,329,RGB,right,32,1.2468854188919067,44.8564453125,43.57122039794922
34,329,BGR,left,32,0.9463932514190674,1.6619609594345093,1.071312427520752
34,329,BGR,right,32,11.812389373779297,44.45499038696289,43.57122039794922
34,330,RGB,left,32,0.3099725544452667,0.8661957383155823,1.0234060287475586
34,330,RGB,right,32,1.4177824258804321,44.394744873046875,43.840572357177734
34,330,BGR,left,32,0.7248114943504333,1.2670162916183472,1.0234060287475586
34,330,BGR,right,32,12.497562408447266,45.14912033081055,43.840572357177734
34,331,RGB,left,32,0.17969870567321777,0.9805776476860046,1.0198825597763062
34,331,RGB,right,32,0.18578891456127167,44.26430892944336,44.20764923095703
34,331,BGR,left,32,0.806929349899292,1.375877857208252,1.0198825597763062
34,331,BGR,right,32,12.87942886352539,46.15828323364258,44.20764923095703
34,332,RGB,left,32,0.1987164318561554,1.0341991186141968,1.0501036643981934
34,332,RGB,right,32,0.8448053002357483,43.88912582397461,43.985382080078125
34,332,BGR,left,32,0.8275570869445801,1.4776438474655151,1.0501036643981934
34,332,BGR,right,32,14.257637977600098,49.00092697143555,43.985382080078125
34,333,RGB,left,32,0.04295390471816063,1.061254858970642,1.1121231317520142
34,333,RGB,right,32,1.3176733255386353,42.70355987548828,43.2819709777832
34,333,BGR,left,32,1.331978440284729,1.7203388214111328,1.1121231317520142
34,333,BGR,right,32,12.795002937316895,46.29279327392578,43.2819709777832
34,334,RGB,left,32,0.13849830627441406,1.1139942407608032,1.1865408420562744
34,334,RGB,right,32,0.4242921769618988,42.67283630371094,42.81241226196289
34,334,BGR,left,32,1.3478597402572632,1.7859834432601929,1.1865408420562744
34,334,BGR,right,32,13.380847930908203,46.88642883300781,42.81241226196289
34,335,RGB,left,32,0.0844908058643341,1.2345495223999023,1.2529380321502686
34,335,RGB,right,32,0.4807923138141632,42.360530853271484,42.7072639465332
34,335,BGR,left,32,1.3127100467681885,1.660375714302063,1.2529380321502686
34,335,BGR,right,32,12.637903213500977,44.818641662597656,42.7072639465332
34,336,RGB,left,32,0.055851392447948456,1.3211548328399658,1.3185160160064697
34,336,RGB,right,32,0.2889460027217865,42.77962875366211,42.8636360168457
34,336,BGR,left,32,1.172133207321167,1.945603609085083,1.3185160160064697
34,336,BGR,right,32,11.152231216430664,43.13334274291992,42.8636360168457
34,337,RGB,left,32,0.14563213288784027,1.5399219989776611,1.3803895711898804
34,337,RGB,right,32,0.7980186939239502,42.39674758911133,43.01930236816406
34,337,BGR,left,32,1.251510739326477,2.3550727367401123,1.3803895711898804
34,337,BGR,right,32,11.825621604919434,42.53086471557617,43.01930236816406
34,338,RGB,left,32,0.14147496223449707,1.4985584020614624,1.398257851600647
34,338,RGB,right,32,1.0700054168701172,41.82259750366211,42.59054183959961
34,338,BGR,left,32,1.1068986654281616,2.3025872707366943,1.398257851600647
34,338,BGR,right,32,11.763635635375977,38.86179733276367,42.59054183959961
34,339,RGB,left,32,0.1509981006383896,1.4108511209487915,1.3552680015563965
34,339,RGB,right,32,0.9203395843505859,41.0748176574707,41.664459228515625
34,339,BGR,left,32,1.0267843008041382,2.168060541152954,1.3552680015563965
34,339,BGR,right,32,10.974052429199219,36.73869323730469,41.664459228515625
34,340,RGB,left,32,0.2533112168312073,1.4650017023086548,1.2853009700775146
34,340,RGB,right,32,1.4163883924484253,40.21533203125,40.946773529052734
34,340,BGR,left,32,1.2125226259231567,2.4868555068969727,1.2853009700775146
34,340,BGR,right,32,10.268034934997559,35.20103454589844,40.946773529052734
34,341,RGB,left,32,0.4339312016963959,1.5807957649230957,1.2155498266220093
34,341,RGB,right,32,0.9143692255020142,40.49717712402344,40.5948600769043
34,341,BGR,left,32,1.4217023849487305,2.6121435165405273,1.2155498266220093
34,341,BGR,right,32,10.069809913635254,35.54423904418945,40.5948600769043
34,342,RGB,left,32,0.4200780987739563,1.3512600660324097,1.1561599969863892
34,342,RGB,right,32,1.811159372329712,38.47863006591797,40.264530181884766
34,342,BGR,left,32,1.5362251996994019,2.6599011421203613,1.1561599969863892
34,342,BGR,right,32,8.859959602355957,33.16006088256836,40.264530181884766
34,343,RGB,left,32,0.40030351281166077,1.18755304813385,1.0994272232055664
34,343,RGB,right,32,1.0114707946777344,38.996681213378906,39.48696517944336
34,343,BGR,left,32,1.8423576354980469,2.929067373275757,1.0994272232055664
34,343,BGR,right,32,7.668684482574463,33.78468704223633,39.48696517944336
34,344,RGB,left,32,0.3287799656391144,1.1056641340255737,1.0231122970581055
34,344,RGB,right,32,1.897385835647583,38.013954162597656,37.802494049072266
34,344,BGR,left,32,1.8709169626235962,2.876474142074585,1.0231122970581055
34,344,BGR,right,32,5.074538707733154,33.0860710144043,37.802494049072266
34,345,RGB,left,32,0.3065907061100006,1.132267951965332,0.9352132678031921
34,345,RGB,right,32,3.3407859802246094,37.98905944824219,35.34242248535156
34,345,BGR,left,32,2.2312381267547607,3.1142873764038086,0.9352132678031921
34,345,BGR,right,32,0.9456295967102051,34.84632873535156,35.34242248535156
34,346,RGB,left,32,0.39726579189300537,1.1644511222839355,0.9272533655166626
34,346,RGB,right,32,2.288487434387207,36.063499450683594,34.05112838745117
34,346,BGR,left,32,2.2198708057403564,3.0602002143859863,0.9272533655166626
34,346,BGR,right,32,1.6312774419784546,33.423030853271484,34.05112838745117
34,347,RGB,left,32,0.35187017917633057,0.9740470051765442,1.0440021753311157
34,347,RGB,right,32,1.5157328844070435,34.35439682006836,34.85942077636719
34,347,BGR,left,32,2.084961414337158,2.937628984451294,1.0440021753311157
34,347,BGR,right,32,1.6569297313690186,33.2055778503418,34.85942077636719
34,348,RGB,left,32,0.20982490479946136,1.1446161270141602,1.1736481189727783
34,348,RGB,right,32,2.025024175643921,33.624595642089844,35.620941162109375
34,348,BGR,left,32,1.7709119319915771,2.7150275707244873,1.1736481189727783
34,348,BGR,right,32,4.051971435546875,32.183658599853516,35.620941162109375
34,349,RGB,left,32,0.2908167541027069,1.2424883842468262,1.2241345643997192
34,349,RGB,right,32,1.4349266290664673,34.17033004760742,34.75959777832031
34,349,BGR,left,32,2.177544593811035,3.161336898803711,1.2241345643997192
34,349,BGR,right,32,3.2384226322174072,34.487083435058594,34.75959777832031
34,350,RGB,left,32,0.06854750216007233,1.17793607711792,1.2216784954071045
34,350,RGB,right,32,1.1855366230010986,33.532344818115234,32.6753044128418
34,350,BGR,left,32,2.3180997371673584,3.1279075145721436,1.2216784954071045
34,350,BGR,right,32,3.1809113025665283,31.558435440063477,32.6753044128418
34,351,RGB,left,32,0.38701575994491577,1.4759820699691772,1.2958903312683105
34,351,RGB,right,32,2.345614194869995,33.79790496826172,31.477567672729492
34,351,BGR,left,32,2.4375078678131104,3.3314595222473145,1.2958903312683105
34,351,BGR,right,32,3.181565761566162,31.48004722595215,31.477567672729492
34,352,RGB,left,32,0.28029555082321167,1.4639135599136353,1.501116394996643
34,352,RGB,right,32,1.41766357421875,31.34698486328125,32.408451080322266
34,352,BGR,left,32,2.194113254547119,3.1150834560394287,1.501116394996643
34,352,BGR,right,32,4.6814165115356445,29.377952575683594,32.408451080322266
34,353,RGB,left,32,0.5390439033508301,1.5709400177001953,1.7009661197662354
34,353,RGB,right,32,2.240992784500122,32.37319564819336,33.78667068481445
34,353,BGR,left,32,2.40905499458313,3.2205402851104736,1.7009661197662354
34,353,BGR,right,32,4.43650484085083,30.601646423339844,33.78667068481445
34,354,RGB,left,32,0.49538496136665344,1.773858904838562,1.776898980140686
34,354,RGB,right,32,1.8669935464859009,32.21458053588867,33.30245590209961
34,354,BGR,left,32,2.138517379760742,2.962214469909668,1.776898980140686
34,354,BGR,right,32,5.788290500640869,28.84156608581543,33.30245590209961
34,355,RGB,left,32,0.4519866406917572,1.5458650588989258,1.7293150424957275
34,355,RGB,right,32,1.480851650238037,29.318458557128906,30.539941787719727
34,355,BGR,left,32,1.879615306854248,2.6399078369140625,1.7293150424957275
34,355,BGR,right,32,4.4024810791015625,27.695526123046875,30.539941787719727
34,356,RGB,left,32,0.562768816947937,1.5673426389694214,1.6592841148376465
34,356,RGB,right,32,1.1849334239959717,28.259899139404297,27.58899688720703
34,356,BGR,left,32,2.085453510284424,2.891993522644043,1.6592841148376465
34,356,BGR,right,32,4.0254740715026855,28.233665466308594,27.58899688720703
34,357,RGB,left,32,0.5844637155532837,1.7507555484771729,1.638961911201477
34,357,RGB,right,32,1.1989779472351074,26.760120391845703,25.78639030456543
34,357,BGR,left,32,1.5816184282302856,2.520565986633301,1.638961911201477
34,357,BGR,right,32,5.211777687072754,27.780168533325195,25.78639030456543
34,358,RGB,left,32,0.7287096381187439,1.7119624614715576,1.6997417211532593
34,358,RGB,right,32,0.928391695022583,25.776498794555664,25.385028839111328
34,358,BGR,left,32,1.419106125831604,2.3142025470733643,1.6997417211532593
34,358,BGR,right,32,5.7291131019592285,26.474754333496094,25.385028839111328
34,359,RGB,left,32,0.6395111083984375,1.7310304641723633,1.756949782371521
34,359,RGB,right,32,0.45118796825408936,25.03983497619629,25.317222595214844
34,359,BGR,left,32,1.6589908599853516,2.4590837955474854,1.756949782371521
34,359,BGR,right,32,6.029761791229248,28.16042709350586,25.317222595214844
34,360,RGB,left,32,0.708602786064148,1.7068569660186768,1.6739935874938965
34,360,RGB,right,32,1.6441594362258911,24.295961380004883,24.053600311279297
34,360,BGR,left,32,1.746811866760254,2.414210557937622,1.6739935874938965
34,360,BGR,right,32,6.587335586547852,25.37593650817871,24.053600311279297
34,361,RGB,left,32,0.43604230880737305,1.4959776401519775,1.557289719581604
34,361,RGB,right,32,1.6130224466323853,23.35508155822754,22.690322875976562
34,361,BGR,left,32,1.6910781860351562,2.340778350830078,1.557289719581604
34,361,BGR,right,32,8.217742919921875,25.845985412597656,22.690322875976562
34,362,RGB,left,32,0.629927396774292,1.6918954849243164,1.5087201595306396
34,362,RGB,right,32,0.468092143535614,21.961284637451172,22.139131546020508
34,362,BGR,left,32,1.7768539190292358,2.5486390590667725,1.5087201595306396
34,362,BGR,right,32,7.350161075592041,24.781234741210938,22.139131546020508
34,363,RGB,left,32,0.725728452205658,1.7008541822433472,1.5090742111206055
34,363,RGB,right,32,1.0396887063980103,21.67155647277832,22.022186279296875
34,363,BGR,left,32,1.3935880661010742,2.1586992740631104,1.5090742111206055
34,363,BGR,right,32,7.398879051208496,23.13202667236328,22.022186279296875
34,364,RGB,left,32,0.8629224300384521,1.6955655813217163,1.5061678886413574
34,364,RGB,right,32,0.9094743728637695,21.171703338623047,21.878644943237305
34,364,BGR,left,32,1.5180919170379639,2.373384714126587,1.5061678886413574
34,364,BGR,right,32,8.375229835510254,23.02912712097168,21.878644943237305
34,365,RGB,left,32,0.8908838033676147,1.6150656938552856,1.4574856758117676
34,365,RGB,right,32,0.6598129868507385,21.176013946533203,21.533794403076172
34,365,BGR,left,32,1.113105058670044,1.8063158988952637,1.4574856758117676
34,365,BGR,right,32,7.055247783660889,21.409631729125977,21.533794403076172
34,366,RGB,left,32,0.7208045721054077,1.428582787513733,1.3430153131484985
34,366,RGB,right,32,0.8992645144462585,20.5286808013916,21.298734664916992
34,366,BGR,left,32,0.7647991180419922,1.4107848405838013,1.3430153131484985
34,366,BGR,right,32,9.815860748291016,20.683557510375977,21.298734664916992
34,367,RGB,left,32,0.6617717146873474,1.2509340047836304,1.1651523113250732
34,367,RGB,right,32,1.940456509590149,19.14511489868164,21.03412437438965
34,367,BGR,left,32,0.8001165986061096,1.4750137329101562,1.1651523113250732
34,367,BGR,right,32,10.569479942321777,19.320859909057617,21.03412437438965
34,368,RGB,left,32,0.6502835750579834,1.1460152864456177,1.0192683935165405
34,368,RGB,right,32,0.8340157866477966,19.781574249267578,20.33267593383789
34,368,BGR,left,32,0.5974118709564209,1.1126075983047485,1.0192683935165405
34,368,BGR,right,32,10.051806449890137,18.073640823364258,20.33267593383789
34,369,RGB,left,32,0.5309176445007324,1.0657328367233276,0.9535987377166748
34,369,RGB,right,32,0.6485245227813721,18.932302474975586,19.396276473999023
34,369,BGR,left,32,0.7430760264396667,1.136841058731079,0.9535987377166748
34,369,BGR,right,32,10.406143188476562,15.700433731079102,19.396276473999023
34,370,RGB,left,32,0.512554943561554,1.0093438625335693,0.9006071090698242
34,370,RGB,right,32,0.8263000249862671,17.786544799804688,18.4134578704834
34,370,BGR,left,32,0.7511079907417297,1.048463225364685,0.9006071090698242
34,370,BGR,right,32,9.490354537963867,14.457816123962402,18.4134578704834
34,371,RGB,left,32,0.4433143436908722,0.8356966972351074,0.8284589052200317
34,371,RGB,right,32,0.35066571831703186,17.1511173248291,17.31848907470703
34,371,BGR,left,32,0.659713864326477,0.7630225419998169,0.8284589052200317
34,371,BGR,right,32,8.100035667419434,13.82949161529541,17.31848907470703
34,372,RGB,left,32,0.4620330333709717,0.8177030682563782,0.7678159475326538
34,372,RGB,right,32,0.8069566488265991,16.61196517944336,16.420429229736328
34,372,BGR,left,32,0.8202186822891235,0.8591324687004089,0.7678159475326538
34,372,BGR,right,32,7.837165355682373,12.352646827697754,16.420429229736328
34,373,RGB,left,32,0.5211290717124939,0.8628319501876831,0.7816174626350403
34,373,RGB,right,32,0.4323674738407135,15.687398910522461,15.95388126373291
34,373,BGR,left,32,0.5279136896133423,0.5996387004852295,0.7816174626350403
34,373,BGR,right,32,7.7396721839904785,9.742871284484863,15.95388126373291
34,374,RGB,left,32,0.45803388953208923,0.8441362380981445,0.8117679953575134
34,374,RGB,right,32,0.2359628528356552,14.882783889770508,14.952752113342285
34,374,BGR,left,32,0.6271901726722717,0.6576533317565918,0.8117679953575134
34,374,BGR,right,32,7.040772438049316,9.748491287231445,14.952752113342285
34,375,RGB,left,32,0.3973088562488556,0.7366135716438293,0.8040467500686646
34,375,RGB,right,32,1.2326191663742065,14.18167495727539,12.956812858581543
34,375,BGR,left,32,0.7087064385414124,0.5758869647979736,0.8040467500686646
34,375,BGR,right,32,5.406247138977051,8.4879789352417,12.956812858581543
34,376,RGB,left,32,0.3596054017543793,0.8616772294044495,0.7859759330749512
34,376,RGB,right,32,0.4192403554916382,11.473093032836914,11.138399124145508
34,376,BGR,left,32,0.6580633521080017,0.8198901414871216,0.7859759330749512
34,376,BGR,right,32,6.841229438781738,4.566976547241211,11.138399124145508
34,377,RGB,left,32,0.1948726326227188,0.5953439474105835,0.7620254755020142
34,377,RGB,right,32,0.5725346803665161,10.314583778381348,9.775144577026367
34,377,BGR,left,32,0.9240207672119141,0.7288232445716858,0.7620254755020142
34,377,BGR,right,32,8.941351890563965,1.1023683547973633,9.775144577026367
34,378,RGB,left,32,0.22460100054740906,0.6762784719467163,0.7513226866722107
34,378,RGB,right,32,0.8082508444786072,7.708693504333496,8.474752426147461
34,378,BGR,left,32,0.7311040759086609,0.7344465851783752,0.7513226866722107
34,378,BGR,right,32,7.967564105987549,0.8434194922447205,8.474752426147461
34,379,RGB,left,32,0.4723913073539734,0.5585978627204895,0.7336164116859436
34,379,RGB,right,32,0.4485127627849579,6.805830478668213,7.2222208976745605
34,379,BGR,left,32,0.5878624320030212,0.6134222745895386,0.7336164116859436
34,379,BGR,right,32,6.612493991851807,0.860268235206604,7.2222208976745605
34,380,RGB,left,32,0.4603918194770813,0.532105565071106,0.7025828957557678
34,380,RGB,right,32,1.0680736303329468,6.700167655944824,6.063398838043213
34,380,BGR,left,32,0.4718361496925354,0.6096841096878052,0.7025828957557678
34,380,BGR,right,32,5.3501482009887695,0.771862268447876,6.063398838043213
34,381,RGB,left,32,0.4554934799671173,0.4955423176288605,0.6480899453163147
34,381,RGB,right,32,0.6874678134918213,4.368974208831787,5.013362407684326
34,381,BGR,left,32,0.28139224648475647,0.5441022515296936,0.6480899453163147
34,381,BGR,right,32,4.78510856628418,0.37580910325050354,5.013362407684326
34,382,RGB,left,32,0.3914386034011841,0.514779806137085,0.6242703795433044
34,382,RGB,right,32,0.9732605814933777,4.653273105621338,4.109682559967041
34,382,BGR,left,32,0.4556465744972229,0.6724913716316223,0.6242703795433044
34,382,BGR,right,32,3.673243761062622,0.8040400147438049,4.109682559967041
34,383,RGB,left,32,0.08733540773391724,0.5517087578773499,0.6523749232292175
34,383,RGB,right,32,1.182247519493103,2.151048183441162,3.3806331157684326
34,383,BGR,left,32,0.1450507640838623,0.5235159993171692,0.6523749232292175
34,383,BGR,right,32,3.3467214107513428,0.7504088282585144,3.3806331157684326
34,384,RGB,left,32,0.27518582344055176,0.35771501064300537,0.6715487241744995
34,384,RGB,right,32,1.0077574253082275,1.7034621238708496,2.8197953701019287
34,384,BGR,left,32,0.21286635100841522,0.49783703684806824,0.6715487241744995
34,384,BGR,right,32,2.726590156555176,0.7193933725357056,2.8197953701019287
34,385,RGB,left,32,0.3575620651245117,0.29388606548309326,0.6428484320640564
34,385,RGB,right,32,1.0797390937805176,1.6165151596069336,2.4297986030578613
34,385,BGR,left,32,0.34461212158203125,0.47250813245773315,0.6428484320640564
34,385,BGR,right,32,2.1166563034057617,0.30419570207595825,2.4297986030578613
34,386,RGB,left,32,0.3018997609615326,0.3211424946784973,0.5806031227111816
34,386,RGB,right,32,0.9526807069778442,1.1836445331573486,2.1611037254333496
34,386,BGR,left,32,0.33039984107017517,0.36414653062820435,0.5806031227111816
34,386,BGR,right,32,2.208244562149048,0.9415667653083801,2.1611037254333496
34,387,RGB,left,32,0.31967490911483765,0.38209977746009827,0.5333326458930969
34,387,RGB,right,32,0.8001348376274109,1.3327866792678833,1.9559804201126099
34,387,BGR,left,32,0.3636428713798523,0.43671414256095886,0.5333326458930969
34,387,BGR,right,32,1.747300386428833,0.85039222240448,1.9559804201126099
34,388,RGB,left,32,0.37993377447128296,0.29737377166748047,0.5356487035751343
34,388,RGB,right,32,0.9829099178314209,0.9793506264686584,1.7833977937698364
34,388,BGR,left,32,0.48343995213508606,0.33371299505233765,0.5356487035751343
34,388,BGR,right,32,1.6841670274734497,0.9040035009384155,1.7833977937698364
34,389,RGB,left,31,0.398184210062027,0.3579559326171875,0.5761863589286804
34,389,RGB,right,31,0.8106206059455872,1.0436896085739136,1.6806493997573853
34,389,BGR,left,31,0.48452574014663696,0.3272748291492462,0.5761863589286804
34,389,BGR,right,31,1.5851035118103027,1.0309336185455322,1.6806493997573853
34,390,RGB,left,30,0.3169676959514618,0.4198629558086395,0.5780247449874878
34,390,RGB,right,30,0.584151029586792,1.0898061990737915,1.6463950872421265
34,390,BGR,left,30,0.414228230714798,0.48005861043930054,0.5780247449874878
34,390,BGR,right,30,1.6069278717041016,0.9840362668037415,1.6463950872421265
34,391,RGB,left,29,0.23002508282661438,0.3966037631034851,0.5439954400062561
34,391,RGB,right,29,0.7053808569908142,0.9286503791809082,1.5382764339447021
34,391,BGR,left,29,0.34988218545913696,0.41280466318130493,0.5439954400062561
34,391,BGR,right,29,1.3402881622314453,0.8738222718238831,1.5382764339447021
34,392,RGB,left,28,0.24272771179676056,0.29649361968040466,0.5512494444847107
34,392,RGB,right,28,0.5886611938476562,1.2033129930496216,1.3299474716186523
34,392,BGR,left,28,0.392665833234787,0.46480295062065125,0.5512494444847107
34,392,BGR,right,28,1.2879188060760498,0.7834128141403198,1.3299474716186523
34,393,RGB,left,27,0.36547985672950745,0.4270818829536438,0.624229907989502
34,393,RGB,right,27,0.7773691415786743,1.6257226467132568,1.154237985610962
34,393,BGR,left,27,0.4150659441947937,0.6331174969673157,0.624229907989502
34,393,BGR,right,27,1.1081289052963257,0.7507476210594177,1.154237985610962
34,394,RGB,left,26,0.28150010108947754,0.43044984340667725,0.7075705528259277
34,394,RGB,right,26,0.30819833278656006,0.993049681186676,1.0917855501174927
34,394,BGR,left,26,0.27745312452316284,0.3928312361240387,0.7075705528259277
34,394,BGR,right,26,1.1610164642333984,0.8374547958374023,1.0917855501174927
34,395,RGB,left,25,0.3355798125267029,0.37147819995880127,0.7681968212127686
34,395,RGB,right,25,0.24930647015571594,1.039414644241333,1.1056783199310303
34,395,BGR,left,25,0.20831583440303802,0.5336198806762695,0.7681968212127686
34,395,BGR,right,25,1.248083472251892,0.7623195648193359,1.1056783199310303
34,396,RGB,left,24,0.4179935157299042,0.3684169054031372,0.7818436622619629
34,396,RGB,right,24,0.31377652287483215,0.7842221260070801,1.153904676437378
34,396,BGR,left,24,0.3699513077735901,0.4409712553024292,0.7818436622619629
34,396,BGR,right,24,1.4027843475341797,0.7808793783187866,1.153904676437378
34,397,RGB,left,23,0.40098515152931213,0.41783252358436584,0.7469813823699951
34,397,RGB,right,23,0.6658953428268433,0.691419243812561,1.1664162874221802
34,397,BGR,left,23,0.197117418050766,0.5440806150436401,0.7469813823699951
34,397,BGR,right,23,1.339858889579773,0.7091936469078064,1.1664162874221802
34,398,RGB,left,22,0.372342586517334,0.35484763979911804,0.7122704982757568
34,398,RGB,right,22,0.5143386721611023,0.954180121421814,1.1336952447891235
34,398,BGR,left,22,0.1651778519153595,0.6065367460250854,0.7122704982757568
34,398,BGR,right,22,1.1755450963974,0.4023136496543884,1.1336952447891235
34,399,RGB,left,21,0.586941659450531,0.4348829984664917,0.6861470341682434
34,399,RGB,right,21,0.6955263018608093,0.7696701884269714,1.1458609104156494
34,399,BGR,left,21,0.5007947087287903,0.4563602805137634,0.6861470341682434
34,399,BGR,right,21,1.1019082069396973,0.359247088432312,1.1458609104156494
34,400,RGB,left,20,0.24404972791671753,0.4776171147823334,0.6379339694976807
34,400,RGB,right,20,1.130439281463623,0.785397469997406,1.1916875839233398
34,400,BGR,left,20,0.1979255974292755,0.5491759777069092,0.6379339694976807
34,400,BGR,right,20,2.036656141281128,1.3253873586654663,1.1916875839233398
34,401,RGB,left,19,0.4260849058628082,0.5547806620597839,0.5589091181755066
34,401,RGB,right,19,1.274012804031372,1.0474114418029785,1.1597720384597778
34,401,BGR,left,19,0.39769336581230164,0.6786099672317505,0.5589091181755066
34,401,BGR,right,19,1.6443814039230347,0.8511407971382141,1.1597720384597778
34,402,RGB,left,18,0.198161318898201,0.42925143241882324,0.4879685640335083
34,402,RGB,right,18,1.149092435836792,0.8571007251739502,1.0344703197479248
34,402,BGR,left,18,0.19217437505722046,0.5880982279777527,0.4879685640335083
34,402,BGR,right,18,1.3179689645767212,0.6656638979911804,1.0344703197479248
34,403,RGB,left,17,0.19866511225700378,0.3354766070842743,0.43270382285118103
34,403,RGB,right,17,1.6996080875396729,1.997023344039917,0.8941260576248169
34,403,BGR,left,17,0.17850036919116974,0.5442739725112915,0.43270382285118103
34,403,BGR,right,17,1.420614242553711,0.8746160268783569,0.8941260576248169
34,404,RGB,left,16,0.0451672337949276,0.32031211256980896,0.38767850399017334
34,404,RGB,right,16,0.8323089480400085,0.8416149020195007,0.7470726370811462
34,404,BGR,left,16,0.2957131564617157,0.6107624173164368,0.38767850399017334
34,404,BGR,right,16,1.0000076293945312,0.6731299161911011,0.7470726370811462
34,405,RGB,left,15,0.1514626145362854,0.3161521852016449,0.3709304630756378
34,405,RGB,right,15,0.7341182827949524,0.6894760131835938,0.6114726662635803
34,405,BGR,left,15,0.14948950707912445,0.5188255906105042,0.3709304630756378
34,405,BGR,right,15,0.8634884357452393,0.5514465570449829,0.6114726662635803
34,406,RGB,left,14,0.14753660559654236,0.34726008772850037,0.3909137547016144
34,406,RGB,right,14,0.5044535994529724,0.44959449768066406,0.49160200357437134
34,406,BGR,left,14,0.22457465529441833,0.4805779755115509,0.3909137547016144
34,406,BGR,right,14,1.4337422847747803,1.1953474283218384,0.49160200357437134
34,407,RGB,left,13,0.23988334834575653,0.4184350073337555,0.42206233739852905
34,407,RGB,right,13,0.7761600017547607,0.9191519618034363,0.39930564165115356
34,407,BGR,left,13,0.4222087264060974,0.617155909538269,0.42206233739852905
34,407,BGR,right,13,0.703164279460907,0.6424033045768738,0.39930564165115356
34,408,RGB,left,12,0.30071720480918884,0.2529607117176056,0.448188841342926
34,408,RGB,right,12,1.5944898128509521,1.7228528261184692,0.3648022711277008
34,408,BGR,left,12,0.1652270257472992,0.5083329677581787,0.448188841342926
34,408,BGR,right,12,0.41812649369239807,0.7208856344223022,0.3648022711277008
34,409,RGB,left,11,0.31331971287727356,0.3700597584247589,0.4725398123264313
34,409,RGB,right,11,1.3157081604003906,1.3395384550094604,0.40864795446395874
34,409,BGR,left,11,0.3558981418609619,0.5729188919067383,0.4725398123264313
34,409,BGR,right,11,0.6105337738990784,0.8616519570350647,0.40864795446395874
34,410,RGB,left,10,0.25095829367637634,0.28953224420547485,0.4816969037055969
34,410,RGB,right,10,0.6235283613204956,0.7882087826728821,0.4893592596054077
34,410,BGR,left,10,0.17853803932666779,0.42154863476753235,0.4816969037055969
34,410,BGR,right,10,0.36442261934280396,0.7950678467750549,0.4893592596054077
34,411,RGB,left,9,0.19394953548908234,0.3498137891292572,0.4742473065853119
34,411,RGB,right,9,0.7953411340713501,0.6760324835777283,0.5496203899383545
34,411,BGR,left,9,0.33122098445892334,0.5659282803535461,0.4742473065853119
34,411,BGR,right,9,0.368083119392395,0.6379547715187073,0.5496203899383545
34,412,RGB,left,8,0.3175383508205414,0.339720755815506,0.45756009221076965
34,412,RGB,right,8,0.5907039046287537,0.7781049013137817,0.584568440914154
34,412,BGR,left,8,0.23697511851787567,0.5946100950241089,0.45756009221076965
34,412,BGR,right,8,0.6562559604644775,1.2118911743164062,0.584568440914154
34,413,RGB,left,7,0.26278090476989746,0.24084225296974182,0.41271430253982544
34,413,RGB,right,7,1.0205425024032593,0.8553396463394165,0.5706917643547058
34,413,BGR,left,7,0.32589396834373474,0.4719494879245758,0.41271430253982544
34,413,BGR,right,7,0.5853227376937866,0.5737320780754089,0.5706917643547058
34,414,RGB,left,6,0.25018247961997986,0.29104527831077576,0.3444628417491913
34,414,RGB,right,6,0.4269809126853943,0.4760015904903412,0.5321874022483826
34,414,BGR,left,6,0.2296653687953949,0.41495195031166077,0.3444628417491913
34,414,BGR,right,6,0.36620303988456726,0.7355251312255859,0.5321874022483826
34,415,RGB,left,5,0.1385306864976883,0.2106061577796936,0.27256736159324646
34,415,RGB,right,5,0.5442671775817871,0.5191758871078491,0.462162047624588
34,415,BGR,left,5,0.19984161853790283,0.39522990584373474,0.27256736159324646
34,415,BGR,right,5,0.1661566197872162,0.6334323287010193,0.462162047624588
34,416,RGB,left,4,0.13836684823036194,0.1911526769399643,0.20510025322437286
34,416,RGB,right,4,0.8910384178161621,0.732947051525116,0.36233165860176086
34,416,BGR,left,4,0.1764894723892212,0.26705798506736755,0.20510025322437286
34,416,BGR,right,4,0.47012612223625183,0.26116523146629333,0.36233165860176086
34,417,RGB,left,3,0.10037091374397278,0.14287567138671875,0.1317618489265442
34,417,RGB,right,3,0.5310512781143188,0.5242630243301392,0.24133294820785522
34,417,BGR,left,3,0.13904905319213867,0.20889995992183685,0.1317618489265442
34,417,BGR,right,3,0.1232890784740448,0.3364350199699402,0.24133294820785522
34,418,RGB,left,2,0.08971277624368668,0.11505090445280075,0.06589704006910324
34,418,RGB,right,2,0.054403625428676605,0.15670448541641235,0.1264667510986328
34,418,BGR,left,2,0.07423374801874161,0.12827333807945251,0.06589704006910324
34,418,BGR,right,2,0.2363540381193161,0.3439326286315918,0.1264667510986328
34,419,RGB,left,1,0.02262863516807556,0.03930289298295975,0.02137533575296402
34,419,RGB,right,1,0.07685228437185287,0.0911484882235527,0.04283313453197479
34,419,BGR,left,1,0.054856736212968826,0.07373056560754776,0.02137533575296402
34,419,BGR,right,1,0.09517046064138412,0.11882127821445465,0.04283313453197479
