run,step,kind,camera,metric,value
eval_obs_20260828_215237,0,state_matched_cosine,camera0,distance,0.5205236673355103
eval_obs_20260828_215237,24,state_matched_cosine,camera0,distance,0.5130211114883423
eval_obs_20260828_215237,48,state_matched_cosine,camera0,distance,0.4901869297027588
eval_obs_20260828_215237,72,state_matched_cosine,camera0,distance,0.4825913906097412
eval_obs_20260828_215237,96,state_matched_cosine,camera0,distance,0.5046044588088989
eval_obs_20260828_215237,120,state_matched_cosine,camera0,distance,0.4402599334716797
eval_obs_20260828_215237,144,state_matched_cosine,camera0,distance,0.4360133409500122
eval_obs_20260828_215237,168,state_matched_cosine,camera0,distance,0.45292651653289795
eval_obs_20260828_215237,0,state_matched_cosine,camera1,distance,0.2482661008834839
eval_obs_20260828_215237,24,state_matched_cosine,camera1,distance,0.25419676303863525
eval_obs_20260828_215237,48,state_matched_cosine,camera1,distance,0.4453270435333252
eval_obs_20260828_215237,72,state_matched_cosine,camera1,distance,0.49439048767089844
eval_obs_20260828_215237,96,state_matched_cosine,camera1,distance,0.35830628871917725
eval_obs_20260828_215237,120,state_matched_cosine,camera1,distance,0.24501246213912964
eval_obs_20260828_215237,144,state_matched_cosine,camera1,distance,0.2537761926651001
eval_obs_20260828_215237,168,state_matched_cosine,camera1,distance,0.26734697818756104
eval_obs_20260828_215237,0,state_matched_cosine,joint,distance,0.3843948245048523
eval_obs_20260828_215237,24,state_matched_cosine,joint,distance,0.38360893726348877
eval_obs_20260828_215237,48,state_matched_cosine,joint,distance,0.467756986618042
eval_obs_20260828_215237,72,state_matched_cosine,joint,distance,0.4884909391403198
eval_obs_20260828_215237,96,state_matched_cosine,joint,distance,0.4314553737640381
eval_obs_20260828_215237,120,state_matched_cosine,joint,distance,0.3426361083984375
eval_obs_20260828_215237,144,state_matched_cosine,joint,distance,0.34489476680755615
eval_obs_20260828_215237,168,state_matched_cosine,joint,distance,0.3601366877555847
eval_obs_20260828_215434,0,state_matched_cosine,camera0,distance,0.430290162563324
eval_obs_20260828_215434,32,state_matched_cosine,camera0,distance,0.4524592161178589
eval_obs_20260828_215434,64,state_matched_cosine,camera0,distance,0.4442410469055176
eval_obs_20260828_215434,96,state_matched_cosine,camera0,distance,0.45389336347579956
eval_obs_20260828_215434,128,state_matched_cosine,camera0,distance,0.41751980781555176
eval_obs_20260828_215434,160,state_matched_cosine,camera0,distance,0.40849733352661133
eval_obs_20260828_215434,0,state_matched_cosine,camera1,distance,0.15239417552947998
eval_obs_20260828_215434,32,state_matched_cosine,camera1,distance,0.3311377763748169
eval_obs_20260828_215434,64,state_matched_cosine,camera1,distance,0.3763962984085083
eval_obs_20260828_215434,96,state_matched_cosine,camera1,distance,0.28177887201309204
eval_obs_20260828_215434,128,state_matched_cosine,camera1,distance,0.3025602102279663
eval_obs_20260828_215434,160,state_matched_cosine,camera1,distance,0.2843649387359619
eval_obs_20260828_215434,0,state_matched_cosine,joint,distance,0.29134219884872437
eval_obs_20260828_215434,32,state_matched_cosine,joint,distance,0.3917984962463379
eval_obs_20260828_215434,64,state_matched_cosine,joint,distance,0.41031867265701294
eval_obs_20260828_215434,96,state_matched_cosine,joint,distance,0.3678361177444458
eval_obs_20260828_215434,128,state_matched_cosine,joint,distance,0.36003994941711426
eval_obs_20260828_215434,160,state_matched_cosine,joint,distance,0.3464311361312866
eval_obs_20260828_220846,0,state_matched_cosine,camera0,distance,0.4370902180671692
eval_obs_20260828_220846,32,state_matched_cosine,camera0,distance,0.45620083808898926
eval_obs_20260828_220846,64,state_matched_cosine,camera0,distance,0.4549873471260071
eval_obs_20260828_220846,96,state_matched_cosine,camera0,distance,0.46634960174560547
eval_obs_20260828_220846,128,state_matched_cosine,camera0,distance,0.4207419157028198
eval_obs_20260828_220846,160,state_matched_cosine,camera0,distance,0.4077005386352539
eval_obs_20260828_220846,192,state_matched_cosine,camera0,distance,0.416955828666687
eval_obs_20260828_220846,224,state_matched_cosine,camera0,distance,0.4101405739784241
eval_obs_20260828_220846,256,state_matched_cosine,camera0,distance,0.40965592861175537
eval_obs_20260828_220846,288,state_matched_cosine,camera0,distance,0.40177828073501587
eval_obs_20260828_220846,320,state_matched_cosine,camera0,distance,0.38754069805145264
eval_obs_20260828_220846,352,state_matched_cosine,camera0,distance,0.3915531635284424
eval_obs_20260828_220846,384,state_matched_cosine,camera0,distance,0.3880828619003296
eval_obs_20260828_220846,416,state_matched_cosine,camera0,distance,0.3875918388366699
eval_obs_20260828_220846,448,state_matched_cosine,camera0,distance,0.3826167583465576
eval_obs_20260828_220846,480,state_matched_cosine,camera0,distance,0.3967074155807495
eval_obs_20260828_220846,512,state_matched_cosine,camera0,distance,0.4120889902114868
eval_obs_20260828_220846,544,state_matched_cosine,camera0,distance,0.41017061471939087
eval_obs_20260828_220846,576,state_matched_cosine,camera0,distance,0.4133952260017395
eval_obs_20260828_220846,608,state_matched_cosine,camera0,distance,0.32854199409484863
eval_obs_20260828_220846,640,state_matched_cosine,camera0,distance,0.32507485151290894
eval_obs_20260828_220846,0,state_matched_cosine,camera1,distance,0.15102827548980713
eval_obs_20260828_220846,32,state_matched_cosine,camera1,distance,0.33635377883911133
eval_obs_20260828_220846,64,state_matched_cosine,camera1,distance,0.386615514755249
eval_obs_20260828_220846,96,state_matched_cosine,camera1,distance,0.3032916784286499
eval_obs_20260828_220846,128,state_matched_cosine,camera1,distance,0.32752424478530884
eval_obs_20260828_220846,160,state_matched_cosine,camera1,distance,0.291015625
eval_obs_20260828_220846,192,state_matched_cosine,camera1,distance,0.2697436809539795
eval_obs_20260828_220846,224,state_matched_cosine,camera1,distance,0.2544440031051636
eval_obs_20260828_220846,256,state_matched_cosine,camera1,distance,0.22511667013168335
eval_obs_20260828_220846,288,state_matched_cosine,camera1,distance,0.30910491943359375
eval_obs_20260828_220846,320,state_matched_cosine,camera1,distance,0.2932126522064209
eval_obs_20260828_220846,352,state_matched_cosine,camera1,distance,0.2932128310203552
eval_obs_20260828_220846,384,state_matched_cosine,camera1,distance,0.26594769954681396
eval_obs_20260828_220846,416,state_matched_cosine,camera1,distance,0.26461803913116455
eval_obs_20260828_220846,448,state_matched_cosine,camera1,distance,0.40315985679626465
eval_obs_20260828_220846,480,state_matched_cosine,camera1,distance,0.41591858863830566
eval_obs_20260828_220846,512,state_matched_cosine,camera1,distance,0.39207303524017334
eval_obs_20260828_220846,544,state_matched_cosine,camera1,distance,0.34993237257003784
eval_obs_20260828_220846,576,state_matched_cosine,camera1,distance,0.41492146253585815
eval_obs_20260828_220846,608,state_matched_cosine,camera1,distance,0.33562248945236206
eval_obs_20260828_220846,640,state_matched_cosine,camera1,distance,0.38330209255218506
eval_obs_20260828_220846,0,state_matched_cosine,joint,distance,0.294059157371521
eval_obs_20260828_220846,32,state_matched_cosine,joint,distance,0.3962773084640503
eval_obs_20260828_220846,64,state_matched_cosine,joint,distance,0.4208013415336609
eval_obs_20260828_220846,96,state_matched_cosine,joint,distance,0.3848206400871277
eval_obs_20260828_220846,128,state_matched_cosine,joint,distance,0.3741331696510315
eval_obs_20260828_220846,160,state_matched_cosine,joint,distance,0.34935808181762695
eval_obs_20260828_220846,192,state_matched_cosine,joint,distance,0.3433496952056885
eval_obs_20260828_220846,224,state_matched_cosine,joint,distance,0.33229219913482666
eval_obs_20260828_220846,256,state_matched_cosine,joint,distance,0.3173862099647522
eval_obs_20260828_220846,288,state_matched_cosine,joint,distance,0.35544151067733765
eval_obs_20260828_220846,320,state_matched_cosine,joint,distance,0.340376615524292
eval_obs_20260828_220846,352,state_matched_cosine,joint,distance,0.3423830270767212
eval_obs_20260828_220846,384,state_matched_cosine,joint,distance,0.3270152807235718
eval_obs_20260828_220846,416,state_matched_cosine,joint,distance,0.32610487937927246
eval_obs_20260828_220846,448,state_matched_cosine,joint,distance,0.39288830757141113
eval_obs_20260828_220846,480,state_matched_cosine,joint,distance,0.4063129425048828
eval_obs_20260828_220846,512,state_matched_cosine,joint,distance,0.4020810127258301
eval_obs_20260828_220846,544,state_matched_cosine,joint,distance,0.3800514340400696
eval_obs_20260828_220846,576,state_matched_cosine,joint,distance,0.41415834426879883
eval_obs_20260828_220846,608,state_matched_cosine,joint,distance,0.33208221197128296
eval_obs_20260828_220846,640,state_matched_cosine,joint,distance,0.3541884422302246
eval_obs_20260828_221116,0,state_matched_cosine,camera0,distance,0.38620585203170776
eval_obs_20260828_221116,32,state_matched_cosine,camera0,distance,0.3954315185546875
eval_obs_20260828_221116,64,state_matched_cosine,camera0,distance,0.3960998058319092
eval_obs_20260828_221116,96,state_matched_cosine,camera0,distance,0.4047623872756958
eval_obs_20260828_221116,128,state_matched_cosine,camera0,distance,0.37077784538269043
eval_obs_20260828_221116,160,state_matched_cosine,camera0,distance,0.36357182264328003
eval_obs_20260828_221116,192,state_matched_cosine,camera0,distance,0.3481837511062622
eval_obs_20260828_221116,224,state_matched_cosine,camera0,distance,0.3473261594772339
eval_obs_20260828_221116,256,state_matched_cosine,camera0,distance,0.35077911615371704
eval_obs_20260828_221116,288,state_matched_cosine,camera0,distance,0.34742796421051025
eval_obs_20260828_221116,320,state_matched_cosine,camera0,distance,0.3544650673866272
eval_obs_20260828_221116,352,state_matched_cosine,camera0,distance,0.36288607120513916
eval_obs_20260828_221116,384,state_matched_cosine,camera0,distance,0.3627508878707886
eval_obs_20260828_221116,416,state_matched_cosine,camera0,distance,0.35889285802841187
eval_obs_20260828_221116,448,state_matched_cosine,camera0,distance,0.3475395441055298
eval_obs_20260828_221116,480,state_matched_cosine,camera0,distance,0.34896719455718994
eval_obs_20260828_221116,512,state_matched_cosine,camera0,distance,0.34891247749328613
eval_obs_20260828_221116,544,state_matched_cosine,camera0,distance,0.33934175968170166
eval_obs_20260828_221116,576,state_matched_cosine,camera0,distance,0.3389652967453003
eval_obs_20260828_221116,608,state_matched_cosine,camera0,distance,0.34166842699050903
eval_obs_20260828_221116,640,state_matched_cosine,camera0,distance,0.34480714797973633
eval_obs_20260828_221116,672,state_matched_cosine,camera0,distance,0.34607845544815063
eval_obs_20260828_221116,704,state_matched_cosine,camera0,distance,0.35542941093444824
eval_obs_20260828_221116,736,state_matched_cosine,camera0,distance,0.34708571434020996
eval_obs_20260828_221116,768,state_matched_cosine,camera0,distance,0.37109875679016113
eval_obs_20260828_221116,800,state_matched_cosine,camera0,distance,0.38213735818862915
eval_obs_20260828_221116,832,state_matched_cosine,camera0,distance,0.3971346616744995
eval_obs_20260828_221116,864,state_matched_cosine,camera0,distance,0.40658360719680786
eval_obs_20260828_221116,896,state_matched_cosine,camera0,distance,0.4182215929031372
eval_obs_20260828_221116,928,state_matched_cosine,camera0,distance,0.41917526721954346
eval_obs_20260828_221116,960,state_matched_cosine,camera0,distance,0.4132324457168579
eval_obs_20260828_221116,992,state_matched_cosine,camera0,distance,0.4110988974571228
eval_obs_20260828_221116,1024,state_matched_cosine,camera0,distance,0.4105488061904907
eval_obs_20260828_221116,1056,state_matched_cosine,camera0,distance,0.4110831022262573
eval_obs_20260828_221116,1088,state_matched_cosine,camera0,distance,0.42352086305618286
eval_obs_20260828_221116,1120,state_matched_cosine,camera0,distance,0.3701072335243225
eval_obs_20260828_221116,1152,state_matched_cosine,camera0,distance,0.4074699878692627
eval_obs_20260828_221116,1184,state_matched_cosine,camera0,distance,0.4026293158531189
eval_obs_20260828_221116,0,state_matched_cosine,camera1,distance,0.1575039029121399
eval_obs_20260828_221116,32,state_matched_cosine,camera1,distance,0.3427395820617676
eval_obs_20260828_221116,64,state_matched_cosine,camera1,distance,0.4057285785675049
eval_obs_20260828_221116,96,state_matched_cosine,camera1,distance,0.28562551736831665
eval_obs_20260828_221116,128,state_matched_cosine,camera1,distance,0.27406173944473267
eval_obs_20260828_221116,160,state_matched_cosine,camera1,distance,0.25245046615600586
eval_obs_20260828_221116,192,state_matched_cosine,camera1,distance,0.2533780336380005
eval_obs_20260828_221116,224,state_matched_cosine,camera1,distance,0.2739516496658325
eval_obs_20260828_221116,256,state_matched_cosine,camera1,distance,0.3363940715789795
eval_obs_20260828_221116,288,state_matched_cosine,camera1,distance,0.34348106384277344
eval_obs_20260828_221116,320,state_matched_cosine,camera1,distance,0.33787405490875244
eval_obs_20260828_221116,352,state_matched_cosine,camera1,distance,0.326477587223053
eval_obs_20260828_221116,384,state_matched_cosine,camera1,distance,0.3285466432571411
eval_obs_20260828_221116,416,state_matched_cosine,camera1,distance,0.31312108039855957
eval_obs_20260828_221116,448,state_matched_cosine,camera1,distance,0.31331485509872437
eval_obs_20260828_221116,480,state_matched_cosine,camera1,distance,0.30206477642059326
eval_obs_20260828_221116,512,state_matched_cosine,camera1,distance,0.2962217330932617
eval_obs_20260828_221116,544,state_matched_cosine,camera1,distance,0.2888888120651245
eval_obs_20260828_221116,576,state_matched_cosine,camera1,distance,0.27494096755981445
eval_obs_20260828_221116,608,state_matched_cosine,camera1,distance,0.2805356979370117
eval_obs_20260828_221116,640,state_matched_cosine,camera1,distance,0.2809116244316101
eval_obs_20260828_221116,672,state_matched_cosine,camera1,distance,0.28665661811828613
eval_obs_20260828_221116,704,state_matched_cosine,camera1,distance,0.2843121886253357
eval_obs_20260828_221116,736,state_matched_cosine,camera1,distance,0.23829203844070435
eval_obs_20260828_221116,768,state_matched_cosine,camera1,distance,0.2526423931121826
eval_obs_20260828_221116,800,state_matched_cosine,camera1,distance,0.35571610927581787
eval_obs_20260828_221116,832,state_matched_cosine,camera1,distance,0.387484610080719
eval_obs_20260828_221116,864,state_matched_cosine,camera1,distance,0.37035316228866577
eval_obs_20260828_221116,896,state_matched_cosine,camera1,distance,0.4135427474975586
eval_obs_20260828_221116,928,state_matched_cosine,camera1,distance,0.39142096042633057
eval_obs_20260828_221116,960,state_matched_cosine,camera1,distance,0.3962751626968384
eval_obs_20260828_221116,992,state_matched_cosine,camera1,distance,0.42007237672805786
eval_obs_20260828_221116,1024,state_matched_cosine,camera1,distance,0.40309762954711914
eval_obs_20260828_221116,1056,state_matched_cosine,camera1,distance,0.43623125553131104
eval_obs_20260828_221116,1088,state_matched_cosine,camera1,distance,0.4346163272857666
eval_obs_20260828_221116,1120,state_matched_cosine,camera1,distance,0.43472713232040405
eval_obs_20260828_221116,1152,state_matched_cosine,camera1,distance,0.4418742060661316
eval_obs_20260828_221116,1184,state_matched_cosine,camera1,distance,0.43807685375213623
eval_obs_20260828_221116,0,state_matched_cosine,joint,distance,0.27185487747192383
eval_obs_20260828_221116,32,state_matched_cosine,joint,distance,0.36908555030822754
eval_obs_20260828_221116,64,state_matched_cosine,joint,distance,0.40091419219970703
eval_obs_20260828_221116,96,state_matched_cosine,joint,distance,0.3451939821243286
eval_obs_20260828_221116,128,state_matched_cosine,joint,distance,0.32241976261138916
eval_obs_20260828_221116,160,state_matched_cosine,joint,distance,0.30801117420196533
eval_obs_20260828_221116,192,state_matched_cosine,joint,distance,0.3007809519767761
eval_obs_20260828_221116,224,state_matched_cosine,joint,distance,0.3106389045715332
eval_obs_20260828_221116,256,state_matched_cosine,joint,distance,0.3435865640640259
eval_obs_20260828_221116,288,state_matched_cosine,joint,distance,0.34545451402664185
eval_obs_20260828_221116,320,state_matched_cosine,joint,distance,0.3461695909500122
eval_obs_20260828_221116,352,state_matched_cosine,joint,distance,0.34468185901641846
eval_obs_20260828_221116,384,state_matched_cosine,joint,distance,0.34564876556396484
eval_obs_20260828_221116,416,state_matched_cosine,joint,distance,0.33600687980651855
eval_obs_20260828_221116,448,state_matched_cosine,joint,distance,0.3304271697998047
eval_obs_20260828_221116,480,state_matched_cosine,joint,distance,0.3255159258842468
eval_obs_20260828_221116,512,state_matched_cosine,joint,distance,0.3225671052932739
eval_obs_20260828_221116,544,state_matched_cosine,joint,distance,0.31411516666412354
eval_obs_20260828_221116,576,state_matched_cosine,joint,distance,0.3069530725479126
eval_obs_20260828_221116,608,state_matched_cosine,joint,distance,0.311102032661438
eval_obs_20260828_221116,640,state_matched_cosine,joint,distance,0.31285935640335083
eval_obs_20260828_221116,672,state_matched_cosine,joint,distance,0.3163674473762512
eval_obs_20260828_221116,704,state_matched_cosine,joint,distance,0.3198707699775696
eval_obs_20260828_221116,736,state_matched_cosine,joint,distance,0.29268884658813477
eval_obs_20260828_221116,768,state_matched_cosine,joint,distance,0.3118705749511719
eval_obs_20260828_221116,800,state_matched_cosine,joint,distance,0.3689267635345459
eval_obs_20260828_221116,832,state_matched_cosine,joint,distance,0.39230966567993164
eval_obs_20260828_221116,864,state_matched_cosine,joint,distance,0.38846850395202637
eval_obs_20260828_221116,896,state_matched_cosine,joint,distance,0.4158821702003479
eval_obs_20260828_221116,928,state_matched_cosine,joint,distance,0.405298113822937
eval_obs_20260828_221116,960,state_matched_cosine,joint,distance,0.40475380420684814
eval_obs_20260828_221116,992,state_matched_cosine,joint,distance,0.41558563709259033
eval_obs_20260828_221116,1024,state_matched_cosine,joint,distance,0.40682315826416016
eval_obs_20260828_221116,1056,state_matched_cosine,joint,distance,0.4236571788787842
eval_obs_20260828_221116,1088,state_matched_cosine,joint,distance,0.42906856536865234
eval_obs_20260828_221116,1120,state_matched_cosine,joint,distance,0.4024171829223633
eval_obs_20260828_221116,1152,state_matched_cosine,joint,distance,0.42467206716537476
eval_obs_20260828_221116,1184,state_matched_cosine,joint,distance,0.42035311460494995
eval_obs_20260828_215237,0,observed,0,luma_mean,0.23030470311641693
eval_obs_20260828_215237,0,matched_reference,0,luma_mean,0.3361711800098419
eval_obs_20260828_215237,24,observed,0,luma_mean,0.231955885887146
eval_obs_20260828_215237,24,matched_reference,0,luma_mean,0.3331470489501953
eval_obs_20260828_215237,48,observed,0,luma_mean,0.23290474712848663
eval_obs_20260828_215237,48,matched_reference,0,luma_mean,0.32909703254699707
eval_obs_20260828_215237,72,observed,0,luma_mean,0.233000248670578
eval_obs_20260828_215237,72,matched_reference,0,luma_mean,0.32894372940063477
eval_obs_20260828_215237,96,observed,0,luma_mean,0.23331278562545776
eval_obs_20260828_215237,96,matched_reference,0,luma_mean,0.3283070921897888
eval_obs_20260828_215237,120,observed,0,luma_mean,0.2334103286266327
eval_obs_20260828_215237,120,matched_reference,0,luma_mean,0.32838529348373413
eval_obs_20260828_215237,144,observed,0,luma_mean,0.23359431326389313
eval_obs_20260828_215237,144,matched_reference,0,luma_mean,0.32838529348373413
eval_obs_20260828_215237,168,observed,0,luma_mean,0.2333669662475586
eval_obs_20260828_215237,168,matched_reference,0,luma_mean,0.32838529348373413
eval_obs_20260828_215237,0,observed,0,luma_std,0.17718486487865448
eval_obs_20260828_215237,0,matched_reference,0,luma_std,0.25089967250823975
eval_obs_20260828_215237,24,observed,0,luma_std,0.17576497793197632
eval_obs_20260828_215237,24,matched_reference,0,luma_std,0.25062933564186096
eval_obs_20260828_215237,48,observed,0,luma_std,0.17579786479473114
eval_obs_20260828_215237,48,matched_reference,0,luma_std,0.25008559226989746
eval_obs_20260828_215237,72,observed,0,luma_std,0.1760672628879547
eval_obs_20260828_215237,72,matched_reference,0,luma_std,0.25000280141830444
eval_obs_20260828_215237,96,observed,0,luma_std,0.1763755828142166
eval_obs_20260828_215237,96,matched_reference,0,luma_std,0.24988994002342224
eval_obs_20260828_215237,120,observed,0,luma_std,0.17669910192489624
eval_obs_20260828_215237,120,matched_reference,0,luma_std,0.2520717680454254
eval_obs_20260828_215237,144,observed,0,luma_std,0.17685875296592712
eval_obs_20260828_215237,144,matched_reference,0,luma_std,0.2520717680454254
eval_obs_20260828_215237,168,observed,0,luma_std,0.1766921728849411
eval_obs_20260828_215237,168,matched_reference,0,luma_std,0.2520717680454254
eval_obs_20260828_215237,0,observed,0,saturation_mean,0.522879421710968
eval_obs_20260828_215237,0,matched_reference,0,saturation_mean,0.3622190058231354
eval_obs_20260828_215237,24,observed,0,saturation_mean,0.5203173160552979
eval_obs_20260828_215237,24,matched_reference,0,saturation_mean,0.36817559599876404
eval_obs_20260828_215237,48,observed,0,saturation_mean,0.5154244303703308
eval_obs_20260828_215237,48,matched_reference,0,saturation_mean,0.3708031177520752
eval_obs_20260828_215237,72,observed,0,saturation_mean,0.5156744122505188
eval_obs_20260828_215237,72,matched_reference,0,saturation_mean,0.3727973997592926
eval_obs_20260828_215237,96,observed,0,saturation_mean,0.5157750844955444
eval_obs_20260828_215237,96,matched_reference,0,saturation_mean,0.37352100014686584
eval_obs_20260828_215237,120,observed,0,saturation_mean,0.5169737339019775
eval_obs_20260828_215237,120,matched_reference,0,saturation_mean,0.37674710154533386
eval_obs_20260828_215237,144,observed,0,saturation_mean,0.516825795173645
eval_obs_20260828_215237,144,matched_reference,0,saturation_mean,0.37674710154533386
eval_obs_20260828_215237,168,observed,0,saturation_mean,0.5160609483718872
eval_obs_20260828_215237,168,matched_reference,0,saturation_mean,0.37674710154533386
eval_obs_20260828_215237,0,observed,0,laplacian_variance,463.316112181486
eval_obs_20260828_215237,0,matched_reference,0,laplacian_variance,954.1243032080489
eval_obs_20260828_215237,24,observed,0,laplacian_variance,465.3320461207258
eval_obs_20260828_215237,24,matched_reference,0,laplacian_variance,952.7073406567428
eval_obs_20260828_215237,48,observed,0,laplacian_variance,463.20275497555684
eval_obs_20260828_215237,48,matched_reference,0,laplacian_variance,949.7348636355514
eval_obs_20260828_215237,72,observed,0,laplacian_variance,469.2639234829624
eval_obs_20260828_215237,72,matched_reference,0,laplacian_variance,946.0845782026953
eval_obs_20260828_215237,96,observed,0,laplacian_variance,476.0954060314199
eval_obs_20260828_215237,96,matched_reference,0,laplacian_variance,961.508390459206
eval_obs_20260828_215237,120,observed,0,laplacian_variance,470.6688544489055
eval_obs_20260828_215237,120,matched_reference,0,laplacian_variance,968.3376855306059
eval_obs_20260828_215237,144,observed,0,laplacian_variance,471.67344324889643
eval_obs_20260828_215237,144,matched_reference,0,laplacian_variance,968.3376855306059
eval_obs_20260828_215237,168,observed,0,laplacian_variance,470.921289156795
eval_obs_20260828_215237,168,matched_reference,0,laplacian_variance,968.3376855306059
eval_obs_20260828_215237,0,observed,0,edge_density,0.049924266581632654
eval_obs_20260828_215237,0,matched_reference,0,edge_density,0.06881776147959184
eval_obs_20260828_215237,24,observed,0,edge_density,0.05219626913265306
eval_obs_20260828_215237,24,matched_reference,0,edge_density,0.06847895408163265
eval_obs_20260828_215237,48,observed,0,edge_density,0.050103635204081634
eval_obs_20260828_215237,48,matched_reference,0,edge_density,0.06869818239795919
eval_obs_20260828_215237,72,observed,0,edge_density,0.051837531887755105
eval_obs_20260828_215237,72,matched_reference,0,edge_density,0.06839923469387756
eval_obs_20260828_215237,96,observed,0,edge_density,0.050681600765306124
eval_obs_20260828_215237,96,matched_reference,0,edge_density,0.07019292091836735
eval_obs_20260828_215237,120,observed,0,edge_density,0.050860969387755105
eval_obs_20260828_215237,120,matched_reference,0,edge_density,0.07262436224489796
eval_obs_20260828_215237,144,observed,0,edge_density,0.05237563775510204
eval_obs_20260828_215237,144,matched_reference,0,edge_density,0.07262436224489796
eval_obs_20260828_215237,168,observed,0,edge_density,0.052834024234693876
eval_obs_20260828_215237,168,matched_reference,0,edge_density,0.07262436224489796
eval_obs_20260828_215237,0,observed,1,luma_mean,0.2082151174545288
eval_obs_20260828_215237,0,matched_reference,1,luma_mean,0.3571358919143677
eval_obs_20260828_215237,24,observed,1,luma_mean,0.21850821375846863
eval_obs_20260828_215237,24,matched_reference,1,luma_mean,0.3673197329044342
eval_obs_20260828_215237,48,observed,1,luma_mean,0.22666624188423157
eval_obs_20260828_215237,48,matched_reference,1,luma_mean,0.37006619572639465
eval_obs_20260828_215237,72,observed,1,luma_mean,0.23320351541042328
eval_obs_20260828_215237,72,matched_reference,1,luma_mean,0.3709486424922943
eval_obs_20260828_215237,96,observed,1,luma_mean,0.23791123926639557
eval_obs_20260828_215237,96,matched_reference,1,luma_mean,0.39192673563957214
eval_obs_20260828_215237,120,observed,1,luma_mean,0.24232704937458038
eval_obs_20260828_215237,120,matched_reference,1,luma_mean,0.3640008270740509
eval_obs_20260828_215237,144,observed,1,luma_mean,0.24692046642303467
eval_obs_20260828_215237,144,matched_reference,1,luma_mean,0.3640008270740509
eval_obs_20260828_215237,168,observed,1,luma_mean,0.2502427101135254
eval_obs_20260828_215237,168,matched_reference,1,luma_mean,0.3640008270740509
eval_obs_20260828_215237,0,observed,1,luma_std,0.1777794510126114
eval_obs_20260828_215237,0,matched_reference,1,luma_std,0.23524461686611176
eval_obs_20260828_215237,24,observed,1,luma_std,0.17555510997772217
eval_obs_20260828_215237,24,matched_reference,1,luma_std,0.2369648516178131
eval_obs_20260828_215237,48,observed,1,luma_std,0.17143405973911285
eval_obs_20260828_215237,48,matched_reference,1,luma_std,0.23233705759048462
eval_obs_20260828_215237,72,observed,1,luma_std,0.17141565680503845
eval_obs_20260828_215237,72,matched_reference,1,luma_std,0.231399804353714
eval_obs_20260828_215237,96,observed,1,luma_std,0.16772064566612244
eval_obs_20260828_215237,96,matched_reference,1,luma_std,0.23880843818187714
eval_obs_20260828_215237,120,observed,1,luma_std,0.167983740568161
eval_obs_20260828_215237,120,matched_reference,1,luma_std,0.23300333321094513
eval_obs_20260828_215237,144,observed,1,luma_std,0.17001719772815704
eval_obs_20260828_215237,144,matched_reference,1,luma_std,0.23300333321094513
eval_obs_20260828_215237,168,observed,1,luma_std,0.17205138504505157
eval_obs_20260828_215237,168,matched_reference,1,luma_std,0.23300333321094513
eval_obs_20260828_215237,0,observed,1,saturation_mean,0.5782805681228638
eval_obs_20260828_215237,0,matched_reference,1,saturation_mean,0.3702031373977661
eval_obs_20260828_215237,24,observed,1,saturation_mean,0.5611860156059265
eval_obs_20260828_215237,24,matched_reference,1,saturation_mean,0.3662979006767273
eval_obs_20260828_215237,48,observed,1,saturation_mean,0.5489559173583984
eval_obs_20260828_215237,48,matched_reference,1,saturation_mean,0.3630543053150177
eval_obs_20260828_215237,72,observed,1,saturation_mean,0.5368832349777222
eval_obs_20260828_215237,72,matched_reference,1,saturation_mean,0.3609255254268646
eval_obs_20260828_215237,96,observed,1,saturation_mean,0.523673415184021
eval_obs_20260828_215237,96,matched_reference,1,saturation_mean,0.35510313510894775
eval_obs_20260828_215237,120,observed,1,saturation_mean,0.5162890553474426
eval_obs_20260828_215237,120,matched_reference,1,saturation_mean,0.37239810824394226
eval_obs_20260828_215237,144,observed,1,saturation_mean,0.511247456073761
eval_obs_20260828_215237,144,matched_reference,1,saturation_mean,0.37239810824394226
eval_obs_20260828_215237,168,observed,1,saturation_mean,0.5085713267326355
eval_obs_20260828_215237,168,matched_reference,1,saturation_mean,0.37239810824394226
eval_obs_20260828_215237,0,observed,1,laplacian_variance,682.6502457328361
eval_obs_20260828_215237,0,matched_reference,1,laplacian_variance,1072.679966469796
eval_obs_20260828_215237,24,observed,1,laplacian_variance,695.018696558967
eval_obs_20260828_215237,24,matched_reference,1,laplacian_variance,1069.9524864044251
eval_obs_20260828_215237,48,observed,1,laplacian_variance,641.8776474157903
eval_obs_20260828_215237,48,matched_reference,1,laplacian_variance,938.7988819784049
eval_obs_20260828_215237,72,observed,1,laplacian_variance,664.8007444900454
eval_obs_20260828_215237,72,matched_reference,1,laplacian_variance,907.0420430225912
eval_obs_20260828_215237,96,observed,1,laplacian_variance,619.2638287653481
eval_obs_20260828_215237,96,matched_reference,1,laplacian_variance,1002.2298303685156
eval_obs_20260828_215237,120,observed,1,laplacian_variance,557.3756248219119
eval_obs_20260828_215237,120,matched_reference,1,laplacian_variance,1110.848457005559
eval_obs_20260828_215237,144,observed,1,laplacian_variance,553.2405258295487
eval_obs_20260828_215237,144,matched_reference,1,laplacian_variance,1110.848457005559
eval_obs_20260828_215237,168,observed,1,laplacian_variance,573.5718509013928
eval_obs_20260828_215237,168,matched_reference,1,laplacian_variance,1110.848457005559
eval_obs_20260828_215237,0,observed,1,edge_density,0.06359614158163265
eval_obs_20260828_215237,0,matched_reference,1,edge_density,0.078125
eval_obs_20260828_215237,24,observed,1,edge_density,0.0613639987244898
eval_obs_20260828_215237,24,matched_reference,1,edge_density,0.07744738520408163
eval_obs_20260828_215237,48,observed,1,edge_density,0.05901227678571429
eval_obs_20260828_215237,48,matched_reference,1,edge_density,0.07232541454081633
eval_obs_20260828_215237,72,observed,1,edge_density,0.0576171875
eval_obs_20260828_215237,72,matched_reference,1,edge_density,0.07154815051020408
eval_obs_20260828_215237,96,observed,1,edge_density,0.05681999362244898
eval_obs_20260828_215237,96,matched_reference,1,edge_density,0.07467713647959184
eval_obs_20260828_215237,120,observed,1,edge_density,0.05757732780612245
eval_obs_20260828_215237,120,matched_reference,1,edge_density,0.08047672193877552
eval_obs_20260828_215237,144,observed,1,edge_density,0.05715880102040816
eval_obs_20260828_215237,144,matched_reference,1,edge_density,0.08047672193877552
eval_obs_20260828_215237,168,observed,1,edge_density,0.059251434948979595
eval_obs_20260828_215237,168,matched_reference,1,edge_density,0.08047672193877552
eval_obs_20260828_215434,0,observed,0,luma_mean,0.37298786640167236
eval_obs_20260828_215434,0,matched_reference,0,luma_mean,0.3456481099128723
eval_obs_20260828_215434,32,observed,0,luma_mean,0.37611034512519836
eval_obs_20260828_215434,32,matched_reference,0,luma_mean,0.3408434987068176
eval_obs_20260828_215434,64,observed,0,luma_mean,0.3734322488307953
eval_obs_20260828_215434,64,matched_reference,0,luma_mean,0.33933040499687195
eval_obs_20260828_215434,96,observed,0,luma_mean,0.3735697865486145
eval_obs_20260828_215434,96,matched_reference,0,luma_mean,0.33837297558784485
eval_obs_20260828_215434,128,observed,0,luma_mean,0.37441545724868774
eval_obs_20260828_215434,128,matched_reference,0,luma_mean,0.336498886346817
eval_obs_20260828_215434,160,observed,0,luma_mean,0.3738515079021454
eval_obs_20260828_215434,160,matched_reference,0,luma_mean,0.33742308616638184
eval_obs_20260828_215434,0,observed,0,luma_std,0.259552538394928
eval_obs_20260828_215434,0,matched_reference,0,luma_std,0.25597402453422546
eval_obs_20260828_215434,32,observed,0,luma_std,0.2572095990180969
eval_obs_20260828_215434,32,matched_reference,0,luma_std,0.25568702816963196
eval_obs_20260828_215434,64,observed,0,luma_std,0.2554388642311096
eval_obs_20260828_215434,64,matched_reference,0,luma_std,0.2551884055137634
eval_obs_20260828_215434,96,observed,0,luma_std,0.25597965717315674
eval_obs_20260828_215434,96,matched_reference,0,luma_std,0.2550988495349884
eval_obs_20260828_215434,128,observed,0,luma_std,0.25764143466949463
eval_obs_20260828_215434,128,matched_reference,0,luma_std,0.2564186751842499
eval_obs_20260828_215434,160,observed,0,luma_std,0.257991760969162
eval_obs_20260828_215434,160,matched_reference,0,luma_std,0.2570537328720093
eval_obs_20260828_215434,0,observed,0,saturation_mean,0.37446022033691406
eval_obs_20260828_215434,0,matched_reference,0,saturation_mean,0.3543032109737396
eval_obs_20260828_215434,32,observed,0,saturation_mean,0.36882174015045166
eval_obs_20260828_215434,32,matched_reference,0,saturation_mean,0.36027777194976807
eval_obs_20260828_215434,64,observed,0,saturation_mean,0.3714892268180847
eval_obs_20260828_215434,64,matched_reference,0,saturation_mean,0.36277881264686584
eval_obs_20260828_215434,96,observed,0,saturation_mean,0.3705802857875824
eval_obs_20260828_215434,96,matched_reference,0,saturation_mean,0.3657646179199219
eval_obs_20260828_215434,128,observed,0,saturation_mean,0.3727107048034668
eval_obs_20260828_215434,128,matched_reference,0,saturation_mean,0.37047356367111206
eval_obs_20260828_215434,160,observed,0,saturation_mean,0.3709007501602173
eval_obs_20260828_215434,160,matched_reference,0,saturation_mean,0.3680315911769867
eval_obs_20260828_215434,0,observed,0,laplacian_variance,642.423964805476
eval_obs_20260828_215434,0,matched_reference,0,laplacian_variance,973.0958726299846
eval_obs_20260828_215434,32,observed,0,laplacian_variance,671.2708596591401
eval_obs_20260828_215434,32,matched_reference,0,laplacian_variance,940.7670985487589
eval_obs_20260828_215434,64,observed,0,laplacian_variance,682.0900328547593
eval_obs_20260828_215434,64,matched_reference,0,laplacian_variance,945.527544182472
eval_obs_20260828_215434,96,observed,0,laplacian_variance,681.1024153235552
eval_obs_20260828_215434,96,matched_reference,0,laplacian_variance,964.1984450349406
eval_obs_20260828_215434,128,observed,0,laplacian_variance,674.0697891631756
eval_obs_20260828_215434,128,matched_reference,0,laplacian_variance,971.1037307589912
eval_obs_20260828_215434,160,observed,0,laplacian_variance,686.982796779825
eval_obs_20260828_215434,160,matched_reference,0,laplacian_variance,963.3585725424441
eval_obs_20260828_215434,0,observed,0,edge_density,0.06726323341836735
eval_obs_20260828_215434,0,matched_reference,0,edge_density,0.06818000637755102
eval_obs_20260828_215434,32,observed,0,edge_density,0.06732302295918367
eval_obs_20260828_215434,32,matched_reference,0,edge_density,0.06829958545918367
eval_obs_20260828_215434,64,observed,0,edge_density,0.06634646045918367
eval_obs_20260828_215434,64,matched_reference,0,edge_density,0.06764190051020408
eval_obs_20260828_215434,96,observed,0,edge_density,0.06694435586734694
eval_obs_20260828_215434,96,matched_reference,0,edge_density,0.07005341198979592
eval_obs_20260828_215434,128,observed,0,edge_density,0.0667251275510204
eval_obs_20260828_215434,128,matched_reference,0,edge_density,0.07108976403061225
eval_obs_20260828_215434,160,observed,0,edge_density,0.06961495535714286
eval_obs_20260828_215434,160,matched_reference,0,edge_density,0.07314253826530612
eval_obs_20260828_215434,0,observed,1,luma_mean,0.377083420753479
eval_obs_20260828_215434,0,matched_reference,1,luma_mean,0.35935619473457336
eval_obs_20260828_215434,32,observed,1,luma_mean,0.40914344787597656
eval_obs_20260828_215434,32,matched_reference,1,luma_mean,0.37272050976753235
eval_obs_20260828_215434,64,observed,1,luma_mean,0.42247992753982544
eval_obs_20260828_215434,64,matched_reference,1,luma_mean,0.3770016133785248
eval_obs_20260828_215434,96,observed,1,luma_mean,0.4332224726676941
eval_obs_20260828_215434,96,matched_reference,1,luma_mean,0.3955290913581848
eval_obs_20260828_215434,128,observed,1,luma_mean,0.4515327513217926
eval_obs_20260828_215434,128,matched_reference,1,luma_mean,0.38516297936439514
eval_obs_20260828_215434,160,observed,1,luma_mean,0.4499976933002472
eval_obs_20260828_215434,160,matched_reference,1,luma_mean,0.3802046477794647
eval_obs_20260828_215434,0,observed,1,luma_std,0.30586010217666626
eval_obs_20260828_215434,0,matched_reference,1,luma_std,0.23759399354457855
eval_obs_20260828_215434,32,observed,1,luma_std,0.29827800393104553
eval_obs_20260828_215434,32,matched_reference,1,luma_std,0.23816639184951782
eval_obs_20260828_215434,64,observed,1,luma_std,0.29012295603752136
eval_obs_20260828_215434,64,matched_reference,1,luma_std,0.23665571212768555
eval_obs_20260828_215434,96,observed,1,luma_std,0.28561630845069885
eval_obs_20260828_215434,96,matched_reference,1,luma_std,0.24087437987327576
eval_obs_20260828_215434,128,observed,1,luma_std,0.29756009578704834
eval_obs_20260828_215434,128,matched_reference,1,luma_std,0.2449614405632019
eval_obs_20260828_215434,160,observed,1,luma_std,0.2939731180667877
eval_obs_20260828_215434,160,matched_reference,1,luma_std,0.24170435965061188
eval_obs_20260828_215434,0,observed,1,saturation_mean,0.42714861035346985
eval_obs_20260828_215434,0,matched_reference,1,saturation_mean,0.36728036403656006
eval_obs_20260828_215434,32,observed,1,saturation_mean,0.4001789093017578
eval_obs_20260828_215434,32,matched_reference,1,saturation_mean,0.36132076382637024
eval_obs_20260828_215434,64,observed,1,saturation_mean,0.37983638048171997
eval_obs_20260828_215434,64,matched_reference,1,saturation_mean,0.35707104206085205
eval_obs_20260828_215434,96,observed,1,saturation_mean,0.3609958291053772
eval_obs_20260828_215434,96,matched_reference,1,saturation_mean,0.34918153285980225
eval_obs_20260828_215434,128,observed,1,saturation_mean,0.35429778695106506
eval_obs_20260828_215434,128,matched_reference,1,saturation_mean,0.3595653772354126
eval_obs_20260828_215434,160,observed,1,saturation_mean,0.35223695635795593
eval_obs_20260828_215434,160,matched_reference,1,saturation_mean,0.3615169823169708
eval_obs_20260828_215434,0,observed,1,laplacian_variance,1070.6144708318045
eval_obs_20260828_215434,0,matched_reference,1,laplacian_variance,1099.5490011666427
eval_obs_20260828_215434,32,observed,1,laplacian_variance,936.2085246535353
eval_obs_20260828_215434,32,matched_reference,1,laplacian_variance,1075.140540372824
eval_obs_20260828_215434,64,observed,1,laplacian_variance,833.4417526693156
eval_obs_20260828_215434,64,matched_reference,1,laplacian_variance,942.1106304214777
eval_obs_20260828_215434,96,observed,1,laplacian_variance,787.4609010399306
eval_obs_20260828_215434,96,matched_reference,1,laplacian_variance,924.7341089324125
eval_obs_20260828_215434,128,observed,1,laplacian_variance,854.5035043928535
eval_obs_20260828_215434,128,matched_reference,1,laplacian_variance,1164.7577644532446
eval_obs_20260828_215434,160,observed,1,laplacian_variance,880.5875887408052
eval_obs_20260828_215434,160,matched_reference,1,laplacian_variance,1153.1158818690192
eval_obs_20260828_215434,0,observed,1,edge_density,0.08229033801020408
eval_obs_20260828_215434,0,matched_reference,1,edge_density,0.07824457908163265
eval_obs_20260828_215434,32,observed,1,edge_density,0.07633131377551021
eval_obs_20260828_215434,32,matched_reference,1,edge_density,0.08107461734693877
eval_obs_20260828_215434,64,observed,1,edge_density,0.06879783163265306
eval_obs_20260828_215434,64,matched_reference,1,edge_density,0.07537468112244898
eval_obs_20260828_215434,96,observed,1,edge_density,0.06449298469387756
eval_obs_20260828_215434,96,matched_reference,1,edge_density,0.07236527423469388
eval_obs_20260828_215434,128,observed,1,edge_density,0.07192681760204081
eval_obs_20260828_215434,128,matched_reference,1,edge_density,0.08019770408163265
eval_obs_20260828_215434,160,observed,1,edge_density,0.07196667729591837
eval_obs_20260828_215434,160,matched_reference,1,edge_density,0.07991868622448979
eval_obs_20260828_220846,0,observed,0,luma_mean,0.3546724021434784
eval_obs_20260828_220846,0,matched_reference,0,luma_mean,0.3456481099128723
eval_obs_20260828_220846,32,observed,0,luma_mean,0.35920825600624084
eval_obs_20260828_220846,32,matched_reference,0,luma_mean,0.3408434987068176
eval_obs_20260828_220846,64,observed,0,luma_mean,0.35726460814476013
eval_obs_20260828_220846,64,matched_reference,0,luma_mean,0.33933040499687195
eval_obs_20260828_220846,96,observed,0,luma_mean,0.35666757822036743
eval_obs_20260828_220846,96,matched_reference,0,luma_mean,0.33837297558784485
eval_obs_20260828_220846,128,observed,0,luma_mean,0.35841864347457886
eval_obs_20260828_220846,128,matched_reference,0,luma_mean,0.336498886346817
eval_obs_20260828_220846,160,observed,0,luma_mean,0.358202189207077
eval_obs_20260828_220846,160,matched_reference,0,luma_mean,0.33774030208587646
eval_obs_20260828_220846,192,observed,0,luma_mean,0.3569677174091339
eval_obs_20260828_220846,192,matched_reference,0,luma_mean,0.3379356861114502
eval_obs_20260828_220846,224,observed,0,luma_mean,0.35783058404922485
eval_obs_20260828_220846,224,matched_reference,0,luma_mean,0.3379356861114502
eval_obs_20260828_220846,256,observed,0,luma_mean,0.3584243655204773
eval_obs_20260828_220846,256,matched_reference,0,luma_mean,0.3380067050457001
eval_obs_20260828_220846,288,observed,0,luma_mean,0.3575097620487213
eval_obs_20260828_220846,288,matched_reference,0,luma_mean,0.33991193771362305
eval_obs_20260828_220846,320,observed,0,luma_mean,0.358210027217865
eval_obs_20260828_220846,320,matched_reference,0,luma_mean,0.33991193771362305
eval_obs_20260828_220846,352,observed,0,luma_mean,0.35626935958862305
eval_obs_20260828_220846,352,matched_reference,0,luma_mean,0.33991193771362305
eval_obs_20260828_220846,384,observed,0,luma_mean,0.3549513816833496
eval_obs_20260828_220846,384,matched_reference,0,luma_mean,0.33991193771362305
eval_obs_20260828_220846,416,observed,0,luma_mean,0.3546662926673889
eval_obs_20260828_220846,416,matched_reference,0,luma_mean,0.3397809565067291
eval_obs_20260828_220846,448,observed,0,luma_mean,0.3561619222164154
eval_obs_20260828_220846,448,matched_reference,0,luma_mean,0.33983880281448364
eval_obs_20260828_220846,480,observed,0,luma_mean,0.3604731559753418
eval_obs_20260828_220846,480,matched_reference,0,luma_mean,0.34066927433013916
eval_obs_20260828_220846,512,observed,0,luma_mean,0.36075761914253235
eval_obs_20260828_220846,512,matched_reference,0,luma_mean,0.3405924141407013
eval_obs_20260828_220846,544,observed,0,luma_mean,0.3601975739002228
eval_obs_20260828_220846,544,matched_reference,0,luma_mean,0.3405924141407013
eval_obs_20260828_220846,576,observed,0,luma_mean,0.3556240200996399
eval_obs_20260828_220846,576,matched_reference,0,luma_mean,0.34377729892730713
eval_obs_20260828_220846,608,observed,0,luma_mean,0.3438645601272583
eval_obs_20260828_220846,608,matched_reference,0,luma_mean,0.3378497064113617
eval_obs_20260828_220846,640,observed,0,luma_mean,0.3336758613586426
eval_obs_20260828_220846,640,matched_reference,0,luma_mean,0.2935229241847992
eval_obs_20260828_220846,0,observed,0,luma_std,0.24806955456733704
eval_obs_20260828_220846,0,matched_reference,0,luma_std,0.25597402453422546
eval_obs_20260828_220846,32,observed,0,luma_std,0.24640773236751556
eval_obs_20260828_220846,32,matched_reference,0,luma_std,0.25568702816963196
eval_obs_20260828_220846,64,observed,0,luma_std,0.245278462767601
eval_obs_20260828_220846,64,matched_reference,0,luma_std,0.2551884055137634
eval_obs_20260828_220846,96,observed,0,luma_std,0.24523566663265228
eval_obs_20260828_220846,96,matched_reference,0,luma_std,0.2550988495349884
eval_obs_20260828_220846,128,observed,0,luma_std,0.24742092192173004
eval_obs_20260828_220846,128,matched_reference,0,luma_std,0.2564186751842499
eval_obs_20260828_220846,160,observed,0,luma_std,0.2483563870191574
eval_obs_20260828_220846,160,matched_reference,0,luma_std,0.25707754492759705
eval_obs_20260828_220846,192,observed,0,luma_std,0.24679720401763916
eval_obs_20260828_220846,192,matched_reference,0,luma_std,0.2570810317993164
eval_obs_20260828_220846,224,observed,0,luma_std,0.2474452555179596
eval_obs_20260828_220846,224,matched_reference,0,luma_std,0.2570810317993164
eval_obs_20260828_220846,256,observed,0,luma_std,0.2479429543018341
eval_obs_20260828_220846,256,matched_reference,0,luma_std,0.25698962807655334
eval_obs_20260828_220846,288,observed,0,luma_std,0.24865324795246124
eval_obs_20260828_220846,288,matched_reference,0,luma_std,0.25733280181884766
eval_obs_20260828_220846,320,observed,0,luma_std,0.25006014108657837
eval_obs_20260828_220846,320,matched_reference,0,luma_std,0.25733280181884766
eval_obs_20260828_220846,352,observed,0,luma_std,0.24788762629032135
eval_obs_20260828_220846,352,matched_reference,0,luma_std,0.25733280181884766
eval_obs_20260828_220846,384,observed,0,luma_std,0.24594004452228546
eval_obs_20260828_220846,384,matched_reference,0,luma_std,0.25733280181884766
eval_obs_20260828_220846,416,observed,0,luma_std,0.2456422746181488
eval_obs_20260828_220846,416,matched_reference,0,luma_std,0.257375568151474
eval_obs_20260828_220846,448,observed,0,luma_std,0.2465028017759323
eval_obs_20260828_220846,448,matched_reference,0,luma_std,0.25759512186050415
eval_obs_20260828_220846,480,observed,0,luma_std,0.24669940769672394
eval_obs_20260828_220846,480,matched_reference,0,luma_std,0.25850212574005127
eval_obs_20260828_220846,512,observed,0,luma_std,0.24532902240753174
eval_obs_20260828_220846,512,matched_reference,0,luma_std,0.2578500211238861
eval_obs_20260828_220846,544,observed,0,luma_std,0.2433580905199051
eval_obs_20260828_220846,544,matched_reference,0,luma_std,0.2578500211238861
eval_obs_20260828_220846,576,observed,0,luma_std,0.23908287286758423
eval_obs_20260828_220846,576,matched_reference,0,luma_std,0.25646016001701355
eval_obs_20260828_220846,608,observed,0,luma_std,0.23169563710689545
eval_obs_20260828_220846,608,matched_reference,0,luma_std,0.25125426054000854
eval_obs_20260828_220846,640,observed,0,luma_std,0.22633275389671326
eval_obs_20260828_220846,640,matched_reference,0,luma_std,0.23149539530277252
eval_obs_20260828_220846,0,observed,0,saturation_mean,0.3811798393726349
eval_obs_20260828_220846,0,matched_reference,0,saturation_mean,0.3543032109737396
eval_obs_20260828_220846,32,observed,0,saturation_mean,0.37628063559532166
eval_obs_20260828_220846,32,matched_reference,0,saturation_mean,0.36027777194976807
eval_obs_20260828_220846,64,observed,0,saturation_mean,0.3754521310329437
eval_obs_20260828_220846,64,matched_reference,0,saturation_mean,0.36277881264686584
eval_obs_20260828_220846,96,observed,0,saturation_mean,0.37720727920532227
eval_obs_20260828_220846,96,matched_reference,0,saturation_mean,0.3657646179199219
eval_obs_20260828_220846,128,observed,0,saturation_mean,0.37867051362991333
eval_obs_20260828_220846,128,matched_reference,0,saturation_mean,0.37047356367111206
eval_obs_20260828_220846,160,observed,0,saturation_mean,0.37888744473457336
eval_obs_20260828_220846,160,matched_reference,0,saturation_mean,0.37015506625175476
eval_obs_20260828_220846,192,observed,0,saturation_mean,0.37825658917427063
eval_obs_20260828_220846,192,matched_reference,0,saturation_mean,0.3682393431663513
eval_obs_20260828_220846,224,observed,0,saturation_mean,0.3767440915107727
eval_obs_20260828_220846,224,matched_reference,0,saturation_mean,0.3682393431663513
eval_obs_20260828_220846,256,observed,0,saturation_mean,0.37642112374305725
eval_obs_20260828_220846,256,matched_reference,0,saturation_mean,0.3699391782283783
eval_obs_20260828_220846,288,observed,0,saturation_mean,0.3778080344200134
eval_obs_20260828_220846,288,matched_reference,0,saturation_mean,0.3682326376438141
eval_obs_20260828_220846,320,observed,0,saturation_mean,0.379581481218338
eval_obs_20260828_220846,320,matched_reference,0,saturation_mean,0.3682326376438141
eval_obs_20260828_220846,352,observed,0,saturation_mean,0.380044549703598
eval_obs_20260828_220846,352,matched_reference,0,saturation_mean,0.3682326376438141
eval_obs_20260828_220846,384,observed,0,saturation_mean,0.37983763217926025
eval_obs_20260828_220846,384,matched_reference,0,saturation_mean,0.3682326376438141
eval_obs_20260828_220846,416,observed,0,saturation_mean,0.37853777408599854
eval_obs_20260828_220846,416,matched_reference,0,saturation_mean,0.3694397211074829
eval_obs_20260828_220846,448,observed,0,saturation_mean,0.379104346036911
eval_obs_20260828_220846,448,matched_reference,0,saturation_mean,0.3695557713508606
eval_obs_20260828_220846,480,observed,0,saturation_mean,0.37710535526275635
eval_obs_20260828_220846,480,matched_reference,0,saturation_mean,0.367580384016037
eval_obs_20260828_220846,512,observed,0,saturation_mean,0.37648963928222656
eval_obs_20260828_220846,512,matched_reference,0,saturation_mean,0.3662683069705963
eval_obs_20260828_220846,544,observed,0,saturation_mean,0.37411928176879883
eval_obs_20260828_220846,544,matched_reference,0,saturation_mean,0.3662683069705963
eval_obs_20260828_220846,576,observed,0,saturation_mean,0.37548819184303284
eval_obs_20260828_220846,576,matched_reference,0,saturation_mean,0.35976433753967285
eval_obs_20260828_220846,608,observed,0,saturation_mean,0.3875109553337097
eval_obs_20260828_220846,608,matched_reference,0,saturation_mean,0.3602861166000366
eval_obs_20260828_220846,640,observed,0,saturation_mean,0.4022027254104614
eval_obs_20260828_220846,640,matched_reference,0,saturation_mean,0.4181477725505829
eval_obs_20260828_220846,0,observed,0,laplacian_variance,612.8038249681116
eval_obs_20260828_220846,0,matched_reference,0,laplacian_variance,973.0958726299846
eval_obs_20260828_220846,32,observed,0,laplacian_variance,644.269204542469
eval_obs_20260828_220846,32,matched_reference,0,laplacian_variance,940.7670985487589
eval_obs_20260828_220846,64,observed,0,laplacian_variance,636.5814046148755
eval_obs_20260828_220846,64,matched_reference,0,laplacian_variance,945.527544182472
eval_obs_20260828_220846,96,observed,0,laplacian_variance,639.4604428063726
eval_obs_20260828_220846,96,matched_reference,0,laplacian_variance,964.1984450349406
eval_obs_20260828_220846,128,observed,0,laplacian_variance,634.6873192709717
eval_obs_20260828_220846,128,matched_reference,0,laplacian_variance,971.1037307589912
eval_obs_20260828_220846,160,observed,0,laplacian_variance,648.022876661651
eval_obs_20260828_220846,160,matched_reference,0,laplacian_variance,965.988172966855
eval_obs_20260828_220846,192,observed,0,laplacian_variance,664.429037710966
eval_obs_20260828_220846,192,matched_reference,0,laplacian_variance,975.5812300074749
eval_obs_20260828_220846,224,observed,0,laplacian_variance,669.3938827149225
eval_obs_20260828_220846,224,matched_reference,0,laplacian_variance,975.5812300074749
eval_obs_20260828_220846,256,observed,0,laplacian_variance,680.025012577141
eval_obs_20260828_220846,256,matched_reference,0,laplacian_variance,993.1648783971746
eval_obs_20260828_220846,288,observed,0,laplacian_variance,693.6868357803363
eval_obs_20260828_220846,288,matched_reference,0,laplacian_variance,1011.2920551033925
eval_obs_20260828_220846,320,observed,0,laplacian_variance,708.2498842908263
eval_obs_20260828_220846,320,matched_reference,0,laplacian_variance,1011.2920551033925
eval_obs_20260828_220846,352,observed,0,laplacian_variance,726.1361061292408
eval_obs_20260828_220846,352,matched_reference,0,laplacian_variance,1011.2920551033925
eval_obs_20260828_220846,384,observed,0,laplacian_variance,744.2863722232817
eval_obs_20260828_220846,384,matched_reference,0,laplacian_variance,1011.2920551033925
eval_obs_20260828_220846,416,observed,0,laplacian_variance,732.5337554775939
eval_obs_20260828_220846,416,matched_reference,0,laplacian_variance,1025.087062900834
eval_obs_20260828_220846,448,observed,0,laplacian_variance,753.3112242610093
eval_obs_20260828_220846,448,matched_reference,0,laplacian_variance,1026.2001446867328
eval_obs_20260828_220846,480,observed,0,laplacian_variance,739.9157951510682
eval_obs_20260828_220846,480,matched_reference,0,laplacian_variance,1057.2838560272783
eval_obs_20260828_220846,512,observed,0,laplacian_variance,746.3451840449551
eval_obs_20260828_220846,512,matched_reference,0,laplacian_variance,1093.2633359639758
eval_obs_20260828_220846,544,observed,0,laplacian_variance,714.2237048989183
eval_obs_20260828_220846,544,matched_reference,0,laplacian_variance,1093.2633359639758
eval_obs_20260828_220846,576,observed,0,laplacian_variance,691.4101810336163
eval_obs_20260828_220846,576,matched_reference,0,laplacian_variance,1028.0584659282488
eval_obs_20260828_220846,608,observed,0,laplacian_variance,681.3204855626943
eval_obs_20260828_220846,608,matched_reference,0,laplacian_variance,943.813017641788
eval_obs_20260828_220846,640,observed,0,laplacian_variance,651.808849177426
eval_obs_20260828_220846,640,matched_reference,0,laplacian_variance,646.2292791773309
eval_obs_20260828_220846,0,observed,0,edge_density,0.06752232142857142
eval_obs_20260828_220846,0,matched_reference,0,edge_density,0.06818000637755102
eval_obs_20260828_220846,32,observed,0,edge_density,0.0674625318877551
eval_obs_20260828_220846,32,matched_reference,0,edge_density,0.06829958545918367
eval_obs_20260828_220846,64,observed,0,edge_density,0.06568877551020408
eval_obs_20260828_220846,64,matched_reference,0,edge_density,0.06764190051020408
eval_obs_20260828_220846,96,observed,0,edge_density,0.06638632015306123
eval_obs_20260828_220846,96,matched_reference,0,edge_density,0.07005341198979592
eval_obs_20260828_220846,128,observed,0,edge_density,0.06702407525510204
eval_obs_20260828_220846,128,matched_reference,0,edge_density,0.07108976403061225
eval_obs_20260828_220846,160,observed,0,edge_density,0.0686782525510204
eval_obs_20260828_220846,160,matched_reference,0,edge_density,0.07322225765306123
eval_obs_20260828_220846,192,observed,0,edge_density,0.06819993622448979
eval_obs_20260828_220846,192,matched_reference,0,edge_density,0.07401945153061225
eval_obs_20260828_220846,224,observed,0,edge_density,0.07017299107142858
eval_obs_20260828_220846,224,matched_reference,0,edge_density,0.07401945153061225
eval_obs_20260828_220846,256,observed,0,edge_density,0.06853874362244898
eval_obs_20260828_220846,256,matched_reference,0,edge_density,0.07174744897959184
eval_obs_20260828_220846,288,observed,0,edge_density,0.06891741071428571
eval_obs_20260828_220846,288,matched_reference,0,edge_density,0.07158801020408163
eval_obs_20260828_220846,320,observed,0,edge_density,0.06953523596938775
eval_obs_20260828_220846,320,matched_reference,0,edge_density,0.07158801020408163
eval_obs_20260828_220846,352,observed,0,edge_density,0.07013313137755102
eval_obs_20260828_220846,352,matched_reference,0,edge_density,0.07158801020408163
eval_obs_20260828_220846,384,observed,0,edge_density,0.06957509566326531
eval_obs_20260828_220846,384,matched_reference,0,edge_density,0.07158801020408163
eval_obs_20260828_220846,416,observed,0,edge_density,0.07043207908163265
eval_obs_20260828_220846,416,matched_reference,0,edge_density,0.07142857142857142
eval_obs_20260828_220846,448,observed,0,edge_density,0.07130899234693877
eval_obs_20260828_220846,448,matched_reference,0,edge_density,0.07306281887755102
eval_obs_20260828_220846,480,observed,0,edge_density,0.07386001275510204
eval_obs_20260828_220846,480,matched_reference,0,edge_density,0.07336176658163265
eval_obs_20260828_220846,512,observed,0,edge_density,0.07220583545918367
eval_obs_20260828_220846,512,matched_reference,0,edge_density,0.07481664540816327
eval_obs_20260828_220846,544,observed,0,edge_density,0.07069116709183673
eval_obs_20260828_220846,544,matched_reference,0,edge_density,0.07481664540816327
eval_obs_20260828_220846,576,observed,0,edge_density,0.07065130739795919
eval_obs_20260828_220846,576,matched_reference,0,edge_density,0.06899713010204081
eval_obs_20260828_220846,608,observed,0,edge_density,0.06784119897959184
eval_obs_20260828_220846,608,matched_reference,0,edge_density,0.06596779336734694
eval_obs_20260828_220846,640,observed,0,edge_density,0.06931600765306123
eval_obs_20260828_220846,640,matched_reference,0,edge_density,0.05430883290816327
eval_obs_20260828_220846,0,observed,1,luma_mean,0.3515011966228485
eval_obs_20260828_220846,0,matched_reference,1,luma_mean,0.35935619473457336
eval_obs_20260828_220846,32,observed,1,luma_mean,0.3793366849422455
eval_obs_20260828_220846,32,matched_reference,1,luma_mean,0.37272050976753235
eval_obs_20260828_220846,64,observed,1,luma_mean,0.3937421441078186
eval_obs_20260828_220846,64,matched_reference,1,luma_mean,0.3770016133785248
eval_obs_20260828_220846,96,observed,1,luma_mean,0.4040086567401886
eval_obs_20260828_220846,96,matched_reference,1,luma_mean,0.3955290913581848
eval_obs_20260828_220846,128,observed,1,luma_mean,0.42365747690200806
eval_obs_20260828_220846,128,matched_reference,1,luma_mean,0.38516297936439514
eval_obs_20260828_220846,160,observed,1,luma_mean,0.42121464014053345
eval_obs_20260828_220846,160,matched_reference,1,luma_mean,0.3777588903903961
eval_obs_20260828_220846,192,observed,1,luma_mean,0.4172371029853821
eval_obs_20260828_220846,192,matched_reference,1,luma_mean,0.3735317289829254
eval_obs_20260828_220846,224,observed,1,luma_mean,0.4144291877746582
eval_obs_20260828_220846,224,matched_reference,1,luma_mean,0.3735317289829254
eval_obs_20260828_220846,256,observed,1,luma_mean,0.4067580997943878
eval_obs_20260828_220846,256,matched_reference,1,luma_mean,0.37008169293403625
eval_obs_20260828_220846,288,observed,1,luma_mean,0.39897939562797546
eval_obs_20260828_220846,288,matched_reference,1,luma_mean,0.3580070734024048
eval_obs_20260828_220846,320,observed,1,luma_mean,0.3911696970462799
eval_obs_20260828_220846,320,matched_reference,1,luma_mean,0.3580070734024048
eval_obs_20260828_220846,352,observed,1,luma_mean,0.38489341735839844
eval_obs_20260828_220846,352,matched_reference,1,luma_mean,0.3580070734024048
eval_obs_20260828_220846,384,observed,1,luma_mean,0.37950170040130615
eval_obs_20260828_220846,384,matched_reference,1,luma_mean,0.3580070734024048
eval_obs_20260828_220846,416,observed,1,luma_mean,0.37940359115600586
eval_obs_20260828_220846,416,matched_reference,1,luma_mean,0.3579680323600769
eval_obs_20260828_220846,448,observed,1,luma_mean,0.3840707540512085
eval_obs_20260828_220846,448,matched_reference,1,luma_mean,0.3563137948513031
eval_obs_20260828_220846,480,observed,1,luma_mean,0.3850177824497223
eval_obs_20260828_220846,480,matched_reference,1,luma_mean,0.3707318902015686
eval_obs_20260828_220846,512,observed,1,luma_mean,0.38655704259872437
eval_obs_20260828_220846,512,matched_reference,1,luma_mean,0.370944619178772
eval_obs_20260828_220846,544,observed,1,luma_mean,0.389198899269104
eval_obs_20260828_220846,544,matched_reference,1,luma_mean,0.370944619178772
eval_obs_20260828_220846,576,observed,1,luma_mean,0.39192235469818115
eval_obs_20260828_220846,576,matched_reference,1,luma_mean,0.3677730858325958
eval_obs_20260828_220846,608,observed,1,luma_mean,0.3912622034549713
eval_obs_20260828_220846,608,matched_reference,1,luma_mean,0.3627645671367645
eval_obs_20260828_220846,640,observed,1,luma_mean,0.38793331384658813
eval_obs_20260828_220846,640,matched_reference,1,luma_mean,0.3581790030002594
eval_obs_20260828_220846,0,observed,1,luma_std,0.2860106825828552
eval_obs_20260828_220846,0,matched_reference,1,luma_std,0.23759399354457855
eval_obs_20260828_220846,32,observed,1,luma_std,0.2783190608024597
eval_obs_20260828_220846,32,matched_reference,1,luma_std,0.23816639184951782
eval_obs_20260828_220846,64,observed,1,luma_std,0.2721714675426483
eval_obs_20260828_220846,64,matched_reference,1,luma_std,0.23665571212768555
eval_obs_20260828_220846,96,observed,1,luma_std,0.2669009268283844
eval_obs_20260828_220846,96,matched_reference,1,luma_std,0.24087437987327576
eval_obs_20260828_220846,128,observed,1,luma_std,0.27913177013397217
eval_obs_20260828_220846,128,matched_reference,1,luma_std,0.2449614405632019
eval_obs_20260828_220846,160,observed,1,luma_std,0.27363210916519165
eval_obs_20260828_220846,160,matched_reference,1,luma_std,0.23969954252243042
eval_obs_20260828_220846,192,observed,1,luma_std,0.2703649401664734
eval_obs_20260828_220846,192,matched_reference,1,luma_std,0.2360479086637497
eval_obs_20260828_220846,224,observed,1,luma_std,0.26939448714256287
eval_obs_20260828_220846,224,matched_reference,1,luma_std,0.2360479086637497
eval_obs_20260828_220846,256,observed,1,luma_std,0.2660394012928009
eval_obs_20260828_220846,256,matched_reference,1,luma_std,0.23306603729724884
eval_obs_20260828_220846,288,observed,1,luma_std,0.2615537941455841
eval_obs_20260828_220846,288,matched_reference,1,luma_std,0.2270478755235672
eval_obs_20260828_220846,320,observed,1,luma_std,0.2578737437725067
eval_obs_20260828_220846,320,matched_reference,1,luma_std,0.2270478755235672
eval_obs_20260828_220846,352,observed,1,luma_std,0.2546214163303375
eval_obs_20260828_220846,352,matched_reference,1,luma_std,0.2270478755235672
eval_obs_20260828_220846,384,observed,1,luma_std,0.2521589398384094
eval_obs_20260828_220846,384,matched_reference,1,luma_std,0.2270478755235672
eval_obs_20260828_220846,416,observed,1,luma_std,0.2558668851852417
eval_obs_20260828_220846,416,matched_reference,1,luma_std,0.2277335822582245
eval_obs_20260828_220846,448,observed,1,luma_std,0.2628079056739807
eval_obs_20260828_220846,448,matched_reference,1,luma_std,0.23058085143566132
eval_obs_20260828_220846,480,observed,1,luma_std,0.2657308578491211
eval_obs_20260828_220846,480,matched_reference,1,luma_std,0.23923055827617645
eval_obs_20260828_220846,512,observed,1,luma_std,0.26828110218048096
eval_obs_20260828_220846,512,matched_reference,1,luma_std,0.24089857935905457
eval_obs_20260828_220846,544,observed,1,luma_std,0.2699180841445923
eval_obs_20260828_220846,544,matched_reference,1,luma_std,0.24089857935905457
eval_obs_20260828_220846,576,observed,1,luma_std,0.272075891494751
eval_obs_20260828_220846,576,matched_reference,1,luma_std,0.24276015162467957
eval_obs_20260828_220846,608,observed,1,luma_std,0.27241429686546326
eval_obs_20260828_220846,608,matched_reference,1,luma_std,0.23994602262973785
eval_obs_20260828_220846,640,observed,1,luma_std,0.2722908854484558
eval_obs_20260828_220846,640,matched_reference,1,luma_std,0.24015864729881287
eval_obs_20260828_220846,0,observed,1,saturation_mean,0.4379470944404602
eval_obs_20260828_220846,0,matched_reference,1,saturation_mean,0.36728036403656006
eval_obs_20260828_220846,32,observed,1,saturation_mean,0.41124486923217773
eval_obs_20260828_220846,32,matched_reference,1,saturation_mean,0.36132076382637024
eval_obs_20260828_220846,64,observed,1,saturation_mean,0.38953691720962524
eval_obs_20260828_220846,64,matched_reference,1,saturation_mean,0.35707104206085205
eval_obs_20260828_220846,96,observed,1,saturation_mean,0.3690710663795471
eval_obs_20260828_220846,96,matched_reference,1,saturation_mean,0.34918153285980225
eval_obs_20260828_220846,128,observed,1,saturation_mean,0.36318108439445496
eval_obs_20260828_220846,128,matched_reference,1,saturation_mean,0.3595653772354126
eval_obs_20260828_220846,160,observed,1,saturation_mean,0.35970279574394226
eval_obs_20260828_220846,160,matched_reference,1,saturation_mean,0.3609764575958252
eval_obs_20260828_220846,192,observed,1,saturation_mean,0.3625217378139496
eval_obs_20260828_220846,192,matched_reference,1,saturation_mean,0.3604286313056946
eval_obs_20260828_220846,224,observed,1,saturation_mean,0.3643594980239868
eval_obs_20260828_220846,224,matched_reference,1,saturation_mean,0.3604286313056946
eval_obs_20260828_220846,256,observed,1,saturation_mean,0.37228432297706604
eval_obs_20260828_220846,256,matched_reference,1,saturation_mean,0.3592112362384796
eval_obs_20260828_220846,288,observed,1,saturation_mean,0.3763440251350403
eval_obs_20260828_220846,288,matched_reference,1,saturation_mean,0.36523187160491943
eval_obs_20260828_220846,320,observed,1,saturation_mean,0.380572646856308
eval_obs_20260828_220846,320,matched_reference,1,saturation_mean,0.36523187160491943
eval_obs_20260828_220846,352,observed,1,saturation_mean,0.3855588436126709
eval_obs_20260828_220846,352,matched_reference,1,saturation_mean,0.36523187160491943
eval_obs_20260828_220846,384,observed,1,saturation_mean,0.3901599943637848
eval_obs_20260828_220846,384,matched_reference,1,saturation_mean,0.36523187160491943
eval_obs_20260828_220846,416,observed,1,saturation_mean,0.39419832825660706
eval_obs_20260828_220846,416,matched_reference,1,saturation_mean,0.36837446689605713
eval_obs_20260828_220846,448,observed,1,saturation_mean,0.39548784494400024
eval_obs_20260828_220846,448,matched_reference,1,saturation_mean,0.3724014163017273
eval_obs_20260828_220846,480,observed,1,saturation_mean,0.39235517382621765
eval_obs_20260828_220846,480,matched_reference,1,saturation_mean,0.3660353124141693
eval_obs_20260828_220846,512,observed,1,saturation_mean,0.392568975687027
eval_obs_20260828_220846,512,matched_reference,1,saturation_mean,0.36491063237190247
eval_obs_20260828_220846,544,observed,1,saturation_mean,0.3890000879764557
eval_obs_20260828_220846,544,matched_reference,1,saturation_mean,0.36491063237190247
eval_obs_20260828_220846,576,observed,1,saturation_mean,0.38532036542892456
eval_obs_20260828_220846,576,matched_reference,1,saturation_mean,0.36455100774765015
eval_obs_20260828_220846,608,observed,1,saturation_mean,0.3814884126186371
eval_obs_20260828_220846,608,matched_reference,1,saturation_mean,0.3670361638069153
eval_obs_20260828_220846,640,observed,1,saturation_mean,0.38243818283081055
eval_obs_20260828_220846,640,matched_reference,1,saturation_mean,0.3740176856517792
eval_obs_20260828_220846,0,observed,1,laplacian_variance,996.9151560931543
eval_obs_20260828_220846,0,matched_reference,1,laplacian_variance,1099.5490011666427
eval_obs_20260828_220846,32,observed,1,laplacian_variance,855.6681890455895
eval_obs_20260828_220846,32,matched_reference,1,laplacian_variance,1075.140540372824
eval_obs_20260828_220846,64,observed,1,laplacian_variance,810.0726997184038
eval_obs_20260828_220846,64,matched_reference,1,laplacian_variance,942.1106304214777
eval_obs_20260828_220846,96,observed,1,laplacian_variance,774.9777865741513
eval_obs_20260828_220846,96,matched_reference,1,laplacian_variance,924.7341089324125
eval_obs_20260828_220846,128,observed,1,laplacian_variance,848.7723717326079
eval_obs_20260828_220846,128,matched_reference,1,laplacian_variance,1164.7577644532446
eval_obs_20260828_220846,160,observed,1,laplacian_variance,865.7386162951309
eval_obs_20260828_220846,160,matched_reference,1,laplacian_variance,1127.280912323427
eval_obs_20260828_220846,192,observed,1,laplacian_variance,884.2669160259809
eval_obs_20260828_220846,192,matched_reference,1,laplacian_variance,1104.0000240889156
eval_obs_20260828_220846,224,observed,1,laplacian_variance,918.2142126642628
eval_obs_20260828_220846,224,matched_reference,1,laplacian_variance,1104.0000240889156
eval_obs_20260828_220846,256,observed,1,laplacian_variance,928.0408228088152
eval_obs_20260828_220846,256,matched_reference,1,laplacian_variance,1071.29527409461
eval_obs_20260828_220846,288,observed,1,laplacian_variance,912.6366432997049
eval_obs_20260828_220846,288,matched_reference,1,laplacian_variance,1080.3541911028665
eval_obs_20260828_220846,320,observed,1,laplacian_variance,885.1779103845121
eval_obs_20260828_220846,320,matched_reference,1,laplacian_variance,1080.3541911028665
eval_obs_20260828_220846,352,observed,1,laplacian_variance,929.8142483511451
eval_obs_20260828_220846,352,matched_reference,1,laplacian_variance,1080.3541911028665
eval_obs_20260828_220846,384,observed,1,laplacian_variance,980.3985249945541
eval_obs_20260828_220846,384,matched_reference,1,laplacian_variance,1080.3541911028665
eval_obs_20260828_220846,416,observed,1,laplacian_variance,1043.3777387425187
eval_obs_20260828_220846,416,matched_reference,1,laplacian_variance,1002.6038519395782
eval_obs_20260828_220846,448,observed,1,laplacian_variance,1152.94329223887
eval_obs_20260828_220846,448,matched_reference,1,laplacian_variance,990.8552299969795
eval_obs_20260828_220846,480,observed,1,laplacian_variance,1156.2162737351862
eval_obs_20260828_220846,480,matched_reference,1,laplacian_variance,1176.194484642375
eval_obs_20260828_220846,512,observed,1,laplacian_variance,1187.322569862995
eval_obs_20260828_220846,512,matched_reference,1,laplacian_variance,1225.8149667153602
eval_obs_20260828_220846,544,observed,1,laplacian_variance,1126.3468052908956
eval_obs_20260828_220846,544,matched_reference,1,laplacian_variance,1225.8149667153602
eval_obs_20260828_220846,576,observed,1,laplacian_variance,1120.428966364926
eval_obs_20260828_220846,576,matched_reference,1,laplacian_variance,1166.5195020606548
eval_obs_20260828_220846,608,observed,1,laplacian_variance,1026.238570073901
eval_obs_20260828_220846,608,matched_reference,1,laplacian_variance,1136.0405148172913
eval_obs_20260828_220846,640,observed,1,laplacian_variance,1005.6966248432431
eval_obs_20260828_220846,640,matched_reference,1,laplacian_variance,1148.8888124372997
eval_obs_20260828_220846,0,observed,1,edge_density,0.08091517857142858
eval_obs_20260828_220846,0,matched_reference,1,edge_density,0.07824457908163265
eval_obs_20260828_220846,32,observed,1,edge_density,0.07374043367346939
eval_obs_20260828_220846,32,matched_reference,1,edge_density,0.08107461734693877
eval_obs_20260828_220846,64,observed,1,edge_density,0.06883769132653061
eval_obs_20260828_220846,64,matched_reference,1,edge_density,0.07537468112244898
eval_obs_20260828_220846,96,observed,1,edge_density,0.06491151147959184
eval_obs_20260828_220846,96,matched_reference,1,edge_density,0.07236527423469388
eval_obs_20260828_220846,128,observed,1,edge_density,0.07256457270408163
eval_obs_20260828_220846,128,matched_reference,1,edge_density,0.08019770408163265
eval_obs_20260828_220846,160,observed,1,edge_density,0.07198660714285714
eval_obs_20260828_220846,160,matched_reference,1,edge_density,0.08047672193877552
eval_obs_20260828_220846,192,observed,1,edge_density,0.07172751913265306
eval_obs_20260828_220846,192,matched_reference,1,edge_density,0.07952008928571429
eval_obs_20260828_220846,224,observed,1,edge_density,0.07382015306122448
eval_obs_20260828_220846,224,matched_reference,1,edge_density,0.07952008928571429
eval_obs_20260828_220846,256,observed,1,edge_density,0.0764907525510204
eval_obs_20260828_220846,256,matched_reference,1,edge_density,0.0778061224489796
eval_obs_20260828_220846,288,observed,1,edge_density,0.07573341836734694
eval_obs_20260828_220846,288,matched_reference,1,edge_density,0.07346141581632654
eval_obs_20260828_220846,320,observed,1,edge_density,0.07393973214285714
eval_obs_20260828_220846,320,matched_reference,1,edge_density,0.07346141581632654
eval_obs_20260828_220846,352,observed,1,edge_density,0.07485650510204081
eval_obs_20260828_220846,352,matched_reference,1,edge_density,0.07346141581632654
eval_obs_20260828_220846,384,observed,1,edge_density,0.07491629464285714
eval_obs_20260828_220846,384,matched_reference,1,edge_density,0.07346141581632654
eval_obs_20260828_220846,416,observed,1,edge_density,0.08013791454081633
eval_obs_20260828_220846,416,matched_reference,1,edge_density,0.07421875
eval_obs_20260828_220846,448,observed,1,edge_density,0.08452248086734694
eval_obs_20260828_220846,448,matched_reference,1,edge_density,0.07627152423469388
eval_obs_20260828_220846,480,observed,1,edge_density,0.08338647959183673
eval_obs_20260828_220846,480,matched_reference,1,edge_density,0.08452248086734694
eval_obs_20260828_220846,512,observed,1,edge_density,0.08476163903061225
eval_obs_20260828_220846,512,matched_reference,1,edge_density,0.08396444515306123
eval_obs_20260828_220846,544,observed,1,edge_density,0.08342633928571429
eval_obs_20260828_220846,544,matched_reference,1,edge_density,0.08396444515306123
eval_obs_20260828_220846,576,observed,1,edge_density,0.08221061862244898
eval_obs_20260828_220846,576,matched_reference,1,edge_density,0.0782047193877551
eval_obs_20260828_220846,608,observed,1,edge_density,0.0846420599489796
eval_obs_20260828_220846,608,matched_reference,1,edge_density,0.08035714285714286
eval_obs_20260828_220846,640,observed,1,edge_density,0.08378507653061225
eval_obs_20260828_220846,640,matched_reference,1,edge_density,0.08159279336734694
eval_obs_20260828_221116,0,observed,0,luma_mean,0.35211193561553955
eval_obs_20260828_221116,0,matched_reference,0,luma_mean,0.3456481099128723
eval_obs_20260828_221116,32,observed,0,luma_mean,0.3552230894565582
eval_obs_20260828_221116,32,matched_reference,0,luma_mean,0.3409249782562256
eval_obs_20260828_221116,64,observed,0,luma_mean,0.3535132110118866
eval_obs_20260828_221116,64,matched_reference,0,luma_mean,0.3395591974258423
eval_obs_20260828_221116,96,observed,0,luma_mean,0.35322150588035583
eval_obs_20260828_221116,96,matched_reference,0,luma_mean,0.33837297558784485
eval_obs_20260828_221116,128,observed,0,luma_mean,0.35344013571739197
eval_obs_20260828_221116,128,matched_reference,0,luma_mean,0.336498886346817
eval_obs_20260828_221116,160,observed,0,luma_mean,0.3533702790737152
eval_obs_20260828_221116,160,matched_reference,0,luma_mean,0.33785682916641235
eval_obs_20260828_221116,192,observed,0,luma_mean,0.35366109013557434
eval_obs_20260828_221116,192,matched_reference,0,luma_mean,0.33785682916641235
eval_obs_20260828_221116,224,observed,0,luma_mean,0.354465126991272
eval_obs_20260828_221116,224,matched_reference,0,luma_mean,0.33785682916641235
eval_obs_20260828_221116,256,observed,0,luma_mean,0.3541709780693054
eval_obs_20260828_221116,256,matched_reference,0,luma_mean,0.33991193771362305
eval_obs_20260828_221116,288,observed,0,luma_mean,0.3549844026565552
eval_obs_20260828_221116,288,matched_reference,0,luma_mean,0.33991193771362305
eval_obs_20260828_221116,320,observed,0,luma_mean,0.35536038875579834
eval_obs_20260828_221116,320,matched_reference,0,luma_mean,0.33991193771362305
eval_obs_20260828_221116,352,observed,0,luma_mean,0.35635215044021606
eval_obs_20260828_221116,352,matched_reference,0,luma_mean,0.33991193771362305
eval_obs_20260828_221116,384,observed,0,luma_mean,0.3580745756626129
eval_obs_20260828_221116,384,matched_reference,0,luma_mean,0.33991193771362305
eval_obs_20260828_221116,416,observed,0,luma_mean,0.35989540815353394
eval_obs_20260828_221116,416,matched_reference,0,luma_mean,0.33991193771362305
eval_obs_20260828_221116,448,observed,0,luma_mean,0.36099714040756226
eval_obs_20260828_221116,448,matched_reference,0,luma_mean,0.33991193771362305
eval_obs_20260828_221116,480,observed,0,luma_mean,0.3620958626270294
eval_obs_20260828_221116,480,matched_reference,0,luma_mean,0.33991193771362305
eval_obs_20260828_221116,512,observed,0,luma_mean,0.36355361342430115
eval_obs_20260828_221116,512,matched_reference,0,luma_mean,0.33991193771362305
eval_obs_20260828_221116,544,observed,0,luma_mean,0.3649573028087616
eval_obs_20260828_221116,544,matched_reference,0,luma_mean,0.33991193771362305
eval_obs_20260828_221116,576,observed,0,luma_mean,0.36607882380485535
eval_obs_20260828_221116,576,matched_reference,0,luma_mean,0.33991193771362305
eval_obs_20260828_221116,608,observed,0,luma_mean,0.3670445382595062
eval_obs_20260828_221116,608,matched_reference,0,luma_mean,0.33991193771362305
eval_obs_20260828_221116,640,observed,0,luma_mean,0.36766332387924194
eval_obs_20260828_221116,640,matched_reference,0,luma_mean,0.33991193771362305
eval_obs_20260828_221116,672,observed,0,luma_mean,0.36870601773262024
eval_obs_20260828_221116,672,matched_reference,0,luma_mean,0.33991193771362305
eval_obs_20260828_221116,704,observed,0,luma_mean,0.3678922951221466
eval_obs_20260828_221116,704,matched_reference,0,luma_mean,0.33991193771362305
eval_obs_20260828_221116,736,observed,0,luma_mean,0.3670756220817566
eval_obs_20260828_221116,736,matched_reference,0,luma_mean,0.33984485268592834
eval_obs_20260828_221116,768,observed,0,luma_mean,0.3656945526599884
eval_obs_20260828_221116,768,matched_reference,0,luma_mean,0.33976438641548157
eval_obs_20260828_221116,800,observed,0,luma_mean,0.3637722432613373
eval_obs_20260828_221116,800,matched_reference,0,luma_mean,0.33976438641548157
eval_obs_20260828_221116,832,observed,0,luma_mean,0.3650055229663849
eval_obs_20260828_221116,832,matched_reference,0,luma_mean,0.33976438641548157
eval_obs_20260828_221116,864,observed,0,luma_mean,0.3629704415798187
eval_obs_20260828_221116,864,matched_reference,0,luma_mean,0.33976438641548157
eval_obs_20260828_221116,896,observed,0,luma_mean,0.36243414878845215
eval_obs_20260828_221116,896,matched_reference,0,luma_mean,0.33976438641548157
eval_obs_20260828_221116,928,observed,0,luma_mean,0.3621406555175781
eval_obs_20260828_221116,928,matched_reference,0,luma_mean,0.33976438641548157
eval_obs_20260828_221116,960,observed,0,luma_mean,0.3607470393180847
eval_obs_20260828_221116,960,matched_reference,0,luma_mean,0.33976438641548157
eval_obs_20260828_221116,992,observed,0,luma_mean,0.3606877624988556
eval_obs_20260828_221116,992,matched_reference,0,luma_mean,0.33976438641548157
eval_obs_20260828_221116,1024,observed,0,luma_mean,0.36049920320510864
eval_obs_20260828_221116,1024,matched_reference,0,luma_mean,0.33976438641548157
eval_obs_20260828_221116,1056,observed,0,luma_mean,0.3610050678253174
eval_obs_20260828_221116,1056,matched_reference,0,luma_mean,0.33976438641548157
eval_obs_20260828_221116,1088,observed,0,luma_mean,0.35958173871040344
eval_obs_20260828_221116,1088,matched_reference,0,luma_mean,0.33976438641548157
eval_obs_20260828_221116,1120,observed,0,luma_mean,0.3573799431324005
eval_obs_20260828_221116,1120,matched_reference,0,luma_mean,0.33976438641548157
eval_obs_20260828_221116,1152,observed,0,luma_mean,0.36016449332237244
eval_obs_20260828_221116,1152,matched_reference,0,luma_mean,0.33976438641548157
eval_obs_20260828_221116,1184,observed,0,luma_mean,0.3576992154121399
eval_obs_20260828_221116,1184,matched_reference,0,luma_mean,0.33976438641548157
eval_obs_20260828_221116,0,observed,0,luma_std,0.24768780171871185
eval_obs_20260828_221116,0,matched_reference,0,luma_std,0.25597402453422546
eval_obs_20260828_221116,32,observed,0,luma_std,0.24537470936775208
eval_obs_20260828_221116,32,matched_reference,0,luma_std,0.25572463870048523
eval_obs_20260828_221116,64,observed,0,luma_std,0.2443602830171585
eval_obs_20260828_221116,64,matched_reference,0,luma_std,0.25524669885635376
eval_obs_20260828_221116,96,observed,0,luma_std,0.24449053406715393
eval_obs_20260828_221116,96,matched_reference,0,luma_std,0.2550988495349884
eval_obs_20260828_221116,128,observed,0,luma_std,0.24567706882953644
eval_obs_20260828_221116,128,matched_reference,0,luma_std,0.2564186751842499
eval_obs_20260828_221116,160,observed,0,luma_std,0.24620911478996277
eval_obs_20260828_221116,160,matched_reference,0,luma_std,0.25701627135276794
eval_obs_20260828_221116,192,observed,0,luma_std,0.24661077558994293
eval_obs_20260828_221116,192,matched_reference,0,luma_std,0.25701627135276794
eval_obs_20260828_221116,224,observed,0,luma_std,0.24753810465335846
eval_obs_20260828_221116,224,matched_reference,0,luma_std,0.25701627135276794
eval_obs_20260828_221116,256,observed,0,luma_std,0.24789538979530334
eval_obs_20260828_221116,256,matched_reference,0,luma_std,0.25733280181884766
eval_obs_20260828_221116,288,observed,0,luma_std,0.2480810284614563
eval_obs_20260828_221116,288,matched_reference,0,luma_std,0.25733280181884766
eval_obs_20260828_221116,320,observed,0,luma_std,0.2478678822517395
eval_obs_20260828_221116,320,matched_reference,0,luma_std,0.25733280181884766
eval_obs_20260828_221116,352,observed,0,luma_std,0.24882745742797852
eval_obs_20260828_221116,352,matched_reference,0,luma_std,0.25733280181884766
eval_obs_20260828_221116,384,observed,0,luma_std,0.2501832842826843
eval_obs_20260828_221116,384,matched_reference,0,luma_std,0.25733280181884766
eval_obs_20260828_221116,416,observed,0,luma_std,0.25187283754348755
eval_obs_20260828_221116,416,matched_reference,0,luma_std,0.25733280181884766
eval_obs_20260828_221116,448,observed,0,luma_std,0.25322389602661133
eval_obs_20260828_221116,448,matched_reference,0,luma_std,0.25733280181884766
eval_obs_20260828_221116,480,observed,0,luma_std,0.2543553411960602
eval_obs_20260828_221116,480,matched_reference,0,luma_std,0.25733280181884766
eval_obs_20260828_221116,512,observed,0,luma_std,0.2557514011859894
eval_obs_20260828_221116,512,matched_reference,0,luma_std,0.25733280181884766
eval_obs_20260828_221116,544,observed,0,luma_std,0.257021427154541
eval_obs_20260828_221116,544,matched_reference,0,luma_std,0.25733280181884766
eval_obs_20260828_221116,576,observed,0,luma_std,0.258451372385025
eval_obs_20260828_221116,576,matched_reference,0,luma_std,0.25733280181884766
eval_obs_20260828_221116,608,observed,0,luma_std,0.25983139872550964
eval_obs_20260828_221116,608,matched_reference,0,luma_std,0.25733280181884766
eval_obs_20260828_221116,640,observed,0,luma_std,0.260762482881546
eval_obs_20260828_221116,640,matched_reference,0,luma_std,0.25733280181884766
eval_obs_20260828_221116,672,observed,0,luma_std,0.26224958896636963
eval_obs_20260828_221116,672,matched_reference,0,luma_std,0.25733280181884766
eval_obs_20260828_221116,704,observed,0,luma_std,0.2628110647201538
eval_obs_20260828_221116,704,matched_reference,0,luma_std,0.25733280181884766
eval_obs_20260828_221116,736,observed,0,luma_std,0.263323038816452
eval_obs_20260828_221116,736,matched_reference,0,luma_std,0.25737935304641724
eval_obs_20260828_221116,768,observed,0,luma_std,0.2628823518753052
eval_obs_20260828_221116,768,matched_reference,0,luma_std,0.25747767090797424
eval_obs_20260828_221116,800,observed,0,luma_std,0.2620318830013275
eval_obs_20260828_221116,800,matched_reference,0,luma_std,0.25747767090797424
eval_obs_20260828_221116,832,observed,0,luma_std,0.26135575771331787
eval_obs_20260828_221116,832,matched_reference,0,luma_std,0.25747767090797424
eval_obs_20260828_221116,864,observed,0,luma_std,0.25786760449409485
eval_obs_20260828_221116,864,matched_reference,0,luma_std,0.25747767090797424
eval_obs_20260828_221116,896,observed,0,luma_std,0.2571287453174591
eval_obs_20260828_221116,896,matched_reference,0,luma_std,0.25747767090797424
eval_obs_20260828_221116,928,observed,0,luma_std,0.25599992275238037
eval_obs_20260828_221116,928,matched_reference,0,luma_std,0.25747767090797424
eval_obs_20260828_221116,960,observed,0,luma_std,0.2546255588531494
eval_obs_20260828_221116,960,matched_reference,0,luma_std,0.25747767090797424
eval_obs_20260828_221116,992,observed,0,luma_std,0.2546446919441223
eval_obs_20260828_221116,992,matched_reference,0,luma_std,0.25747767090797424
eval_obs_20260828_221116,1024,observed,0,luma_std,0.2543638348579407
eval_obs_20260828_221116,1024,matched_reference,0,luma_std,0.25747767090797424
eval_obs_20260828_221116,1056,observed,0,luma_std,0.2541990280151367
eval_obs_20260828_221116,1056,matched_reference,0,luma_std,0.25747767090797424
eval_obs_20260828_221116,1088,observed,0,luma_std,0.25054678320884705
eval_obs_20260828_221116,1088,matched_reference,0,luma_std,0.25747767090797424
eval_obs_20260828_221116,1120,observed,0,luma_std,0.24364235997200012
eval_obs_20260828_221116,1120,matched_reference,0,luma_std,0.25747767090797424
eval_obs_20260828_221116,1152,observed,0,luma_std,0.23457984626293182
eval_obs_20260828_221116,1152,matched_reference,0,luma_std,0.25747767090797424
eval_obs_20260828_221116,1184,observed,0,luma_std,0.23256881535053253
eval_obs_20260828_221116,1184,matched_reference,0,luma_std,0.25747767090797424
eval_obs_20260828_221116,0,observed,0,saturation_mean,0.38512879610061646
eval_obs_20260828_221116,0,matched_reference,0,saturation_mean,0.3543032109737396
eval_obs_20260828_221116,32,observed,0,saturation_mean,0.37927350401878357
eval_obs_20260828_221116,32,matched_reference,0,saturation_mean,0.36143267154693604
eval_obs_20260828_221116,64,observed,0,saturation_mean,0.38032102584838867
eval_obs_20260828_221116,64,matched_reference,0,saturation_mean,0.3618524968624115
eval_obs_20260828_221116,96,observed,0,saturation_mean,0.3812338411808014
eval_obs_20260828_221116,96,matched_reference,0,saturation_mean,0.3657646179199219
eval_obs_20260828_221116,128,observed,0,saturation_mean,0.3826819062232971
eval_obs_20260828_221116,128,matched_reference,0,saturation_mean,0.37047356367111206
eval_obs_20260828_221116,160,observed,0,saturation_mean,0.3819795846939087
eval_obs_20260828_221116,160,matched_reference,0,saturation_mean,0.3705427944660187
eval_obs_20260828_221116,192,observed,0,saturation_mean,0.38300347328186035
eval_obs_20260828_221116,192,matched_reference,0,saturation_mean,0.3705427944660187
eval_obs_20260828_221116,224,observed,0,saturation_mean,0.3847041130065918
eval_obs_20260828_221116,224,matched_reference,0,saturation_mean,0.3705427944660187
eval_obs_20260828_221116,256,observed,0,saturation_mean,0.3841121792793274
eval_obs_20260828_221116,256,matched_reference,0,saturation_mean,0.3682326376438141
eval_obs_20260828_221116,288,observed,0,saturation_mean,0.38359516859054565
eval_obs_20260828_221116,288,matched_reference,0,saturation_mean,0.3682326376438141
eval_obs_20260828_221116,320,observed,0,saturation_mean,0.38316434621810913
eval_obs_20260828_221116,320,matched_reference,0,saturation_mean,0.3682326376438141
eval_obs_20260828_221116,352,observed,0,saturation_mean,0.38217565417289734
eval_obs_20260828_221116,352,matched_reference,0,saturation_mean,0.3682326376438141
eval_obs_20260828_221116,384,observed,0,saturation_mean,0.38211262226104736
eval_obs_20260828_221116,384,matched_reference,0,saturation_mean,0.3682326376438141
eval_obs_20260828_221116,416,observed,0,saturation_mean,0.38364648818969727
eval_obs_20260828_221116,416,matched_reference,0,saturation_mean,0.3682326376438141
eval_obs_20260828_221116,448,observed,0,saturation_mean,0.3829551637172699
eval_obs_20260828_221116,448,matched_reference,0,saturation_mean,0.3682326376438141
eval_obs_20260828_221116,480,observed,0,saturation_mean,0.38358741998672485
eval_obs_20260828_221116,480,matched_reference,0,saturation_mean,0.3682326376438141
eval_obs_20260828_221116,512,observed,0,saturation_mean,0.38218793272972107
eval_obs_20260828_221116,512,matched_reference,0,saturation_mean,0.3682326376438141
eval_obs_20260828_221116,544,observed,0,saturation_mean,0.38342931866645813
eval_obs_20260828_221116,544,matched_reference,0,saturation_mean,0.3682326376438141
eval_obs_20260828_221116,576,observed,0,saturation_mean,0.38422223925590515
eval_obs_20260828_221116,576,matched_reference,0,saturation_mean,0.3682326376438141
eval_obs_20260828_221116,608,observed,0,saturation_mean,0.3839443325996399
eval_obs_20260828_221116,608,matched_reference,0,saturation_mean,0.3682326376438141
eval_obs_20260828_221116,640,observed,0,saturation_mean,0.38349172472953796
eval_obs_20260828_221116,640,matched_reference,0,saturation_mean,0.3682326376438141
eval_obs_20260828_221116,672,observed,0,saturation_mean,0.38440102338790894
eval_obs_20260828_221116,672,matched_reference,0,saturation_mean,0.3682326376438141
eval_obs_20260828_221116,704,observed,0,saturation_mean,0.3840023875236511
eval_obs_20260828_221116,704,matched_reference,0,saturation_mean,0.3682326376438141
eval_obs_20260828_221116,736,observed,0,saturation_mean,0.38453981280326843
eval_obs_20260828_221116,736,matched_reference,0,saturation_mean,0.3690151274204254
eval_obs_20260828_221116,768,observed,0,saturation_mean,0.3850797116756439
eval_obs_20260828_221116,768,matched_reference,0,saturation_mean,0.36956536769866943
eval_obs_20260828_221116,800,observed,0,saturation_mean,0.385437548160553
eval_obs_20260828_221116,800,matched_reference,0,saturation_mean,0.36956536769866943
eval_obs_20260828_221116,832,observed,0,saturation_mean,0.38306188583374023
eval_obs_20260828_221116,832,matched_reference,0,saturation_mean,0.36956536769866943
eval_obs_20260828_221116,864,observed,0,saturation_mean,0.38138240575790405
eval_obs_20260828_221116,864,matched_reference,0,saturation_mean,0.36956536769866943
eval_obs_20260828_221116,896,observed,0,saturation_mean,0.3820372223854065
eval_obs_20260828_221116,896,matched_reference,0,saturation_mean,0.36956536769866943
eval_obs_20260828_221116,928,observed,0,saturation_mean,0.37889721989631653
eval_obs_20260828_221116,928,matched_reference,0,saturation_mean,0.36956536769866943
eval_obs_20260828_221116,960,observed,0,saturation_mean,0.38082095980644226
eval_obs_20260828_221116,960,matched_reference,0,saturation_mean,0.36956536769866943
eval_obs_20260828_221116,992,observed,0,saturation_mean,0.38089704513549805
eval_obs_20260828_221116,992,matched_reference,0,saturation_mean,0.36956536769866943
eval_obs_20260828_221116,1024,observed,0,saturation_mean,0.38068822026252747
eval_obs_20260828_221116,1024,matched_reference,0,saturation_mean,0.36956536769866943
eval_obs_20260828_221116,1056,observed,0,saturation_mean,0.3799990117549896
eval_obs_20260828_221116,1056,matched_reference,0,saturation_mean,0.36956536769866943
eval_obs_20260828_221116,1088,observed,0,saturation_mean,0.3812892735004425
eval_obs_20260828_221116,1088,matched_reference,0,saturation_mean,0.36956536769866943
eval_obs_20260828_221116,1120,observed,0,saturation_mean,0.38551175594329834
eval_obs_20260828_221116,1120,matched_reference,0,saturation_mean,0.36956536769866943
eval_obs_20260828_221116,1152,observed,0,saturation_mean,0.37367257475852966
eval_obs_20260828_221116,1152,matched_reference,0,saturation_mean,0.36956536769866943
eval_obs_20260828_221116,1184,observed,0,saturation_mean,0.37962162494659424
eval_obs_20260828_221116,1184,matched_reference,0,saturation_mean,0.36956536769866943
eval_obs_20260828_221116,0,observed,0,laplacian_variance,624.4165413493864
eval_obs_20260828_221116,0,matched_reference,0,laplacian_variance,973.0958726299846
eval_obs_20260828_221116,32,observed,0,laplacian_variance,641.7142762955106
eval_obs_20260828_221116,32,matched_reference,0,laplacian_variance,936.0795521940703
eval_obs_20260828_221116,64,observed,0,laplacian_variance,648.9583120477145
eval_obs_20260828_221116,64,matched_reference,0,laplacian_variance,944.038685555162
eval_obs_20260828_221116,96,observed,0,laplacian_variance,642.9411064888327
eval_obs_20260828_221116,96,matched_reference,0,laplacian_variance,964.1984450349406
eval_obs_20260828_221116,128,observed,0,laplacian_variance,628.3001970337212
eval_obs_20260828_221116,128,matched_reference,0,laplacian_variance,971.1037307589912
eval_obs_20260828_221116,160,observed,0,laplacian_variance,657.9234551267294
eval_obs_20260828_221116,160,matched_reference,0,laplacian_variance,980.3778849216066
eval_obs_20260828_221116,192,observed,0,laplacian_variance,659.0982732617919
eval_obs_20260828_221116,192,matched_reference,0,laplacian_variance,980.3778849216066
eval_obs_20260828_221116,224,observed,0,laplacian_variance,672.1701501526966
eval_obs_20260828_221116,224,matched_reference,0,laplacian_variance,980.3778849216066
eval_obs_20260828_221116,256,observed,0,laplacian_variance,685.379867096138
eval_obs_20260828_221116,256,matched_reference,0,laplacian_variance,1011.2920551033925
eval_obs_20260828_221116,288,observed,0,laplacian_variance,678.6378371839672
eval_obs_20260828_221116,288,matched_reference,0,laplacian_variance,1011.2920551033925
eval_obs_20260828_221116,320,observed,0,laplacian_variance,684.2664777695362
eval_obs_20260828_221116,320,matched_reference,0,laplacian_variance,1011.2920551033925
eval_obs_20260828_221116,352,observed,0,laplacian_variance,706.6026282125788
eval_obs_20260828_221116,352,matched_reference,0,laplacian_variance,1011.2920551033925
eval_obs_20260828_221116,384,observed,0,laplacian_variance,701.0016529316805
eval_obs_20260828_221116,384,matched_reference,0,laplacian_variance,1011.2920551033925
eval_obs_20260828_221116,416,observed,0,laplacian_variance,719.1072268964649
eval_obs_20260828_221116,416,matched_reference,0,laplacian_variance,1011.2920551033925
eval_obs_20260828_221116,448,observed,0,laplacian_variance,728.5732459652577
eval_obs_20260828_221116,448,matched_reference,0,laplacian_variance,1011.2920551033925
eval_obs_20260828_221116,480,observed,0,laplacian_variance,737.3564429511531
eval_obs_20260828_221116,480,matched_reference,0,laplacian_variance,1011.2920551033925
eval_obs_20260828_221116,512,observed,0,laplacian_variance,736.5386836740286
eval_obs_20260828_221116,512,matched_reference,0,laplacian_variance,1011.2920551033925
eval_obs_20260828_221116,544,observed,0,laplacian_variance,749.5624026159901
eval_obs_20260828_221116,544,matched_reference,0,laplacian_variance,1011.2920551033925
eval_obs_20260828_221116,576,observed,0,laplacian_variance,739.6044171391701
eval_obs_20260828_221116,576,matched_reference,0,laplacian_variance,1011.2920551033925
eval_obs_20260828_221116,608,observed,0,laplacian_variance,743.8244351562187
eval_obs_20260828_221116,608,matched_reference,0,laplacian_variance,1011.2920551033925
eval_obs_20260828_221116,640,observed,0,laplacian_variance,747.1960241785648
eval_obs_20260828_221116,640,matched_reference,0,laplacian_variance,1011.2920551033925
eval_obs_20260828_221116,672,observed,0,laplacian_variance,751.3375700951019
eval_obs_20260828_221116,672,matched_reference,0,laplacian_variance,1011.2920551033925
eval_obs_20260828_221116,704,observed,0,laplacian_variance,750.9565479508145
eval_obs_20260828_221116,704,matched_reference,0,laplacian_variance,1011.2920551033925
eval_obs_20260828_221116,736,observed,0,laplacian_variance,752.9310792746618
eval_obs_20260828_221116,736,matched_reference,0,laplacian_variance,1011.2031290673156
eval_obs_20260828_221116,768,observed,0,laplacian_variance,777.6093886239189
eval_obs_20260828_221116,768,matched_reference,0,laplacian_variance,1029.8856094623297
eval_obs_20260828_221116,800,observed,0,laplacian_variance,775.6319492658643
eval_obs_20260828_221116,800,matched_reference,0,laplacian_variance,1029.8856094623297
eval_obs_20260828_221116,832,observed,0,laplacian_variance,753.2922065096167
eval_obs_20260828_221116,832,matched_reference,0,laplacian_variance,1029.8856094623297
eval_obs_20260828_221116,864,observed,0,laplacian_variance,722.8818463024028
eval_obs_20260828_221116,864,matched_reference,0,laplacian_variance,1029.8856094623297
eval_obs_20260828_221116,896,observed,0,laplacian_variance,716.850137476224
eval_obs_20260828_221116,896,matched_reference,0,laplacian_variance,1029.8856094623297
eval_obs_20260828_221116,928,observed,0,laplacian_variance,706.4748135526595
eval_obs_20260828_221116,928,matched_reference,0,laplacian_variance,1029.8856094623297
eval_obs_20260828_221116,960,observed,0,laplacian_variance,694.4283415581076
eval_obs_20260828_221116,960,matched_reference,0,laplacian_variance,1029.8856094623297
eval_obs_20260828_221116,992,observed,0,laplacian_variance,692.0176848471536
eval_obs_20260828_221116,992,matched_reference,0,laplacian_variance,1029.8856094623297
eval_obs_20260828_221116,1024,observed,0,laplacian_variance,645.6893245199728
eval_obs_20260828_221116,1024,matched_reference,0,laplacian_variance,1029.8856094623297
eval_obs_20260828_221116,1056,observed,0,laplacian_variance,639.529673180745
eval_obs_20260828_221116,1056,matched_reference,0,laplacian_variance,1029.8856094623297
eval_obs_20260828_221116,1088,observed,0,laplacian_variance,676.9597890409814
eval_obs_20260828_221116,1088,matched_reference,0,laplacian_variance,1029.8856094623297
eval_obs_20260828_221116,1120,observed,0,laplacian_variance,666.6267741245808
eval_obs_20260828_221116,1120,matched_reference,0,laplacian_variance,1029.8856094623297
eval_obs_20260828_221116,1152,observed,0,laplacian_variance,554.7510068254736
eval_obs_20260828_221116,1152,matched_reference,0,laplacian_variance,1029.8856094623297
eval_obs_20260828_221116,1184,observed,0,laplacian_variance,563.0971028853435
eval_obs_20260828_221116,1184,matched_reference,0,laplacian_variance,1029.8856094623297
eval_obs_20260828_221116,0,observed,0,edge_density,0.06774154974489796
eval_obs_20260828_221116,0,matched_reference,0,edge_density,0.06818000637755102
eval_obs_20260828_221116,32,observed,0,edge_density,0.06917649872448979
eval_obs_20260828_221116,32,matched_reference,0,edge_density,0.06897720025510204
eval_obs_20260828_221116,64,observed,0,edge_density,0.06642617984693877
eval_obs_20260828_221116,64,matched_reference,0,edge_density,0.06814014668367346
eval_obs_20260828_221116,96,observed,0,edge_density,0.06865832270408163
eval_obs_20260828_221116,96,matched_reference,0,edge_density,0.07005341198979592
eval_obs_20260828_221116,128,observed,0,edge_density,0.06823979591836735
eval_obs_20260828_221116,128,matched_reference,0,edge_density,0.07108976403061225
eval_obs_20260828_221116,160,observed,0,edge_density,0.06744260204081633
eval_obs_20260828_221116,160,matched_reference,0,edge_density,0.07252471301020408
eval_obs_20260828_221116,192,observed,0,edge_density,0.06937579719387756
eval_obs_20260828_221116,192,matched_reference,0,edge_density,0.07252471301020408
eval_obs_20260828_221116,224,observed,0,edge_density,0.06991390306122448
eval_obs_20260828_221116,224,matched_reference,0,edge_density,0.07252471301020408
eval_obs_20260828_221116,256,observed,0,edge_density,0.07099011479591837
eval_obs_20260828_221116,256,matched_reference,0,edge_density,0.07158801020408163
eval_obs_20260828_221116,288,observed,0,edge_density,0.06937579719387756
eval_obs_20260828_221116,288,matched_reference,0,edge_density,0.07158801020408163
eval_obs_20260828_221116,320,observed,0,edge_density,0.07110969387755102
eval_obs_20260828_221116,320,matched_reference,0,edge_density,0.07158801020408163
eval_obs_20260828_221116,352,observed,0,edge_density,0.07130899234693877
eval_obs_20260828_221116,352,matched_reference,0,edge_density,0.07158801020408163
eval_obs_20260828_221116,384,observed,0,edge_density,0.07174744897959184
eval_obs_20260828_221116,384,matched_reference,0,edge_density,0.07158801020408163
eval_obs_20260828_221116,416,observed,0,edge_density,0.0716079400510204
eval_obs_20260828_221116,416,matched_reference,0,edge_density,0.07158801020408163
eval_obs_20260828_221116,448,observed,0,edge_density,0.0716079400510204
eval_obs_20260828_221116,448,matched_reference,0,edge_density,0.07158801020408163
eval_obs_20260828_221116,480,observed,0,edge_density,0.07132892219387756
eval_obs_20260828_221116,480,matched_reference,0,edge_density,0.07158801020408163
eval_obs_20260828_221116,512,observed,0,edge_density,0.07182716836734694
eval_obs_20260828_221116,512,matched_reference,0,edge_density,0.07158801020408163
eval_obs_20260828_221116,544,observed,0,edge_density,0.07232541454081633
eval_obs_20260828_221116,544,matched_reference,0,edge_density,0.07158801020408163
eval_obs_20260828_221116,576,observed,0,edge_density,0.07252471301020408
eval_obs_20260828_221116,576,matched_reference,0,edge_density,0.07158801020408163
eval_obs_20260828_221116,608,observed,0,edge_density,0.07118941326530612
eval_obs_20260828_221116,608,matched_reference,0,edge_density,0.07158801020408163
eval_obs_20260828_221116,640,observed,0,edge_density,0.07134885204081633
eval_obs_20260828_221116,640,matched_reference,0,edge_density,0.07158801020408163
eval_obs_20260828_221116,672,observed,0,edge_density,0.0719467474489796
eval_obs_20260828_221116,672,matched_reference,0,edge_density,0.07158801020408163
eval_obs_20260828_221116,704,observed,0,edge_density,0.07085060586734694
eval_obs_20260828_221116,704,matched_reference,0,edge_density,0.07158801020408163
eval_obs_20260828_221116,736,observed,0,edge_density,0.07158801020408163
eval_obs_20260828_221116,736,matched_reference,0,edge_density,0.07268415178571429
eval_obs_20260828_221116,768,observed,0,edge_density,0.06945551658163265
eval_obs_20260828_221116,768,matched_reference,0,edge_density,0.0729233099489796
eval_obs_20260828_221116,800,observed,0,edge_density,0.06977439413265306
eval_obs_20260828_221116,800,matched_reference,0,edge_density,0.0729233099489796
eval_obs_20260828_221116,832,observed,0,edge_density,0.07025271045918367
eval_obs_20260828_221116,832,matched_reference,0,edge_density,0.0729233099489796
eval_obs_20260828_221116,864,observed,0,edge_density,0.06728316326530612
eval_obs_20260828_221116,864,matched_reference,0,edge_density,0.0729233099489796
eval_obs_20260828_221116,896,observed,0,edge_density,0.06740274234693877
eval_obs_20260828_221116,896,matched_reference,0,edge_density,0.0729233099489796
eval_obs_20260828_221116,928,observed,0,edge_density,0.06788105867346939
eval_obs_20260828_221116,928,matched_reference,0,edge_density,0.0729233099489796
eval_obs_20260828_221116,960,observed,0,edge_density,0.06676498724489796
eval_obs_20260828_221116,960,matched_reference,0,edge_density,0.0729233099489796
eval_obs_20260828_221116,992,observed,0,edge_density,0.06742267219387756
eval_obs_20260828_221116,992,matched_reference,0,edge_density,0.0729233099489796
eval_obs_20260828_221116,1024,observed,0,edge_density,0.06630660076530612
eval_obs_20260828_221116,1024,matched_reference,0,edge_density,0.0729233099489796
eval_obs_20260828_221116,1056,observed,0,edge_density,0.06654575892857142
eval_obs_20260828_221116,1056,matched_reference,0,edge_density,0.0729233099489796
eval_obs_20260828_221116,1088,observed,0,edge_density,0.06855867346938775
eval_obs_20260828_221116,1088,matched_reference,0,edge_density,0.0729233099489796
eval_obs_20260828_221116,1120,observed,0,edge_density,0.06816007653061225
eval_obs_20260828_221116,1120,matched_reference,0,edge_density,0.0729233099489796
eval_obs_20260828_221116,1152,observed,0,edge_density,0.06154336734693878
eval_obs_20260828_221116,1152,matched_reference,0,edge_density,0.0729233099489796
eval_obs_20260828_221116,1184,observed,0,edge_density,0.06094547193877551
eval_obs_20260828_221116,1184,matched_reference,0,edge_density,0.0729233099489796
eval_obs_20260828_221116,0,observed,1,luma_mean,0.34849637746810913
eval_obs_20260828_221116,0,matched_reference,1,luma_mean,0.35935619473457336
eval_obs_20260828_221116,32,observed,1,luma_mean,0.3775787055492401
eval_obs_20260828_221116,32,matched_reference,1,luma_mean,0.372373104095459
eval_obs_20260828_221116,64,observed,1,luma_mean,0.38999930024147034
eval_obs_20260828_221116,64,matched_reference,1,luma_mean,0.3764345645904541
eval_obs_20260828_221116,96,observed,1,luma_mean,0.39939236640930176
eval_obs_20260828_221116,96,matched_reference,1,luma_mean,0.3955290913581848
eval_obs_20260828_221116,128,observed,1,luma_mean,0.42125204205513
eval_obs_20260828_221116,128,matched_reference,1,luma_mean,0.38516297936439514
eval_obs_20260828_221116,160,observed,1,luma_mean,0.40751293301582336
eval_obs_20260828_221116,160,matched_reference,1,luma_mean,0.37250980734825134
eval_obs_20260828_221116,192,observed,1,luma_mean,0.40574750304222107
eval_obs_20260828_221116,192,matched_reference,1,luma_mean,0.37250980734825134
eval_obs_20260828_221116,224,observed,1,luma_mean,0.4032959043979645
eval_obs_20260828_221116,224,matched_reference,1,luma_mean,0.37250980734825134
eval_obs_20260828_221116,256,observed,1,luma_mean,0.3959434926509857
eval_obs_20260828_221116,256,matched_reference,1,luma_mean,0.3580070734024048
eval_obs_20260828_221116,288,observed,1,luma_mean,0.39233478903770447
eval_obs_20260828_221116,288,matched_reference,1,luma_mean,0.3580070734024048
eval_obs_20260828_221116,320,observed,1,luma_mean,0.3858616054058075
eval_obs_20260828_221116,320,matched_reference,1,luma_mean,0.3580070734024048
eval_obs_20260828_221116,352,observed,1,luma_mean,0.3826221525669098
eval_obs_20260828_221116,352,matched_reference,1,luma_mean,0.3580070734024048
eval_obs_20260828_221116,384,observed,1,luma_mean,0.38288506865501404
eval_obs_20260828_221116,384,matched_reference,1,luma_mean,0.3580070734024048
eval_obs_20260828_221116,416,observed,1,luma_mean,0.3797736167907715
eval_obs_20260828_221116,416,matched_reference,1,luma_mean,0.3580070734024048
eval_obs_20260828_221116,448,observed,1,luma_mean,0.37920451164245605
eval_obs_20260828_221116,448,matched_reference,1,luma_mean,0.3580070734024048
eval_obs_20260828_221116,480,observed,1,luma_mean,0.3762013912200928
eval_obs_20260828_221116,480,matched_reference,1,luma_mean,0.3580070734024048
eval_obs_20260828_221116,512,observed,1,luma_mean,0.3752012550830841
eval_obs_20260828_221116,512,matched_reference,1,luma_mean,0.3580070734024048
eval_obs_20260828_221116,544,observed,1,luma_mean,0.3738408088684082
eval_obs_20260828_221116,544,matched_reference,1,luma_mean,0.3580070734024048
eval_obs_20260828_221116,576,observed,1,luma_mean,0.37348875403404236
eval_obs_20260828_221116,576,matched_reference,1,luma_mean,0.3580070734024048
eval_obs_20260828_221116,608,observed,1,luma_mean,0.3740597665309906
eval_obs_20260828_221116,608,matched_reference,1,luma_mean,0.3580070734024048
eval_obs_20260828_221116,640,observed,1,luma_mean,0.37462908029556274
eval_obs_20260828_221116,640,matched_reference,1,luma_mean,0.3580070734024048
eval_obs_20260828_221116,672,observed,1,luma_mean,0.3742108643054962
eval_obs_20260828_221116,672,matched_reference,1,luma_mean,0.3580070734024048
eval_obs_20260828_221116,704,observed,1,luma_mean,0.37723642587661743
eval_obs_20260828_221116,704,matched_reference,1,luma_mean,0.3580070734024048
eval_obs_20260828_221116,736,observed,1,luma_mean,0.37950441241264343
eval_obs_20260828_221116,736,matched_reference,1,luma_mean,0.35798463225364685
eval_obs_20260828_221116,768,observed,1,luma_mean,0.38029420375823975
eval_obs_20260828_221116,768,matched_reference,1,luma_mean,0.3572167754173279
eval_obs_20260828_221116,800,observed,1,luma_mean,0.3803233206272125
eval_obs_20260828_221116,800,matched_reference,1,luma_mean,0.3572167754173279
eval_obs_20260828_221116,832,observed,1,luma_mean,0.3911980986595154
eval_obs_20260828_221116,832,matched_reference,1,luma_mean,0.3572167754173279
eval_obs_20260828_221116,864,observed,1,luma_mean,0.39738383889198303
eval_obs_20260828_221116,864,matched_reference,1,luma_mean,0.3572167754173279
eval_obs_20260828_221116,896,observed,1,luma_mean,0.38563841581344604
eval_obs_20260828_221116,896,matched_reference,1,luma_mean,0.3572167754173279
eval_obs_20260828_221116,928,observed,1,luma_mean,0.36841505765914917
eval_obs_20260828_221116,928,matched_reference,1,luma_mean,0.3572167754173279
eval_obs_20260828_221116,960,observed,1,luma_mean,0.36395543813705444
eval_obs_20260828_221116,960,matched_reference,1,luma_mean,0.3572167754173279
eval_obs_20260828_221116,992,observed,1,luma_mean,0.36007335782051086
eval_obs_20260828_221116,992,matched_reference,1,luma_mean,0.3572167754173279
eval_obs_20260828_221116,1024,observed,1,luma_mean,0.36643004417419434
eval_obs_20260828_221116,1024,matched_reference,1,luma_mean,0.3572167754173279
eval_obs_20260828_221116,1056,observed,1,luma_mean,0.36171671748161316
eval_obs_20260828_221116,1056,matched_reference,1,luma_mean,0.3572167754173279
eval_obs_20260828_221116,1088,observed,1,luma_mean,0.3535183370113373
eval_obs_20260828_221116,1088,matched_reference,1,luma_mean,0.3572167754173279
eval_obs_20260828_221116,1120,observed,1,luma_mean,0.3494032621383667
eval_obs_20260828_221116,1120,matched_reference,1,luma_mean,0.3572167754173279
eval_obs_20260828_221116,1152,observed,1,luma_mean,0.34951671957969666
eval_obs_20260828_221116,1152,matched_reference,1,luma_mean,0.3572167754173279
eval_obs_20260828_221116,1184,observed,1,luma_mean,0.3526967167854309
eval_obs_20260828_221116,1184,matched_reference,1,luma_mean,0.3572167754173279
eval_obs_20260828_221116,0,observed,1,luma_std,0.28388512134552
eval_obs_20260828_221116,0,matched_reference,1,luma_std,0.23759399354457855
eval_obs_20260828_221116,32,observed,1,luma_std,0.2759149670600891
eval_obs_20260828_221116,32,matched_reference,1,luma_std,0.23814533650875092
eval_obs_20260828_221116,64,observed,1,luma_std,0.26917171478271484
eval_obs_20260828_221116,64,matched_reference,1,luma_std,0.23703715205192566
eval_obs_20260828_221116,96,observed,1,luma_std,0.2631312906742096
eval_obs_20260828_221116,96,matched_reference,1,luma_std,0.24087437987327576
eval_obs_20260828_221116,128,observed,1,luma_std,0.276402086019516
eval_obs_20260828_221116,128,matched_reference,1,luma_std,0.2449614405632019
eval_obs_20260828_221116,160,observed,1,luma_std,0.26425185799598694
eval_obs_20260828_221116,160,matched_reference,1,luma_std,0.23518885672092438
eval_obs_20260828_221116,192,observed,1,luma_std,0.26367515325546265
eval_obs_20260828_221116,192,matched_reference,1,luma_std,0.23518885672092438
eval_obs_20260828_221116,224,observed,1,luma_std,0.2636116147041321
eval_obs_20260828_221116,224,matched_reference,1,luma_std,0.23518885672092438
eval_obs_20260828_221116,256,observed,1,luma_std,0.2597213387489319
eval_obs_20260828_221116,256,matched_reference,1,luma_std,0.2270478755235672
eval_obs_20260828_221116,288,observed,1,luma_std,0.25813138484954834
eval_obs_20260828_221116,288,matched_reference,1,luma_std,0.2270478755235672
eval_obs_20260828_221116,320,observed,1,luma_std,0.2543509900569916
eval_obs_20260828_221116,320,matched_reference,1,luma_std,0.2270478755235672
eval_obs_20260828_221116,352,observed,1,luma_std,0.2537037432193756
eval_obs_20260828_221116,352,matched_reference,1,luma_std,0.2270478755235672
eval_obs_20260828_221116,384,observed,1,luma_std,0.2546595335006714
eval_obs_20260828_221116,384,matched_reference,1,luma_std,0.2270478755235672
eval_obs_20260828_221116,416,observed,1,luma_std,0.2535066604614258
eval_obs_20260828_221116,416,matched_reference,1,luma_std,0.2270478755235672
eval_obs_20260828_221116,448,observed,1,luma_std,0.25371599197387695
eval_obs_20260828_221116,448,matched_reference,1,luma_std,0.2270478755235672
eval_obs_20260828_221116,480,observed,1,luma_std,0.2521224021911621
eval_obs_20260828_221116,480,matched_reference,1,luma_std,0.2270478755235672
eval_obs_20260828_221116,512,observed,1,luma_std,0.25152355432510376
eval_obs_20260828_221116,512,matched_reference,1,luma_std,0.2270478755235672
eval_obs_20260828_221116,544,observed,1,luma_std,0.2505102753639221
eval_obs_20260828_221116,544,matched_reference,1,luma_std,0.2270478755235672
eval_obs_20260828_221116,576,observed,1,luma_std,0.25034892559051514
eval_obs_20260828_221116,576,matched_reference,1,luma_std,0.2270478755235672
eval_obs_20260828_221116,608,observed,1,luma_std,0.250445157289505
eval_obs_20260828_221116,608,matched_reference,1,luma_std,0.2270478755235672
eval_obs_20260828_221116,640,observed,1,luma_std,0.2505909204483032
eval_obs_20260828_221116,640,matched_reference,1,luma_std,0.2270478755235672
eval_obs_20260828_221116,672,observed,1,luma_std,0.2502513527870178
eval_obs_20260828_221116,672,matched_reference,1,luma_std,0.2270478755235672
eval_obs_20260828_221116,704,observed,1,luma_std,0.2516195476055145
eval_obs_20260828_221116,704,matched_reference,1,luma_std,0.2270478755235672
eval_obs_20260828_221116,736,observed,1,luma_std,0.2540499269962311
eval_obs_20260828_221116,736,matched_reference,1,luma_std,0.22737301886081696
eval_obs_20260828_221116,768,observed,1,luma_std,0.2604163885116577
eval_obs_20260828_221116,768,matched_reference,1,luma_std,0.22885386645793915
eval_obs_20260828_221116,800,observed,1,luma_std,0.2639806568622589
eval_obs_20260828_221116,800,matched_reference,1,luma_std,0.22885386645793915
eval_obs_20260828_221116,832,observed,1,luma_std,0.26945364475250244
eval_obs_20260828_221116,832,matched_reference,1,luma_std,0.22885386645793915
eval_obs_20260828_221116,864,observed,1,luma_std,0.26898422837257385
eval_obs_20260828_221116,864,matched_reference,1,luma_std,0.22885386645793915
eval_obs_20260828_221116,896,observed,1,luma_std,0.2694300413131714
eval_obs_20260828_221116,896,matched_reference,1,luma_std,0.22885386645793915
eval_obs_20260828_221116,928,observed,1,luma_std,0.2706519365310669
eval_obs_20260828_221116,928,matched_reference,1,luma_std,0.22885386645793915
eval_obs_20260828_221116,960,observed,1,luma_std,0.26973214745521545
eval_obs_20260828_221116,960,matched_reference,1,luma_std,0.22885386645793915
eval_obs_20260828_221116,992,observed,1,luma_std,0.26803824305534363
eval_obs_20260828_221116,992,matched_reference,1,luma_std,0.22885386645793915
eval_obs_20260828_221116,1024,observed,1,luma_std,0.26287490129470825
eval_obs_20260828_221116,1024,matched_reference,1,luma_std,0.22885386645793915
eval_obs_20260828_221116,1056,observed,1,luma_std,0.2630397379398346
eval_obs_20260828_221116,1056,matched_reference,1,luma_std,0.22885386645793915
eval_obs_20260828_221116,1088,observed,1,luma_std,0.26354172825813293
eval_obs_20260828_221116,1088,matched_reference,1,luma_std,0.22885386645793915
eval_obs_20260828_221116,1120,observed,1,luma_std,0.26224714517593384
eval_obs_20260828_221116,1120,matched_reference,1,luma_std,0.22885386645793915
eval_obs_20260828_221116,1152,observed,1,luma_std,0.26287880539894104
eval_obs_20260828_221116,1152,matched_reference,1,luma_std,0.22885386645793915
eval_obs_20260828_221116,1184,observed,1,luma_std,0.26278430223464966
eval_obs_20260828_221116,1184,matched_reference,1,luma_std,0.22885386645793915
eval_obs_20260828_221116,0,observed,1,saturation_mean,0.4398978054523468
eval_obs_20260828_221116,0,matched_reference,1,saturation_mean,0.36728036403656006
eval_obs_20260828_221116,32,observed,1,saturation_mean,0.407784104347229
eval_obs_20260828_221116,32,matched_reference,1,saturation_mean,0.36194470524787903
eval_obs_20260828_221116,64,observed,1,saturation_mean,0.39123034477233887
eval_obs_20260828_221116,64,matched_reference,1,saturation_mean,0.35806772112846375
eval_obs_20260828_221116,96,observed,1,saturation_mean,0.3711443543434143
eval_obs_20260828_221116,96,matched_reference,1,saturation_mean,0.34918153285980225
eval_obs_20260828_221116,128,observed,1,saturation_mean,0.3621659576892853
eval_obs_20260828_221116,128,matched_reference,1,saturation_mean,0.3595653772354126
eval_obs_20260828_221116,160,observed,1,saturation_mean,0.3696244955062866
eval_obs_20260828_221116,160,matched_reference,1,saturation_mean,0.36213231086730957
eval_obs_20260828_221116,192,observed,1,saturation_mean,0.3703317940235138
eval_obs_20260828_221116,192,matched_reference,1,saturation_mean,0.36213231086730957
eval_obs_20260828_221116,224,observed,1,saturation_mean,0.3743824362754822
eval_obs_20260828_221116,224,matched_reference,1,saturation_mean,0.36213231086730957
eval_obs_20260828_221116,256,observed,1,saturation_mean,0.3789447844028473
eval_obs_20260828_221116,256,matched_reference,1,saturation_mean,0.36523187160491943
eval_obs_20260828_221116,288,observed,1,saturation_mean,0.38321614265441895
eval_obs_20260828_221116,288,matched_reference,1,saturation_mean,0.36523187160491943
eval_obs_20260828_221116,320,observed,1,saturation_mean,0.38691282272338867
eval_obs_20260828_221116,320,matched_reference,1,saturation_mean,0.36523187160491943
eval_obs_20260828_221116,352,observed,1,saturation_mean,0.38847291469573975
eval_obs_20260828_221116,352,matched_reference,1,saturation_mean,0.36523187160491943
eval_obs_20260828_221116,384,observed,1,saturation_mean,0.3916480839252472
eval_obs_20260828_221116,384,matched_reference,1,saturation_mean,0.36523187160491943
eval_obs_20260828_221116,416,observed,1,saturation_mean,0.39281588792800903
eval_obs_20260828_221116,416,matched_reference,1,saturation_mean,0.36523187160491943
eval_obs_20260828_221116,448,observed,1,saturation_mean,0.3930831551551819
eval_obs_20260828_221116,448,matched_reference,1,saturation_mean,0.36523187160491943
eval_obs_20260828_221116,480,observed,1,saturation_mean,0.3946799039840698
eval_obs_20260828_221116,480,matched_reference,1,saturation_mean,0.36523187160491943
eval_obs_20260828_221116,512,observed,1,saturation_mean,0.39547231793403625
eval_obs_20260828_221116,512,matched_reference,1,saturation_mean,0.36523187160491943
eval_obs_20260828_221116,544,observed,1,saturation_mean,0.39556628465652466
eval_obs_20260828_221116,544,matched_reference,1,saturation_mean,0.36523187160491943
eval_obs_20260828_221116,576,observed,1,saturation_mean,0.3955322206020355
eval_obs_20260828_221116,576,matched_reference,1,saturation_mean,0.36523187160491943
eval_obs_20260828_221116,608,observed,1,saturation_mean,0.39563876390457153
eval_obs_20260828_221116,608,matched_reference,1,saturation_mean,0.36523187160491943
eval_obs_20260828_221116,640,observed,1,saturation_mean,0.39424681663513184
eval_obs_20260828_221116,640,matched_reference,1,saturation_mean,0.36523187160491943
eval_obs_20260828_221116,672,observed,1,saturation_mean,0.3938995599746704
eval_obs_20260828_221116,672,matched_reference,1,saturation_mean,0.36523187160491943
eval_obs_20260828_221116,704,observed,1,saturation_mean,0.39165449142456055
eval_obs_20260828_221116,704,matched_reference,1,saturation_mean,0.36523187160491943
eval_obs_20260828_221116,736,observed,1,saturation_mean,0.39230337738990784
eval_obs_20260828_221116,736,matched_reference,1,saturation_mean,0.36651191115379333
eval_obs_20260828_221116,768,observed,1,saturation_mean,0.3931872844696045
eval_obs_20260828_221116,768,matched_reference,1,saturation_mean,0.370022177696228
eval_obs_20260828_221116,800,observed,1,saturation_mean,0.3941458463668823
eval_obs_20260828_221116,800,matched_reference,1,saturation_mean,0.370022177696228
eval_obs_20260828_221116,832,observed,1,saturation_mean,0.38005855679512024
eval_obs_20260828_221116,832,matched_reference,1,saturation_mean,0.370022177696228
eval_obs_20260828_221116,864,observed,1,saturation_mean,0.3810572326183319
eval_obs_20260828_221116,864,matched_reference,1,saturation_mean,0.370022177696228
eval_obs_20260828_221116,896,observed,1,saturation_mean,0.39403676986694336
eval_obs_20260828_221116,896,matched_reference,1,saturation_mean,0.370022177696228
eval_obs_20260828_221116,928,observed,1,saturation_mean,0.4098392128944397
eval_obs_20260828_221116,928,matched_reference,1,saturation_mean,0.370022177696228
eval_obs_20260828_221116,960,observed,1,saturation_mean,0.4157709777355194
eval_obs_20260828_221116,960,matched_reference,1,saturation_mean,0.370022177696228
eval_obs_20260828_221116,992,observed,1,saturation_mean,0.4178168773651123
eval_obs_20260828_221116,992,matched_reference,1,saturation_mean,0.370022177696228
eval_obs_20260828_221116,1024,observed,1,saturation_mean,0.40636497735977173
eval_obs_20260828_221116,1024,matched_reference,1,saturation_mean,0.370022177696228
eval_obs_20260828_221116,1056,observed,1,saturation_mean,0.4138832092285156
eval_obs_20260828_221116,1056,matched_reference,1,saturation_mean,0.370022177696228
eval_obs_20260828_221116,1088,observed,1,saturation_mean,0.4253925085067749
eval_obs_20260828_221116,1088,matched_reference,1,saturation_mean,0.370022177696228
eval_obs_20260828_221116,1120,observed,1,saturation_mean,0.4294716715812683
eval_obs_20260828_221116,1120,matched_reference,1,saturation_mean,0.370022177696228
eval_obs_20260828_221116,1152,observed,1,saturation_mean,0.43097126483917236
eval_obs_20260828_221116,1152,matched_reference,1,saturation_mean,0.370022177696228
eval_obs_20260828_221116,1184,observed,1,saturation_mean,0.42586347460746765
eval_obs_20260828_221116,1184,matched_reference,1,saturation_mean,0.370022177696228
eval_obs_20260828_221116,0,observed,1,laplacian_variance,996.9358653458195
eval_obs_20260828_221116,0,matched_reference,1,laplacian_variance,1099.5490011666427
eval_obs_20260828_221116,32,observed,1,laplacian_variance,877.1525721770435
eval_obs_20260828_221116,32,matched_reference,1,laplacian_variance,1080.470180414161
eval_obs_20260828_221116,64,observed,1,laplacian_variance,798.5456996502256
eval_obs_20260828_221116,64,matched_reference,1,laplacian_variance,960.7794654080392
eval_obs_20260828_221116,96,observed,1,laplacian_variance,723.0626597883106
eval_obs_20260828_221116,96,matched_reference,1,laplacian_variance,924.7341089324125
eval_obs_20260828_221116,128,observed,1,laplacian_variance,778.0200810859423
eval_obs_20260828_221116,128,matched_reference,1,laplacian_variance,1164.7577644532446
eval_obs_20260828_221116,160,observed,1,laplacian_variance,824.0514804879014
eval_obs_20260828_221116,160,matched_reference,1,laplacian_variance,1086.4819031508453
eval_obs_20260828_221116,192,observed,1,laplacian_variance,875.845587535383
eval_obs_20260828_221116,192,matched_reference,1,laplacian_variance,1086.4819031508453
eval_obs_20260828_221116,224,observed,1,laplacian_variance,883.4739945267498
eval_obs_20260828_221116,224,matched_reference,1,laplacian_variance,1086.4819031508453
eval_obs_20260828_221116,256,observed,1,laplacian_variance,844.2907769557885
eval_obs_20260828_221116,256,matched_reference,1,laplacian_variance,1080.3541911028665
eval_obs_20260828_221116,288,observed,1,laplacian_variance,877.5751233210121
eval_obs_20260828_221116,288,matched_reference,1,laplacian_variance,1080.3541911028665
eval_obs_20260828_221116,320,observed,1,laplacian_variance,867.755815085745
eval_obs_20260828_221116,320,matched_reference,1,laplacian_variance,1080.3541911028665
eval_obs_20260828_221116,352,observed,1,laplacian_variance,890.6152746823369
eval_obs_20260828_221116,352,matched_reference,1,laplacian_variance,1080.3541911028665
eval_obs_20260828_221116,384,observed,1,laplacian_variance,921.9111742721105
eval_obs_20260828_221116,384,matched_reference,1,laplacian_variance,1080.3541911028665
eval_obs_20260828_221116,416,observed,1,laplacian_variance,903.7011699744038
eval_obs_20260828_221116,416,matched_reference,1,laplacian_variance,1080.3541911028665
eval_obs_20260828_221116,448,observed,1,laplacian_variance,914.6491336175077
eval_obs_20260828_221116,448,matched_reference,1,laplacian_variance,1080.3541911028665
eval_obs_20260828_221116,480,observed,1,laplacian_variance,914.8819396985368
eval_obs_20260828_221116,480,matched_reference,1,laplacian_variance,1080.3541911028665
eval_obs_20260828_221116,512,observed,1,laplacian_variance,896.0834392399056
eval_obs_20260828_221116,512,matched_reference,1,laplacian_variance,1080.3541911028665
eval_obs_20260828_221116,544,observed,1,laplacian_variance,883.3368975322776
eval_obs_20260828_221116,544,matched_reference,1,laplacian_variance,1080.3541911028665
eval_obs_20260828_221116,576,observed,1,laplacian_variance,886.0485510641412
eval_obs_20260828_221116,576,matched_reference,1,laplacian_variance,1080.3541911028665
eval_obs_20260828_221116,608,observed,1,laplacian_variance,887.981882119566
eval_obs_20260828_221116,608,matched_reference,1,laplacian_variance,1080.3541911028665
eval_obs_20260828_221116,640,observed,1,laplacian_variance,879.3688438122397
eval_obs_20260828_221116,640,matched_reference,1,laplacian_variance,1080.3541911028665
eval_obs_20260828_221116,672,observed,1,laplacian_variance,881.1840456732608
eval_obs_20260828_221116,672,matched_reference,1,laplacian_variance,1080.3541911028665
eval_obs_20260828_221116,704,observed,1,laplacian_variance,872.1755853892862
eval_obs_20260828_221116,704,matched_reference,1,laplacian_variance,1080.3541911028665
eval_obs_20260828_221116,736,observed,1,laplacian_variance,904.8925980294263
eval_obs_20260828_221116,736,matched_reference,1,laplacian_variance,1070.0792586176854
eval_obs_20260828_221116,768,observed,1,laplacian_variance,931.5578026936381
eval_obs_20260828_221116,768,matched_reference,1,laplacian_variance,945.1753767300328
eval_obs_20260828_221116,800,observed,1,laplacian_variance,961.2938785942233
eval_obs_20260828_221116,800,matched_reference,1,laplacian_variance,945.1753767300328
eval_obs_20260828_221116,832,observed,1,laplacian_variance,942.1184878827928
eval_obs_20260828_221116,832,matched_reference,1,laplacian_variance,945.1753767300328
eval_obs_20260828_221116,864,observed,1,laplacian_variance,895.3389397632674
eval_obs_20260828_221116,864,matched_reference,1,laplacian_variance,945.1753767300328
eval_obs_20260828_221116,896,observed,1,laplacian_variance,885.1134890926128
eval_obs_20260828_221116,896,matched_reference,1,laplacian_variance,945.1753767300328
eval_obs_20260828_221116,928,observed,1,laplacian_variance,939.5476692129005
eval_obs_20260828_221116,928,matched_reference,1,laplacian_variance,945.1753767300328
eval_obs_20260828_221116,960,observed,1,laplacian_variance,887.1826161098996
eval_obs_20260828_221116,960,matched_reference,1,laplacian_variance,945.1753767300328
eval_obs_20260828_221116,992,observed,1,laplacian_variance,885.9835634620821
eval_obs_20260828_221116,992,matched_reference,1,laplacian_variance,945.1753767300328
eval_obs_20260828_221116,1024,observed,1,laplacian_variance,758.5771853928761
eval_obs_20260828_221116,1024,matched_reference,1,laplacian_variance,945.1753767300328
eval_obs_20260828_221116,1056,observed,1,laplacian_variance,775.7212143830088
eval_obs_20260828_221116,1056,matched_reference,1,laplacian_variance,945.1753767300328
eval_obs_20260828_221116,1088,observed,1,laplacian_variance,808.984979032924
eval_obs_20260828_221116,1088,matched_reference,1,laplacian_variance,945.1753767300328
eval_obs_20260828_221116,1120,observed,1,laplacian_variance,815.8210590542084
eval_obs_20260828_221116,1120,matched_reference,1,laplacian_variance,945.1753767300328
eval_obs_20260828_221116,1152,observed,1,laplacian_variance,848.0708517589355
eval_obs_20260828_221116,1152,matched_reference,1,laplacian_variance,945.1753767300328
eval_obs_20260828_221116,1184,observed,1,laplacian_variance,844.9750683445676
eval_obs_20260828_221116,1184,matched_reference,1,laplacian_variance,945.1753767300328
eval_obs_20260828_221116,0,observed,1,edge_density,0.0791015625
eval_obs_20260828_221116,0,matched_reference,1,edge_density,0.07824457908163265
eval_obs_20260828_221116,32,observed,1,edge_density,0.07336176658163265
eval_obs_20260828_221116,32,matched_reference,1,edge_density,0.07952008928571429
eval_obs_20260828_221116,64,observed,1,edge_density,0.0692562181122449
eval_obs_20260828_221116,64,matched_reference,1,edge_density,0.07547433035714286
eval_obs_20260828_221116,96,observed,1,edge_density,0.06369579081632654
eval_obs_20260828_221116,96,matched_reference,1,edge_density,0.07236527423469388
eval_obs_20260828_221116,128,observed,1,edge_density,0.07130899234693877
eval_obs_20260828_221116,128,matched_reference,1,edge_density,0.08019770408163265
eval_obs_20260828_221116,160,observed,1,edge_density,0.0733219068877551
eval_obs_20260828_221116,160,matched_reference,1,edge_density,0.07792570153061225
eval_obs_20260828_221116,192,observed,1,edge_density,0.0752750318877551
eval_obs_20260828_221116,192,matched_reference,1,edge_density,0.07792570153061225
eval_obs_20260828_221116,224,observed,1,edge_density,0.0772281568877551
eval_obs_20260828_221116,224,matched_reference,1,edge_density,0.07792570153061225
eval_obs_20260828_221116,256,observed,1,edge_density,0.07401945153061225
eval_obs_20260828_221116,256,matched_reference,1,edge_density,0.07346141581632654
eval_obs_20260828_221116,288,observed,1,edge_density,0.07439811862244898
eval_obs_20260828_221116,288,matched_reference,1,edge_density,0.07346141581632654
eval_obs_20260828_221116,320,observed,1,edge_density,0.07358099489795919
eval_obs_20260828_221116,320,matched_reference,1,edge_density,0.07346141581632654
eval_obs_20260828_221116,352,observed,1,edge_density,0.07401945153061225
eval_obs_20260828_221116,352,matched_reference,1,edge_density,0.07346141581632654
eval_obs_20260828_221116,384,observed,1,edge_density,0.0751155931122449
eval_obs_20260828_221116,384,matched_reference,1,edge_density,0.07346141581632654
eval_obs_20260828_221116,416,observed,1,edge_density,0.07631138392857142
eval_obs_20260828_221116,416,matched_reference,1,edge_density,0.07346141581632654
eval_obs_20260828_221116,448,observed,1,edge_density,0.07581313775510204
eval_obs_20260828_221116,448,matched_reference,1,edge_density,0.07346141581632654
eval_obs_20260828_221116,480,observed,1,edge_density,0.07716836734693877
eval_obs_20260828_221116,480,matched_reference,1,edge_density,0.07346141581632654
eval_obs_20260828_221116,512,observed,1,edge_density,0.07653061224489796
eval_obs_20260828_221116,512,matched_reference,1,edge_density,0.07346141581632654
eval_obs_20260828_221116,544,observed,1,edge_density,0.0755141900510204
eval_obs_20260828_221116,544,matched_reference,1,edge_density,0.07346141581632654
eval_obs_20260828_221116,576,observed,1,edge_density,0.07684948979591837
eval_obs_20260828_221116,576,matched_reference,1,edge_density,0.07346141581632654
eval_obs_20260828_221116,608,observed,1,edge_density,0.07473692602040816
eval_obs_20260828_221116,608,matched_reference,1,edge_density,0.07346141581632654
eval_obs_20260828_221116,640,observed,1,edge_density,0.07515545280612244
eval_obs_20260828_221116,640,matched_reference,1,edge_density,0.07346141581632654
eval_obs_20260828_221116,672,observed,1,edge_density,0.07459741709183673
eval_obs_20260828_221116,672,matched_reference,1,edge_density,0.07346141581632654
eval_obs_20260828_221116,704,observed,1,edge_density,0.07485650510204081
eval_obs_20260828_221116,704,matched_reference,1,edge_density,0.07346141581632654
eval_obs_20260828_221116,736,observed,1,edge_density,0.07549426020408163
eval_obs_20260828_221116,736,matched_reference,1,edge_density,0.07483657525510204
eval_obs_20260828_221116,768,observed,1,edge_density,0.0774673150510204
eval_obs_20260828_221116,768,matched_reference,1,edge_density,0.07633131377551021
eval_obs_20260828_221116,800,observed,1,edge_density,0.07906170280612244
eval_obs_20260828_221116,800,matched_reference,1,edge_density,0.07633131377551021
eval_obs_20260828_221116,832,observed,1,edge_density,0.07690927933673469
eval_obs_20260828_221116,832,matched_reference,1,edge_density,0.07633131377551021
eval_obs_20260828_221116,864,observed,1,edge_density,0.07475685586734694
eval_obs_20260828_221116,864,matched_reference,1,edge_density,0.07633131377551021
eval_obs_20260828_221116,896,observed,1,edge_density,0.07457748724489796
eval_obs_20260828_221116,896,matched_reference,1,edge_density,0.07633131377551021
eval_obs_20260828_221116,928,observed,1,edge_density,0.07146843112244898
eval_obs_20260828_221116,928,matched_reference,1,edge_density,0.07633131377551021
eval_obs_20260828_221116,960,observed,1,edge_density,0.06861846301020408
eval_obs_20260828_221116,960,matched_reference,1,edge_density,0.07633131377551021
eval_obs_20260828_221116,992,observed,1,edge_density,0.06678491709183673
eval_obs_20260828_221116,992,matched_reference,1,edge_density,0.07633131377551021
eval_obs_20260828_221116,1024,observed,1,edge_density,0.06273915816326531
eval_obs_20260828_221116,1024,matched_reference,1,edge_density,0.07633131377551021
eval_obs_20260828_221116,1056,observed,1,edge_density,0.06399473852040816
eval_obs_20260828_221116,1056,matched_reference,1,edge_density,0.07633131377551021
eval_obs_20260828_221116,1088,observed,1,edge_density,0.06600765306122448
eval_obs_20260828_221116,1088,matched_reference,1,edge_density,0.07633131377551021
eval_obs_20260828_221116,1120,observed,1,edge_density,0.06798070790816327
eval_obs_20260828_221116,1120,matched_reference,1,edge_density,0.07633131377551021
eval_obs_20260828_221116,1152,observed,1,edge_density,0.06818000637755102
eval_obs_20260828_221116,1152,matched_reference,1,edge_density,0.07633131377551021
eval_obs_20260828_221116,1184,observed,1,edge_density,0.06881776147959184
eval_obs_20260828_221116,1184,matched_reference,1,edge_density,0.07633131377551021
